vaccine	0.6282738103918721	144.5
advisors	0.19861242362194945	2.5
mystics	0.6809772449592231	22.5
leavenworth	0.7251757877094751	16.5
non	0.732262709569669	1347.5
friendliest	0.8914674975339163	5.0
dreyer	0.22988701700623715	3.0
monsieur	0.6208833088401968	200.0
brooklyn	0.7112107031324884	823.0
ingredient	0.6682373156505752	262.5
manichean	0.8349649870733271	3.0
priesthood	0.6324841131288407	64.0
keat	0.7843798910943864	115.5
greatgrandfather	0.743928842209256	13.5
contai	0.8939054729846372	5.5
austral	0.17830475793042527	3.5
pact	0.6713574193347304	325.0
bicep	0.6794932357300777	6.5
start	0.7387553117559813	10942.5
uncles	0.17880289193583837	2.5
premium	0.6799677405730902	191.0
cocker	0.7469479443972138	10.5
pullet	0.7265375506971368	14.5
conceptually	0.7519539469519811	11.5
dexterously	0.2549631675997028	3.0
solicitously	0.702564407820911	22.5
fyodor	0.17349649950677626	3.0
alienate	0.7065842520752471	125.5
hazel	0.7617604732595836	122.0
ymca	0.6946753215585223	24.5
quilt	0.6848861369560246	140.5
cotillion	0.8378077823200265	41.5
reynolds	0.7288709803665789	146.0
fainter	0.7261621534344762	31.5
hayworth	0.6451905644458753	15.0
herd	0.7158104421526108	537.5
expeditious	0.7803040520910485	6.0
reverse	0.7545817049853248	823.0
trailer	0.682473204471941	276.0
authorizing	0.732443433421717	10.0
sssh	0.688564929578163	7.5
behaviorist	0.1791736557889191	13.0
indoor	0.7405873186857981	142.0
legality	0.6820714035176828	94.5
puddle	0.6659756118576406	116.5
outflow	0.6809567671155179	41.0
ze	0.7535683438429986	31.0
ics	0.767171736407487	5.0
thump	0.6967198728452169	248.5
rewrote	0.68259784748146	13.0
watchword	0.7070340104722247	11.0
reco	0.15911061934366488	2.5
agriculture	0.7101613788173026	647.5
assist	0.7218794832624522	493.0
follette	0.7450132270225817	6.0
formalism	0.7279467916143223	8.0
kent	0.8071187718862929	270.5
superficially	0.7826160285987237	48.0
inflexible	0.7499806687241308	63.5
dirksen	0.7448346721728796	190.0
nitrogen	0.6349192468946783	205.0
slogan	0.6443725555774014	257.5
grandstand	0.7092123743676985	64.5
spillane	0.2458567160443708	4.5
hooch	0.7513367646846562	8.5
notify	0.6758049043010278	230.5
elephant	0.683967676843748	437.5
platoon	0.6758707092330349	325.5
shirtsleeve	0.8040404879073852	7.5
precocity	0.7502540456783867	10.5
monday	0.671861528923394	1095.5
lute	0.7458255529849454	129.0
seasonally	0.7359116424081643	24.5
cusse	0.7705346114918521	16.5
mylar	0.782299562299868	4.5
deployment	0.6471094323232041	90.5
sampler	0.8530788816738463	13.5
secondly	0.6911429373909195	125.0
week	0.7154954350525458	13119.5
winnow	0.8187793397753151	16.5
susan	0.7159106519106776	775.5
allah	0.6473543958179946	66.5
ducat	0.7861434307836078	12.5
galahad	0.7810649520203008	6.5
proudest	0.22433577707216004	3.5
israeli	0.6946794280340423	1603.5
ventriloquist	0.6848335270035835	11.5
calif	0.6042883889925927	340.0
boast	0.7187865183065456	380.0
premiere	0.6136374616198931	75.0
urdu	0.7166609926646165	5.5
galvanic	0.8223153556202778	17.0
inhibition	0.6970741915397224	67.0
photographer	0.6783861295505421	506.0
morphology	0.6774873492161226	20.5
brendan	0.7310411018578947	15.5
candi	0.7664105538631993	10.5
unaffiliate	0.7942026732760175	5.0
touch	0.7410601530249312	4432.0
lear	0.7706070694241158	129.0
comparison	0.6710855906220046	529.5
abat	0.6855160207250351	40.0
rudi	0.7439946170566578	36.0
treasure	0.6839932426488446	466.5
aglitter	0.8131925358064365	4.0
sensuous	0.7235914279707645	61.5
averted	0.7174302438362543	10.5
income	0.675806214315491	2543.5
juncture	0.6674966087060348	74.5
become	0.7152593331072279	13831.0
bachelor	0.7117732537266475	203.0
bouvy	0.7539991064616471	4.0
testament	0.6408370663124362	156.0
container	0.6768241873395147	288.5
tinsel	0.722390518084041	27.5
crop	0.6833964845018301	1072.5
leathery	0.7291196111673095	38.0
memphe	0.7744037781867352	5.5
obelisk	0.6943060810477895	16.5
montparnasse	0.6728938400465548	10.0
boomerang	0.8258257035557836	13.5
endorse	0.6753473479693066	415.5
recover	0.6976564740779081	779.5
rankle	0.7479498106100065	12.0
seat	0.6860541706164873	3463.0
tully	0.7839806187560177	22.5
nugget	0.7257742681945379	32.0
craving	0.6605299894889403	23.5
linguine	0.1511994826567235	4.0
peaceable	0.7994405825330855	45.0
specifics	0.7032805674467277	48.0
katharine	0.6819259247917521	63.5
someday	0.7117372061773124	352.0
funnel	0.7869130513224498	94.0
assimilat	0.7117734924559341	11.5
exploite	0.19076134983278079	4.0
macauley	0.8303387368796571	7.0
confucian	0.7053094471104718	39.0
lame	0.7584706389794038	95.0
orchard	0.6364624862012612	161.0
amicus	0.75637625080407	7.0
astral	0.7496361773724597	11.0
renard	0.7330784051683852	7.0
mizzen	0.8501607939330611	11.5
ambitious	0.7306499567428683	356.0
cynicism	0.6614990180851849	100.0
solution	0.6635273779111271	1473.5
bluff	0.7001260475104193	270.0
cunard	0.8012473850605335	23.0
orientation	0.7091943233736069	148.0
loaf	0.7003889348977332	133.5
sensitivity	0.6983520577272194	161.5
tablecloth	0.6144556016589257	89.0
rangeland	0.7555261031927738	23.5
banner	0.6432470449217129	294.0
furlong	0.8184747349965813	58.5
january	0.6965011656353818	1082.5
sleazy	0.7547132780192632	41.0
compact	0.7688760091180902	279.0
blossom	0.7167194543163549	251.5
contact	0.7010549908378466	1459.5
waterside	0.7759070330102512	10.5
trend	0.6579209049799032	788.5
placing	0.73666943976443	36.0
heidelberg	0.7470738030066401	16.5
detroit	0.7397269303098731	736.0
gantlet	0.7347419832796248	10.0
acknowledged	0.7094515457316375	42.5
stroke	0.6881069495656038	613.0
brad	0.7748636366436898	52.5
chan	0.742736855840513	85.0
drawn	0.7603664331619477	128.5
northeast	0.718316128710279	240.0
curve	0.7450316012543556	1212.5
husky	0.7480171958783022	152.5
cartload	0.22085110389822307	3.0
honest	0.7490754812016548	1223.0
architecture	0.6782328476375992	379.5
flotation	0.18802707749319497	6.0
waitress	0.6475564094975224	245.0
reconstruct	0.7044656634417511	95.5
dogs	0.6621321700294586	48.5
ganglium	0.737439199522914	11.0
reinvigorate	0.8219726466825873	7.5
cesium	0.1714652726300265	5.0
rubble	0.6515170797687062	97.0
paddling	0.763789116288474	4.0
willy	0.708578342195467	240.0
credit	0.7145883059024492	1668.0
meeting	0.6460952672107276	968.5
kodachrome	0.8207906444565731	5.5
elude	0.6959577330400522	131.5
twisting	0.7449557925610445	42.5
strangle	0.7227451498840705	150.5
jun	0.8842733638467646	3.0
riderless	0.6880983271431301	7.5
gaiter	0.7005458313205737	7.5
hysterical	0.7280209724901262	218.5
munching	0.7526304061104124	4.5
retraction	0.6841009493612463	15.5
prentiss	0.8712235300489175	5.5
guarantee	0.7100569246274063	943.5
rar	0.7876572028817093	17.0
hilda	0.7535246681502844	41.0
sabotage	0.6851266113751044	156.5
susceptible	0.6728567789983051	134.0
otherness	0.7407545279596186	9.0
optimist	0.6654964825696121	42.0
housewife	0.6801671221215237	208.5
purposefully	0.7457201258456806	36.5
residence	0.6711172866851772	387.5
athlete	0.6685463509259257	302.0
one	0.7963206767173707	77219.5
tailpipe	0.7629534912836826	4.0
littunle	0.684975084812883	418.0
holder	0.7086582452039232	234.0
incompletely	0.8285686608959364	10.0
dusseldorf	0.7571763357860629	10.5
infernal	0.7541579074464373	32.0
rearrange	0.7270784446711905	100.0
communally	0.8502309187079098	6.0
lieder	0.7213852958660734	11.0
pill	0.661590426090802	605.0
palace	0.654239351629439	866.5
revere	0.7901495765759197	68.0
humanoid	0.7243987764899308	31.5
sluggishness	0.6861156235645492	11.0
piecrust	0.22222701291531494	3.0
pussy	0.7288778456955091	197.0
rep	0.6230302329485893	431.5
motor	0.6910629102728455	1178.0
aspire	0.648560582150105	98.5
bedspread	0.6438294430472803	65.0
communicative	0.7956680555080566	13.5
undergrad	0.24325003791769761	4.0
link	0.744286037238102	1088.0
mi	0.7065214714537261	135.0
deposit	0.7382436391036858	633.0
directive	0.6676919366677071	134.5
cigarettes	0.645455559479104	7.0
juneau	0.7625146623258168	11.0
percentile	0.20398345845929172	1.5
drab	0.7476837010295816	120.0
impractical	0.7147287802308491	66.0
along	0.7295866699796656	8160.0
ethnographer	0.6814797653070543	5.0
lindstrom	0.8167369314453671	4.5
pounds	0.7906116492756948	4.5
southerly	0.7409729973794044	12.5
mononucleosis	0.6516807272899031	6.0
disgracefully	0.8761118660667309	5.5
erodes	0.2247547504659456	4.0
node	0.7059753690925312	33.0
defilement	0.7541916628090068	20.5
harmonic	0.6850796706838902	25.5
lippy	0.2327182179922492	2.5
voluptuary	0.21591400842798686	3.5
lilian	0.7988783424775098	4.5
shooting	0.6605757195796904	41.0
thu	0.7438890504744506	7.0
hugh	0.7398806885843611	947.5
battling	0.18993898985657245	4.5
stifled	0.7560095169813664	10.5
lyin	0.6983308017240909	19.5
hypochondriac	0.6773180912360104	11.0
wrath	0.6676036189600566	160.0
premix	0.16222204061898352	2.5
wayward	0.7694113438330128	44.0
atrocity	0.6406566042421082	68.0
turbaned	0.7179544364165178	4.5
wallpaper	0.6596416434802395	108.0
fruight	0.7295868191749866	17.5
sousa	1.0132014455057752	6.5
awkward	0.766283624548248	516.5
obligation	0.6477509458837696	590.5
imbibe	0.764782723458789	7.5
fig	0.625492258874114	686.0
fuch	0.25276875039093155	3.5
purgatory	0.6930175157659167	29.0
foremost	0.7198919490871283	85.5
appropriation	0.6549817858856507	391.5
atom	0.6511471907678256	199.5
sponsors	0.14172066148783657	5.0
acquiescence	0.6647560117649433	39.5
frankfort	0.791911353736174	13.5
fiftee	0.7445884647196586	37.0
pensione	0.6996104797864401	8.0
riverway	0.7857690676230357	3.0
stanch	0.8683537389660916	25.0
wilkerson	0.7726052968680517	12.5
moray	0.7924126577394962	13.5
blocker	0.7187053458690458	16.5
unzip	0.6838602878766744	30.0
coat	0.6702565269654418	2003.5
var	0.7650213686563	28.0
padd	0.7692053968738992	55.0
tf	0.7882152534998914	12.0
acre	0.6428356646947021	1008.5
signal	0.7122572846491138	1205.5
stagehand	0.7222838077800209	20.0
gonad	0.662658647508981	11.5
universally	0.9041175808279133	3.0
upward	0.714479076661226	642.5
anaheim	0.7504320206006795	26.5
barrow	0.786488412922077	115.0
boll	0.7305010217526349	43.5
pil	0.7065867269446663	126.5
xylophone	0.7439090445066229	8.0
cowles	0.9746787817289873	5.5
kelvin	0.7845986508814333	6.5
tailor	0.712485911832694	157.0
tyndall	0.2110115015050157	2.0
derailed	0.8812118939968417	4.5
delivery	0.7036395952428243	566.5
appurtenance	0.712900944224631	10.5
detention	0.6788160469626325	116.5
discoloration	0.6994377706875707	12.0
oo	0.7654546807459317	106.0
contrast	0.691816969450264	994.0
hemorrhage	0.6561116921848835	57.5
neurosurgeon	0.6855311237080972	18.5
encampment	0.6788719419645723	42.0
submariner	0.17092003916870932	4.0
billingsley	0.8392456756856925	4.0
dunlap	0.7832431066689137	44.5
brazil	0.7146869959756524	300.0
trumpeter	0.6938756655554291	34.0
sycophant	0.697109521152264	14.5
ancient	0.7096735628526468	1257.0
selle	0.7194466302011865	74.0
shipyard	0.6861587935900048	58.5
lunche	0.67486002103335	37.0
metaphysical	0.7171736936096463	97.0
tack	0.7598913911901855	287.5
despay	0.6810372093785597	8.0
mackay	0.9213777185244019	9.0
splendor	0.6717389307334548	117.0
tailore	0.7105980737272068	114.0
cathode	0.6140920480650363	33.5
emu	0.2162242121964933	5.0
falle	0.6983690053363157	123.0
husbands	0.694542016817242	10.0
mistah	0.6750157220436602	4.5
stabilizing	0.8109092045151116	6.5
stillborn	0.8361796996552966	9.0
probley	0.6467114484087648	144.0
stricture	0.6934761584170187	39.0
tait	0.27809891492877864	3.0
independently	0.7434793538606421	134.5
madness	0.6688709920487722	244.5
dewar	0.879430073786382	12.0
structure	0.7097096367020357	2219.5
tho	0.7279586456770153	578.5
griswold	0.7389745181815641	49.0
organize	0.7318132075388677	1604.0
homey	0.7587955792270159	30.0
rearview	0.5940463505759517	35.0
forecastle	0.6955073020206424	28.0
derivation	0.6676662795296916	34.0
ballistics	0.7226702485817511	16.0
conclude	0.6474464005424043	561.0
shelle	0.896034895026377	9.0
arena	0.6931138494364213	241.0
masquerade	0.7534704803127933	31.0
pluto	0.6624817134195751	25.5
lane	0.6835086445464896	568.0
patricia	0.6858009565586298	118.5
balmoral	0.7601190012412035	7.0
promiscuity	0.6610580898238433	24.5
combine	0.744980987360325	281.0
equity	0.6947844310628035	111.5
bell	0.6850886487607444	1446.5
slouch	0.7103704902939874	109.5
glasswork	0.8186237144027682	4.0
temporary	0.7620374625961694	622.5
hopalong	0.27938649074104704	5.0
angularity	0.764344842882533	3.5
whisky	0.6660099188710525	203.0
fourteenth	0.7157033843574583	70.5
nanking	0.13864624568848943	6.0
quigley	0.8398296018785667	15.0
develops	0.7383624641796518	20.5
trimmed	0.6775334099416479	19.0
overseas	0.7753690303762413	50.5
general	0.7560896811229798	9926.0
nasty	0.7316581393125487	270.0
fleming	0.7456367424310113	52.5
easiness	0.732831789251821	5.0
alexei	0.7239314676473293	45.5
porky	0.7479069551765534	11.5
vellum	0.7063036636563357	9.5
ball	0.6814901637264924	2217.5
exhibitionist	0.6912155276020233	20.0
treason	0.6344910370784692	121.0
debase	0.7716387028244239	48.5
hierarchy	0.6854379539854265	177.0
malt	0.7632078373454192	32.0
plane	0.6786105784481675	3053.5
klieg	0.7692456887105621	7.0
alla	0.7758522619951	8.5
chronicle	0.7041633317438153	172.5
mony	0.7248664888046901	59.5
metabolic	0.6696279764611563	47.5
disk	0.6973689381549052	133.0
chick	0.7089054636605869	270.5
fictional	0.7253905609496156	76.0
britain	0.6954835240186545	1968.5
infinitely	0.7079990655319633	171.0
delimit	0.7908778186996888	9.0
humanistic	0.7146800452162256	42.0
underclass	0.6842295543629612	7.0
convict	0.6757918024187559	567.0
grayness	0.6824970094965641	17.0
pusan	0.7714061566768159	6.5
scripture	0.6430631445973916	182.5
occupancy	0.6871689854648511	62.0
judiciously	0.7624121135814269	28.5
hennessey	0.7870128485741059	33.0
humanitarianism	0.7086675987258646	9.0
haganah	0.7715054385408121	10.5
grossness	0.7234811445047202	12.5
cemeteries	0.7101409332230756	14.0
secrete	0.7611361242594964	25.0
deliberation	0.6693225098584836	128.0
kith	0.8661344610526416	7.0
harsher	0.7597383517241968	38.5
medley	0.7195954022270097	47.5
unesco	0.7655489796967003	35.0
sticker	0.6753089669576091	99.0
heate	0.7783620766589248	373.5
rack	0.7170470876237826	303.0
underpass	0.7019319856902567	8.5
misinform	0.6639927851413272	22.0
bag	0.6528426604625028	1919.0
dining	0.6245201263383516	573.5
fairly	0.7413899350913418	191.5
galena	0.7869518708333165	12.0
allocation	0.6847513129554991	147.0
economically	0.7166353444052806	251.5
gender	0.712256764629545	35.5
fiery	0.7537751793252689	161.5
bopper	0.7163383511200017	13.0
toy	0.7194379386723851	599.0
angstrom	0.7582910422640515	4.0
regionally	0.2554947170288086	4.0
soloe	0.1582218249721102	2.5
cause	0.7385128357029808	4719.5
lantern	0.6571524530941809	248.5
stab	0.7248599415034863	319.0
holmes	0.7005768362878202	120.5
unpleasant	0.7423399568433582	325.0
reportedly	0.8968931797504869	6.5
sour	0.7215561175356886	224.0
deep	0.748052429152885	4800.5
bedd	0.727769644444777	51.0
fatty	0.6828231249479264	97.0
man	0.7222995459228667	49958.5
poconos	0.6851694114358624	3.0
premeditate	0.7453600682813509	24.5
goldman	0.7623433253870269	267.0
recognized	0.7881024115022353	5.5
universal	0.7563662951056531	618.0
cai	0.677377583407957	32.5
reptilian	0.7921432212168801	35.5
laughter	0.6322278296378191	1083.5
bullfighter	0.6970111845150766	31.0
queer	0.7431358206484092	268.5
demarcate	0.8598017093119308	5.0
override	0.7555674895071126	160.0
relapse	0.7266437021447314	36.5
godiva	0.1445352776708557	3.5
gase	0.6322260781390926	144.5
macalester	0.19758925784842585	5.0
infection	0.6152227718367234	249.5
begrim	0.2855852818059178	5.0
censor	0.710500529850796	123.0
constan	0.8167801414039788	31.5
petersen	0.7769428551721417	34.0
sore	0.7125743037179589	460.0
uninspired	0.8351529183404273	9.5
discolor	0.7692781325737421	5.5
riser	0.6931213622591431	20.5
encumber	0.778517483743154	30.0
frankly	0.7253704578341209	369.5
ramrod	0.7561415361701733	35.5
visitor	0.6803429154671428	1059.0
rigged	0.8422969163071201	5.0
universality	0.6766686558761946	35.0
hazily	0.8949309961074822	6.5
berra	0.650550132273692	8.5
givenchy	0.8057682738729165	9.5
strategy	0.6822774011038408	782.5
imelda	0.15505870889533607	17.0
beame	0.752549114854697	254.0
unconfirm	0.16766603031014873	5.5
disbelievingly	0.8104250042581462	4.0
archetypical	0.7717690913179105	6.0
ripley	0.7535235239309527	36.0
sullenness	0.6857785259070227	6.5
patterson	0.7469619439188525	95.5
detente	0.6689722847438424	86.5
attack	0.6966984813704467	3607.5
falconry	0.17945282093507842	2.5
norm	0.7553619115379342	263.0
commerce	0.7082910148302308	624.5
gracefulness	0.17163867078915865	2.5
traditionally	0.7727845586058316	269.5
potentate	0.7127667728731013	25.0
redundant	0.7552043091230198	22.0
insulate	0.7434898771879367	93.0
perceptive	0.7478240960120186	90.0
sympathetic	0.7499533247146104	386.0
se	0.6859658755011204	1053.5
fete	0.7532626192401014	15.5
municipal	0.7104333132235475	419.5
bach	0.7061924545995233	181.0
birch	0.7301424872666811	271.0
nonfatal	0.7082095836456206	3.5
legionnaire	0.7297106353864107	31.0
rutger	0.7172088429748469	42.5
profile	0.7077181748005625	270.5
ron	0.7060942558090745	183.0
lovely	0.7293962084904678	927.5
finagle	0.8815140277736833	4.5
snout	0.6687507240476813	51.0
eckhardt	0.8584728052410122	6.0
extremist	0.6703524102938527	159.0
tike	0.8997594732296585	8.5
effort	0.6654539588989836	4387.5
plopp	0.710749868837397	8.5
carotene	0.6047836785765557	24.0
rates	0.648752163530403	19.5
saab	0.7753800703669974	7.0
literary	0.708183454906681	586.5
headrest	0.8664139216803524	5.0
electrically	0.6988087598152084	48.5
tuck	0.7161998736991082	344.0
triplet	0.7267614356784318	15.0
demand	0.7206661232300912	3475.5
derisive	0.7157989312669849	68.5
shorter	0.7561035933208664	341.0
reade	0.6677414181574818	177.5
address	0.7163313588143153	1834.5
meto	0.8433576219443402	3.5
dutch	0.735925806677363	679.0
distemper	0.7492435049740698	6.5
mackie	0.7694316753181533	12.5
curious	0.7523087860920297	1006.0
lagos	0.8320640632237823	6.0
prop	0.7764306729233442	151.5
boggl	0.726154415009232	12.5
adaptable	0.7016337384205522	31.0
helens	0.16415649206867833	2.5
comme	0.6391689931993915	12.0
chiang	0.6578310333321569	110.0
consistently	0.7573388336276126	244.0
sea	0.6752714276403855	3341.5
waiting	0.7121127059482216	11.0
guano	0.7872796203219798	6.5
sargasso	0.7356046494845592	5.0
shelf	0.6646572957739473	646.5
sooth	0.7485257603804092	178.0
dietz	0.1525579325536383	3.0
boston	0.7273831111478939	1479.0
quarterback	0.6610493844152969	187.0
nunez	0.7677426145299721	12.5
strongest	0.6963575651261141	62.0
amalgam	0.6970101120270468	29.5
inseparable	0.704268327471318	55.0
rouge	0.7316719843186081	133.0
than	0.7565745148213734	34615.5
ue	0.7251104941742613	12.0
william	0.6978101320035863	3313.0
parte	0.7434405059259	109.5
schnauzer	0.7717086619031739	9.0
needle	0.6847682761928204	580.0
galumph	0.18132476706434036	2.5
porte	0.7105797631627156	30.5
unmet	0.7552871396579707	13.5
outside	0.7351558965168588	4778.0
tongue	0.6748073745842623	1219.0
fermentation	0.7067120671921474	19.0
storm	0.6956490559249762	1304.5
unusually	0.8268424112439845	4.0
emboss	0.6935998991583311	29.5
twiddle	0.7419407864432236	14.0
neutral	0.7654333154194239	350.0
fighter	0.6744925896525149	512.5
host	0.7306668032401845	606.5
watchfully	0.7563099736069561	3.5
yoing	0.7309664009706153	205.5
revised	0.6585001858569997	64.0
jab	0.7131279551728087	162.5
nettlesome	0.22699754276788742	3.0
auburn	0.75819146461089	57.5
koran	0.616836909789124	26.5
caution	0.6980195869804292	449.0
hg	0.7985883883162636	8.5
minus	0.7303883093616835	118.5
tactics	0.657450768240549	392.5
inculcate	0.6952803857960567	19.5
more	0.7931131748511168	73.0
shrugs	0.6270964113489421	41.0
kun	0.23630812256088668	3.0
blindfold	0.7395361422713219	56.0
landscape	0.6779217421241108	476.5
muffle	0.7077644384958435	122.0
godforsaken	0.7317184414242786	10.5
interceptor	0.6401926427107736	35.0
chao	0.6816993649825857	346.0
sussex	0.7074758245604513	35.5
glitter	0.731558077367648	354.5
lloyd	0.6863336334919516	289.0
hydrogen	0.6437164247837065	283.5
sprinkling	0.6575717452192651	29.0
engle	0.2748982171975768	8.5
pulp	0.7225016535819018	115.5
subconsciously	0.7797880845785414	23.0
infan	0.22352045262580297	5.0
manicure	0.7180927101484913	28.5
laughingly	0.7363069910642911	27.5
tania	0.7188493997406353	196.5
deerfield	0.7435358248960707	24.5
nouvelle	0.7062282554484572	12.0
stacks	0.675824355469786	33.5
colfax	0.8814647077531967	55.5
cattle	0.6937967380784279	778.5
juvenile	0.722240748820166	254.0
seedy	0.751148945040674	53.0
sketch	0.6843153558963434	429.0
johnstown	0.7798857292341532	12.0
sublet	0.7610820831660541	13.0
anecdote	0.637032349027259	95.0
vibrato	0.7988475554992186	4.5
taunt	0.7159026198638715	111.0
cosa	0.6229706845728669	27.5
byproduct	0.7099712370006734	25.0
greyhound	0.7137834952351757	70.5
rainbow	0.7401204682888258	160.5
deflation	0.691510831095355	13.0
dowd	0.7342840014687092	26.0
adapt	0.7134505180829986	233.5
campuse	0.6416725342639005	162.5
doings	0.6649896198401541	59.0
sarge	0.6954734971000008	20.5
boredom	0.6684830695176535	188.5
reproachful	0.7111057132971161	31.0
embezzle	0.7231623756715122	9.5
heathen	0.6824667887594931	77.0
prowl	0.7136602888880718	133.0
norfolk	0.7137150857703655	93.5
palmer	0.7383383044992042	193.5
inquisitive	0.7478927545601636	58.0
progress	0.6784224575667465	1743.5
disorder	0.654298645695974	385.0
equatorial	0.6954183228275505	26.5
motionless	0.6765046575403504	231.0
alcorn	0.2525406336519335	2.5
fullerton	0.7515456477601555	14.5
oversight	0.6906672935004728	67.5
sleeved	0.6416207146450742	6.5
drang	1.1269347053599028	5.0
kean	0.716349949718104	48.0
hydroxyl	0.6181304935643861	30.5
angelenos	0.6940469857738119	9.0
grope	0.6863331908158373	63.5
swinge	0.7441537322499374	110.0
debacle	0.6725436675891956	56.0
peaceful	0.7624132968576462	550.5
expresse	0.707899532406431	14.0
pitchman	0.7219448917660848	23.5
barbecue	0.6775816463343284	75.5
territory	0.6488459351020879	804.0
unbounded	0.7804654687775592	11.5
castor	0.7741992945880867	22.5
pup	0.6915089453076559	59.0
rocky	0.7219156369749333	381.0
complainer	0.7334022542023224	6.0
sharpening	0.7786489237790233	13.5
statist	0.8565661119770783	3.5
carry	0.7283179407426198	7141.0
char	0.7255995071455825	610.5
political	0.7294087081994698	7172.0
lawmaker	0.6761738505930401	108.0
boorish	0.8002927869601378	12.5
uniform	0.7172633450378196	884.5
grumble	0.6812782548780528	156.5
adoringly	0.7528177221011725	5.0
stille	0.3078373821135868	4.5
venison	0.6492876300620177	22.5
trom	0.8607843431481106	5.5
rogue	0.725497715831499	43.5
congregation	0.6631603562787673	281.5
warp	0.7657005856126875	117.5
chose	0.7540277070515734	211.0
sparkly	0.23719329207531356	2.5
larva	0.6315731733865632	23.0
purify	0.7202550378035535	86.5
majesty	0.6590295751708317	329.0
confucianism	0.6673220192288442	17.0
joyless	0.7801890256883107	18.5
transit	0.6816082951483777	596.0
aflutter	0.8870452213969381	3.5
hotelier	0.2443281254609861	3.0
making	0.8158939771682538	6.0
cushiony	0.7965174288508953	5.0
drape	0.7227412568322886	288.0
hypocrite	0.637699680773407	73.5
oh	0.5991484314661961	8052.5
roulette	0.6761668696098322	41.5
freshman	0.698138722858826	244.5
multipurpose	0.7731300670699359	7.5
ooooh	0.11856997668815686	2.0
avocation	0.6926074979156486	13.0
blown	0.7133707926281948	180.5
license	0.6700617445352526	906.5
jackhammer	0.7177689306492852	7.0
sodomite	0.15665762387826998	4.5
anheuser	0.7005975218293996	5.5
graveyard	0.6954477927880652	106.5
yearning	0.6719239051224719	84.0
fullback	0.6623823710516007	42.5
clothing	0.7027412688939465	567.0
spright	0.8003444648495341	18.0
concubine	0.7061119397901139	26.5
chimney	0.659785871353818	188.0
specke	0.7748765287126594	5.0
esophagus	0.6748304767913746	8.0
manufacture	0.7337553180821313	452.0
incision	0.6781943769589558	41.0
grata	0.6527794941833966	7.5
satisfactory	0.7352802017142552	417.0
renegotiat	0.7376148677358543	5.0
experience	0.7176057205714454	4144.0
giggle	0.6315463299226384	373.0
boreali	0.7768492902828612	3.5
kale	0.7950586600939664	15.5
donkey	0.68874430615835	108.0
piccolo	0.7580882869381552	12.0
spiegel	0.7282052290232703	16.5
crisis	0.6585526423287917	1449.0
hooter	0.8466182275625425	3.5
dabbl	0.7337775520304963	10.0
lottery	0.675120453091111	126.0
cherry	0.7229219341806875	380.5
cannibalistic	0.78871797649316	7.0
shtick	0.17904173613376742	2.0
tudor	0.8304527604938081	167.0
give	0.7195237008562816	26468.0
letterhead	0.6996633658592435	22.0
sw	0.7464351813653434	400.5
questions	0.6244379217871561	741.5
prive	0.6543578474075924	1250.5
somatic	0.7676852492680912	19.0
oils	0.7115144902784162	15.0
guyana	0.772714697366761	29.5
inhabitant	0.657220134987758	284.0
neither	0.7272114620804311	2880.0
democratically	0.7260998010572718	17.0
hearst	0.7545447744954494	215.0
fruitful	0.7625368070120109	83.0
precedent	0.6539666826757115	286.0
maxine	0.7630005390742017	16.0
belfry	0.6936561821955157	14.5
matriarch	0.6936969950878313	13.5
gain	0.7279775273814426	2292.5
filibuster	0.6439856454700865	66.0
lip	0.6550495922151398	2273.5
josh	0.7492634604594223	87.5
frieze	0.6630596711273733	23.0
fanny	0.705705924428285	534.5
alongside	0.724306289476258	382.0
cryptography	0.1924017504440288	3.0
flush	0.7447176751214354	566.0
graciousness	0.6678524996429502	19.0
convoy	0.672062160145792	132.0
fiddle	0.6980678074915343	126.0
glo	0.7185370741709715	10.5
intervention	0.659729585506958	402.0
pd	0.7799609593786836	7.5
revamped	0.8710214113243386	7.0
univer	0.7933230172562667	14.0
misdirection	0.780455572206969	6.5
steepen	0.6837366481953414	7.5
martino	0.7686691542956906	4.0
westmoreland	0.6718920170434948	97.5
decimate	0.7562528613996061	23.5
back	0.7508573239275407	32461.5
dodi	0.25035160155828806	5.5
pharisee	0.645944330908643	91.5
halleck	0.7759397690876686	38.0
senator	0.6568972410333953	4221.5
bergerac	0.7166916142457378	13.0
rectum	0.6510945698557258	18.5
roller	0.706616567424419	156.5
hazzard	0.9772679466217271	4.5
smoking	0.7033344060497112	85.5
carson	0.734767225777019	173.5
program	0.6824990176116686	6480.5
revelatory	0.22603089350223318	4.0
warehouse	0.6901680571353987	241.0
atlantan	0.8156615418596576	6.5
names	0.7074591980304519	23.5
cb	0.7195642327056283	86.5
chanting	0.8216360714695756	3.5
capone	0.6685737713861346	36.0
bradford	0.745982806024043	31.0
relational	0.728678831708274	10.5
len	0.7587000609703799	40.0
accumulation	0.6824991002463668	152.5
raave	0.8868725768293811	5.5
hemm	0.8747181530105534	8.0
gershwin	0.6539068612134407	31.0
romance	0.6943589332780793	251.0
abortionist	0.6638663116412874	19.5
without	0.6769813838916515	12405.0
doubtfully	0.6343316774280121	61.5
accompli	0.6104651126307397	21.5
abundantly	0.7430620137834483	43.5
undoing	0.6975493794204735	12.5
distinctiveness	0.8048754163119607	5.5
ironwood	0.7670262582876256	7.0
reliquary	0.8421074478205686	6.5
protrusion	0.7072962440401895	9.5
martial	0.7022436364256716	205.5
scraper	0.676275055693336	42.5
mobility	0.6719774502245114	177.0
tig	0.7995825414485609	28.0
gas	0.7064884087554852	37.5
badge	0.6476283904594515	188.0
footloose	0.8364073178155176	9.0
highle	0.7212779044473009	123.0
sweetener	0.7090000049211471	17.0
immemorial	0.7402741421503107	23.0
calme	0.7729407260609591	12.0
lectern	0.6373245754024895	64.0
prepubescent	0.8459317519985375	5.0
blotto	0.8211261269467589	4.5
ahab	0.7690628352420642	14.0
recourse	0.6679896718888546	86.0
chilean	0.7587696113167398	71.5
corrosive	0.755316900418356	37.0
slipstream	0.761017038835679	6.5
mackenzie	0.8258276444332022	46.5
face	0.7278391845583422	16918.5
maddening	0.8500901455825886	3.5
sector	0.6873926294793902	402.5
anchors	0.19756694576968767	2.5
odoriferous	0.26644460386159724	2.5
confession	0.6665778518537673	423.0
ounce	0.664690039273856	304.5
harmonics	0.7566169675554814	7.0
rapture	0.6784726223068569	49.0
moonstruck	0.8755490688209333	5.5
viaduct	0.738630255540934	10.5
earthlings	0.7590509196026771	5.5
appreciation	0.6634647523637816	250.0
tuberculosis	0.6673998505688796	74.5
inaccurately	0.7909253219945058	11.0
fiction	0.6385987923545366	527.0
tapper	0.9267706773351612	7.5
sequitur	0.6129490148013726	19.0
sociology	0.6843003346082898	296.0
technique	0.6775241481663499	1300.0
profound	0.7387796172223053	412.5
wrongful	0.6726091223076984	5.0
maudlin	0.7377080120232253	20.5
casually	0.8453114021456767	7.5
boulevard	0.6176470731241527	239.5
scythian	0.7330386640509611	12.0
ventriloquism	0.7942077962095965	5.0
dior	0.7174404587858338	20.5
meteor	0.6426648399364858	48.5
determinism	0.6695494633272558	26.5
test	0.7130225336548854	3309.5
evilly	0.783481898784088	8.0
movie	0.6610380693491049	2291.0
mg	0.7101207570620836	110.5
catskill	0.689316198610188	34.5
meyer	0.7529927950801354	151.5
remuneration	0.7029078091923258	11.5
jealousy	0.6518375051146554	217.5
purchas	0.7185434708061574	58.0
cervical	0.6825731339790531	16.0
demote	0.7282306791345059	19.5
productive	0.7537452408162721	293.0
astronauts	0.6865107078904592	23.5
bic	0.2478030838159291	6.5
interpretative	0.7726071131071794	12.0
refuse	0.6639355863386096	2840.0
oxford	0.7011638088477401	369.0
lifespan	0.2269721595859382	4.5
nestor	0.7693156358749916	166.5
sacred	0.6981260694398589	291.0
auction	0.6766200080547407	141.5
filth	0.7053529730071382	104.0
punctuality	0.6965377425208766	15.0
untemper	0.2164088601202025	2.5
mechanics	0.7308370270422647	241.5
reopen	0.7141965882505086	157.0
muslim	0.7196462488495295	191.0
town	0.6663323226791744	5355.0
ashame	0.6079610713474852	285.5
tyrol	0.6969683386246612	8.5
brook	0.7398581257390751	298.5
mode	0.7660756734220435	701.0
nottingham	0.7666120461028819	15.0
agreeable	0.7473593367768776	188.0
manuals	0.6597070706186801	33.5
bean	0.6548060911753112	460.5
mortally	0.7153587369511685	34.0
belvedere	0.7441241001118213	19.5
weapon	0.6705568650483191	2148.5
sampson	0.7612463698027915	16.0
newton	0.7261048228718829	152.0
khakis	0.652192696500805	17.5
misunderstood	0.7017107782574933	38.0
multilevel	0.22095827669697435	5.5
flicks	0.7070984363708724	10.0
midw	0.7823683474050428	19.5
pleasant	0.7423038296957633	851.0
convent	0.6831858943324552	97.5
bucket	0.6573203545562607	391.5
kinetic	0.72062967490248	39.5
unprepossesse	0.7919391868090035	14.0
craftsman	0.679858588885765	150.0
dwindle	0.7323230725727536	167.0
transference	0.7070723851989138	22.0
wrong	0.6866396077617165	3898.5
sectarian	0.743552298999621	49.0
org	0.2610144274413619	12.5
saudis	0.6470148545805496	76.5
surrey	0.786670539152996	28.5
error	0.6567676078191835	772.0
camouflaged	0.7940527520922355	9.0
straining	0.7646927112184925	6.0
distinctly	0.710652044137319	8.0
reproach	0.6964394232167854	127.0
industrywide	0.23926856335334784	6.0
review	0.7220698216749752	1439.0
intensification	0.6774344275944941	29.0
fou	1.0880640127824655	6.0
knell	0.70767275623526	13.0
movable	0.7379593935384643	50.0
coco	0.770315968762216	20.0
rend	0.798967373274132	32.5
conyer	0.8011094136470271	5.0
programmed	0.75856551918138	21.0
eliminate	0.7056434451734331	902.5
healthiest	0.7413929802783348	4.5
promot	0.6897074082547079	138.5
whitish	0.7429847133920104	20.5
sequence	0.6850591305299736	550.0
hogan	0.7144951489012544	163.0
verbena	0.7288750298909394	3.0
hoary	0.7730575787754352	20.5
vassal	0.7113370007283055	19.5
weightless	0.731692823099986	43.0
insanity	0.6570763095082774	131.5
swarthy	0.7007907624232219	43.0
sluggish	0.7596388222464932	106.0
waist	0.653368655648697	552.0
foe	0.709181017407903	114.0
boat	0.6608842034873015	2189.0
tarrytown	0.6949732990296202	7.0
enfranchise	0.7684772450683909	8.5
positive	0.7609588121770448	938.5
scene	0.6828705894506453	2989.5
primus	0.8307710036962044	8.5
inadequacy	0.6715877530598966	113.0
quayle	0.7095590238017626	14.5
wear	0.6790604805607934	5557.0
craftily	0.8053772662626761	13.5
taxpay	0.8655853555035062	6.5
disturb	0.7396656115279232	1053.0
diego	0.6863748024977736	235.5
bandolier	0.683333752212268	9.0
rouen	0.7413968232287292	15.5
fido	0.16179453864930612	12.0
solely	0.7440032755320526	287.5
shutt	0.6809431276909157	93.5
whiskey	0.6821025928796984	459.5
suitor	0.6861734016717559	46.0
recuperat	0.6586070094369445	17.5
satan	0.7156633118823221	75.5
rips	0.879126752720515	3.0
heard	0.7401892584245121	75.5
herman	0.7256878551487812	288.5
competent	0.7196006423180269	265.5
brush	0.7283369636446854	1330.5
chirico	0.6877236369533659	8.0
enemy	0.6695046647162444	2142.5
intermingling	0.7167732000064558	6.5
ticker	0.684891937577202	48.5
impolite	0.7150347978133202	16.5
bit	0.723038712902594	3472.0
anymuch	0.6834743774739092	8.5
orange	0.7044092350576807	992.0
sidesaddle	0.7353431313868494	5.5
wounde	0.6742462524633737	365.0
yarmouth	0.8181686487628153	4.0
trustworthy	0.7314671418443318	49.0
mendel	0.8623516962511697	18.5
circl	0.6872249486363736	193.0
expo	0.7009091305769282	47.5
terrorism	0.6441510533909329	134.0
sewerage	0.7626644369644193	5.0
nib	0.7705392311256218	17.0
relay	0.7359455946746198	230.0
scowle	0.7689211807588324	12.0
caldwell	0.75653664409494	121.0
wringe	0.7116291907384839	43.5
logbook	0.7594813984336561	6.5
enlighten	0.7393104515417417	180.0
slander	0.6926813673972606	63.5
radiant	0.7484780415536779	128.5
riotous	0.7626356447340208	30.0
blessedness	0.7031224543467847	7.0
extoll	0.68020802894019	41.5
imposter	0.662630942703071	9.5
hide	0.7300821468015556	2195.0
chop	0.7085348966686715	409.5
manufactur	0.7275531782957843	424.0
reunification	0.6459541789600465	52.0
sall	0.9005624883113952	3.5
trustworthiness	0.6949575043183575	11.5
courtney	0.7549725248605552	49.0
allot	0.7487915700499376	86.5
resistant	0.691262668866713	108.5
easily	0.7146630480306162	225.5
select	0.7710253786155556	1214.5
bedeck	0.7127717022721837	15.0
snider	0.7815938377481324	13.0
gettin	0.6214816498420207	147.0
dejected	0.7445039898376877	14.5
spin	0.7231784698229962	673.0
vatican	0.6701323062601734	216.0
shaheen	0.8506244742175599	8.0
closes	0.7276511556170271	8.0
nailed	0.759026601345661	5.0
periodically	0.7957947829185104	141.0
utopias	0.7217050660785285	5.0
edge	0.6904541095934091	2893.5
beaky	0.2277575033910633	2.0
causative	0.7161104797064556	6.5
steadiness	0.6915304731870171	20.0
episcopal	0.6591592151162365	153.0
legislator	0.6735953283529776	414.0
participation	0.6721541991807785	483.5
beneficence	0.7594310731179418	6.0
assay	0.7829160180833448	18.5
berserker	0.2311478754433691	3.0
tallie	0.26057755423856177	2.5
monumentally	0.7989204228659192	6.5
unemployed	0.6689818978725095	155.0
sled	0.6723326709469751	54.0
harder	0.6992619972949431	383.0
delirious	0.7809123351348349	37.5
innovator	0.6766380693202008	43.5
epicenter	0.7695955808009283	6.5
dastardly	0.8086865052028367	5.5
shawnee	0.8022413216278977	22.0
adjudication	0.6834182293816233	15.0
form	0.7773224560304203	7604.5
adjudicate	0.715292310401654	17.0
fishing	0.6420692297217755	28.5
prevalence	0.7210331762538621	78.5
borderland	0.7211034638730538	7.0
indulgently	0.6387321956725979	21.5
reaction	0.6654243299679439	1626.5
sociological	0.6855674027870484	200.0
indiana	0.7227263378969702	403.0
locat	0.8022902986110427	5.5
instructor	0.6818591413792136	306.0
answer	0.6904955360201939	6668.5
fateful	0.7306989473354274	62.0
inclu	0.7252902061870121	4.0
mcclellan	0.7413618640218954	94.0
underground	0.7566941243136435	537.5
thundercloud	0.6977537482967411	6.5
unmoved	0.786732999842759	7.0
constituent	0.7266504975980119	297.5
jeopardize	0.6668632718489647	130.5
stimulus	0.7058304390767738	225.5
barbera	0.21926939445253701	4.0
plebiscite	0.6393848184287816	29.5
quivering	0.825188620525547	6.0
interwove	0.7706825044943606	5.5
luncheon	0.6557454502985338	262.5
quick	0.7543048709252079	1972.5
tardiness	0.7107008558733461	8.5
temps	0.7178861770751532	3.5
curtly	0.6525453079186135	57.5
depet	0.7078260890278567	6.5
unfeele	0.7744625036956039	11.5
familiar	0.7448109371669158	1466.5
eunfortunat	0.6536489515962235	6.0
bennington	0.7177455231144769	15.0
novel	0.6400391819058164	1233.0
richardson	0.7461018515308558	159.0
adequately	0.7484273914364623	187.5
genre	0.6538573794896724	63.0
music	0.6698849187019518	3189.0
rudolf	0.7332909555023883	100.0
riven	0.8934313490174287	7.0
anyhow	0.6948888766946754	383.5
fluttere	0.6744001133894724	50.0
middlesex	0.7553418524641954	16.5
ul	0.7749155162601977	21.5
aborigine	0.6810748509608873	25.5
bradley	0.7235430569997099	161.0
clutter	0.7458559331135319	180.0
emphasize	0.6820856467580487	799.0
jehoshaphat	0.19181460181875706	4.0
aerodynamics	0.7037694131011328	7.0
trap	0.7337119535162643	978.0
headband	0.6676281856315246	19.0
lair	0.6974107060701635	42.5
finally	0.8186935336696466	27.0
lettie	0.8465196208250676	6.0
merrier	0.0890088435498607	4.5
september	0.6971737799608255	1044.0
weaver	0.7577520129624292	84.5
unspar	0.7804521196866717	12.0
drum	0.6831466415582154	686.5
turboprop	0.6709878175037439	10.5
loops	0.1508082170219288	2.5
marcy	0.8108366943513751	12.0
patrimony	0.7557747194882249	8.0
preoccupy	0.689477694528071	205.5
loft	0.7250667402224139	194.5
cabs	0.7037392390038881	13.0
domain	0.6819508380784629	189.5
skat	0.6704792355978354	119.0
destructiveness	0.6721814806086619	19.0
elie	0.7790925285388888	11.0
irvington	0.766892189475546	6.5
academium	0.1767383649106408	4.0
sunbather	0.7391804362693748	3.5
brahmin	0.7126214035039834	40.0
grumbl	0.6764138100993864	53.0
pilferage	0.7500649045903011	8.5
unrelat	0.670914672745422	22.5
unask	0.7139736112945454	8.0
spun	0.758977583069621	45.5
tiredness	0.6837947128000238	31.0
appropriate	0.775660265589221	919.5
cater	0.7252486764699363	113.0
ornithologist	0.666566705906552	18.5
recording	0.6700633674562548	169.5
extremely	0.71878194122115	888.0
potable	0.782647306609172	6.5
crevass	0.8520638104072147	5.5
helene	0.6981398195172541	228.5
sauce	0.6202016450290457	222.0
handwork	0.22232954732323806	2.0
coitus	0.7200594602594474	8.5
astarte	0.1695113036412953	3.0
ministries	0.8348685518587152	6.5
federally	0.6451384182070187	101.0
privateer	0.725426157371786	18.5
hoi	0.755624135144622	15.0
grist	0.8017262830494871	10.5
affluent	0.7036463813967543	146.0
cotta	0.643409616526667	12.0
pocketbook	0.7204683332584709	101.5
breadline	0.7958419023865773	7.5
unparalleled	0.7214654343590513	30.0
romulus	0.7571089810553311	5.5
inadmissible	0.7182343271721713	19.5
campaign	0.6873584076642294	3475.0
chemistry	0.6988141289695647	254.0
hick	0.7652390010165472	74.0
dutchmen	0.7883979220899062	4.5
parolee	0.7104855984888865	6.0
mem	0.6833847555446286	41.0
dybbuk	0.7452149569735449	7.5
mirror	0.6590383505484374	1283.0
crumbling	0.7101333790514622	5.5
gastroenteritis	0.664206763050505	5.5
dizzyingly	0.903241332842958	5.5
mediaeval	0.7404160662756685	18.5
banish	0.7328713520999574	114.5
law	0.6708510322644905	7291.5
outright	0.7541861694542253	212.5
surprise	0.710948732211528	3842.0
chelsea	0.7477933414236461	32.0
windfall	0.7010835438689119	82.5
burnoose	0.1689727254602734	6.0
hardtack	0.2209681638686877	5.5
ephraim	0.7305472573867658	30.0
jangling	0.8682397512249818	5.5
contraption	0.6989929686071236	43.0
humanely	0.8206184306734565	9.0
vesuvius	0.7000198308488499	11.0
conjur	0.7160523858704088	13.0
nymphet	0.7289583798703141	17.0
fictive	0.20268611894915037	4.5
means	0.7260673044332084	2713.5
rabbit	0.6894829747155923	576.5
chintzy	0.9139224121082199	4.5
sam	0.7036798327477133	1878.0
madison	0.7063442869932746	592.5
backache	0.6523195449939713	5.5
orlando	0.7518003486630702	58.5
befuddlement	0.6919419000987339	4.0
orestes	0.2593768391335726	2.0
invalidate	0.6998557806775577	39.5
joseph	0.6931917072957704	1472.5
waycross	0.1973282857625891	2.0
photographic	0.712897143722714	123.0
torque	0.7203580896228099	18.5
ber	0.7424410473448804	131.0
vieux	0.6921819101489602	8.5
screen	0.681537989689242	1552.5
conscience	0.6632632810528297	546.0
hoffman	0.708064476293152	168.0
synchrotron	0.15184118402671007	3.5
monastery	0.6360409949271408	183.0
alum	0.8363916977085205	10.5
suspected	0.7025597763190055	44.0
wilfred	0.7097887606605979	22.0
flourished	0.2681329026592666	3.0
antwerp	0.7018070866269475	22.5
procrastinat	0.19113780341743375	5.0
jurisprudence	0.6361027420442694	14.5
sophocles	0.685750754511004	7.0
ahold	0.6709706316159522	16.5
charming	0.7283683249842369	239.0
virtually	0.7296201989959342	880.5
bonner	0.804248150604284	33.5
freeport	0.7259777743676381	7.5
fellowship	0.7139615434929865	132.5
relative	0.75914366093919	1904.0
ferent	0.7455158395020557	11.5
unpremeditate	0.8651750454861837	6.5
sto	0.7717691825104968	82.5
glimmering	0.7559338413143073	5.0
snap	0.7202800048088202	1084.0
extricat	0.7442136572459719	6.0
participate	0.6483399167807107	532.0
mastery	0.6653508055917434	111.5
restful	0.7661787292718086	44.0
pollinate	0.8176269842440388	5.5
dirigible	0.7200891720174184	11.0
vin	0.7464094393328683	20.5
quantitative	0.7366778243359595	80.5
refrain	0.6780364293191954	225.5
injunctive	0.706766328352368	8.5
apse	0.7944447563183714	5.5
surreal	0.7670676093162809	25.5
toma	0.8030001020890716	20.0
indirect	0.765179894354161	344.5
bam	0.6741148640491619	13.5
gallo	0.7583077963035765	40.0
positivism	0.6627176805659407	17.0
thankfully	0.8259459706488708	19.5
sculpture	0.6579316362960345	370.5
hop	0.6982874484049513	189.0
fallback	0.7900586733573349	6.5
haymarket	0.7379081075981665	12.0
stagey	0.3178985029981095	3.0
uncertainty	0.663906824868328	362.0
buoyantly	0.8068382327180094	7.0
guffaw	0.6395127368965743	62.5
dialectics	0.7814927499818105	8.5
hadda	0.6526563853502423	14.5
sworke	0.6672712663709788	81.5
hesburgh	0.7027665377494952	23.0
vick	0.970520190092237	12.5
aldrin	0.8820375674562178	34.5
reginald	0.6769063775359725	49.5
ski	0.6945702632311282	359.5
gest	0.7047242273504444	17.5
serial	0.6964339589542118	95.5
striptease	0.7269847814408336	12.0
mandarin	0.7292690420047583	73.0
headway	0.67983240393507	47.5
hardle	0.8246824262461341	5.5
leavin	0.6809816573252734	20.0
minot	0.9414191238548896	20.0
east	0.7358720942288933	3963.5
moet	0.20511035434868835	8.0
capricorn	0.7595231737109294	12.5
savage	0.7735881454817594	495.5
waive	0.69192201301202	66.0
pence	0.7639984128414476	43.5
estimate	0.7179449324270087	2169.5
forceps	0.6751260680948064	15.0
unerringly	0.8279083594045793	16.0
ganz	0.19557450764059472	2.0
egraduat	0.6840332777848885	28.0
antediluvian	0.8153974470782845	5.5
cert	0.7656173399675074	7.5
entreate	0.8169274856479307	7.0
participatory	0.749120334960073	15.5
greengrocer	0.8588854582945493	5.5
rated	0.21446902228648243	5.5
gunfire	0.6227625203671734	94.0
hound	0.7447344007082561	250.5
drink	0.68674145142679	5282.5
month	0.7146992370976497	8841.0
seine	0.6972152438138794	50.5
capable	0.6644739389832345	921.0
pin	0.7367579230190424	798.5
penury	0.7287818780492783	10.5
bangkok	0.6854169679144501	94.0
daisy	0.7385993379646357	427.5
vance	0.7299648232057421	249.0
context	0.6782455599532455	417.5
crunch	0.7724125928661706	354.0
hayfield	0.7786320890633099	6.0
insect	0.6643298110819671	354.5
panorama	0.6818037298209437	44.5
sauterne	0.14516469665739154	4.0
slimness	0.20925708196538992	3.5
handgrip	0.8376862064859234	4.0
nazis	0.6458534322874183	168.5
massa	0.8138407003690191	10.0
undeter	0.6706847955170657	13.0
consiste	0.6743264963311603	28.0
cide	0.7747362596637266	7.0
homeland	0.6520057986928732	134.5
scheme	0.6817420098846637	749.5
ardently	0.7840697847537885	30.0
laborious	0.761891819826999	49.5
admit	0.6846161304003581	2132.5
appear	0.7104755967290054	5713.0
earthwork	0.7337210479602534	9.5
oversize	0.7564217118324088	85.5
vernal	0.8881293752517062	11.0
redemption	0.683879044461375	68.5
truly	0.7746719355405007	977.5
explaining	0.7054560549983394	6.5
survivors	0.6682221783827236	5.0
eightee	0.700077112463189	11.5
saratoga	0.7120965895632638	40.5
noncommital	0.26237614730425896	2.5
drew	0.7640049850873112	213.0
conjure	0.6583851173066093	97.5
robeson	0.7068565307056942	13.0
itchy	0.7508819714870829	24.0
mfg	0.6600968965336051	5.0
opene	0.7763259737319097	7.5
jeannine	0.6814537067350404	23.5
enclose	0.7554324574407926	258.0
theologian	0.6477408544330958	90.5
approval	0.6462167925498763	892.0
dogfight	0.7135558709493406	18.0
anesthetize	0.74462892543198	20.0
triplex	0.8891106899276127	4.0
dateline	0.7241888501307066	8.5
cutaway	0.7714012136371644	10.5
largesse	0.7330451668873087	21.0
enid	0.6747720979493748	232.0
abrogate	0.6951659612183767	22.5
capitalization	0.7090277885955647	12.0
inna	0.2232487402532389	4.0
tithes	0.768869936331418	18.5
konstantin	0.6781085140835134	9.5
gleam	0.7261423174308649	519.0
theft	0.638622540245318	239.0
blueprint	0.7006871708297593	105.5
mac	0.7148573122848443	192.5
overheat	0.7585618363245243	59.0
boater	0.7370484159721689	11.5
contested	0.7255049802971715	21.0
lech	0.7307360258789755	20.5
busi	0.7390981803636055	56.5
mcnamara	0.674356214888405	214.5
angle	0.682240706430365	1298.5
skimp	0.7215182379313554	14.5
obscenity	0.6717955134977329	170.5
uninjure	0.7008199722032569	4.0
ruiz	0.777085050096464	10.0
focusse	0.1917539108066575	3.0
devon	0.7305033416198276	98.0
coptic	0.6999558186880915	21.0
ungovernable	0.8489419587448284	9.5
heli	0.9121100592545662	6.0
complacently	0.7322339488839322	24.0
mortal	0.7333298880655855	248.0
packet	0.7094702268421003	160.0
armchair	0.6388716912493898	157.5
guided	0.7021687669526401	27.0
leaps	0.7339583597254284	15.5
moxie	0.7746122049515562	5.5
jessica	0.7045331184456173	77.0
excuse	0.6996901544278503	1123.0
justice	0.6863433556382473	2449.0
bar	0.7227562920338331	3417.5
kenton	0.9306645391659841	7.5
spac	0.7899740186954731	27.0
existential	0.7164854797903651	61.5
harland	0.725069561529908	4.0
disputation	0.7254375133279087	11.5
cas	0.6662769449265324	883.5
rankin	0.712682518175046	31.5
liberal	0.7224358402873593	1688.0
quicker	0.7131907864049712	126.0
found	0.7393347783885942	167.5
dooryard	0.6829979471604117	10.5
seed	0.683830040585159	449.5
passions	0.6924822208090792	23.0
hopefully	0.7512743572819491	184.5
blacks	0.6824486778295129	237.5
wont	0.8118069095933536	71.5
courtliness	0.7248019500909394	6.5
deliver	0.7355710061466971	1367.0
flooding	0.6586989978333636	19.5
heck	0.7584800463279703	176.0
progressive	0.7813641761961515	477.5
financier	0.6785303938347965	64.5
debauchery	0.7056929865089985	8.5
cat	0.6881030179303778	1377.5
semantic	0.709631146433693	146.0
yorkville	0.7743911247083752	5.0
peekaboo	0.804782587522509	6.5
pinup	0.7886711524834816	10.5
arise	0.6841373651792266	1009.5
blade	0.6693009587104926	643.5
rictus	0.16509075289426395	4.5
fulminat	0.8540803945901828	3.5
stomach	0.6683316381537455	1027.5
playact	0.7778753918323691	5.5
woodcutter	0.8151218071768613	6.0
battlefield	0.7047652599021925	147.0
radiation	0.6574984775958231	547.0
gallbladder	0.7435323713157453	6.5
joviality	0.6683585774741428	9.0
montpelier	0.16494713157298022	2.5
acerbic	0.7504345580291214	13.0
dacha	0.6893905130065446	14.0
outbreak	0.6660164619072926	185.0
unwholesome	0.793430312090539	11.0
ssoldie	0.6957197201407831	46.5
briefs	0.8769686219904893	6.5
doncha	0.11218969482680205	4.0
piratical	0.8436850212437217	8.5
elementary	0.7160573900245498	364.0
smalley	0.8872125428478925	14.5
cardamom	0.18739598342496636	2.5
gene	0.7046105504082898	403.0
confin	0.6951067147157884	390.0
astounded	0.7924964431282593	10.0
platform	0.7000457809715689	908.0
accidently	0.2500715837431703	4.5
snail	0.7209000877342056	66.0
plasticize	0.2489410353791064	3.0
wedding	0.6474872551092188	307.5
board	0.6905187543156042	4927.0
desir	0.711962053257387	430.0
chapman	0.7349447787686975	39.0
downstair	0.7150420026629364	175.5
quiete	0.7215260663379625	84.5
connote	0.7191047985915332	20.5
tuchman	0.7830526275270498	13.0
noonday	0.7210104624906919	22.0
albee	0.6966051877912255	31.0
compassion	0.6581136198586467	203.0
infertility	0.6846254401639245	7.0
closest	0.7069605113562255	107.0
habitat	0.6640130979687056	95.5
nut	0.7397150064548579	610.0
antioch	0.7440435358466387	38.5
capriciousness	0.19133904570243088	5.5
penetrate	0.689552995116424	344.5
beatifically	0.7127296868155955	5.0
participle	0.7322554513929688	6.5
cornelia	0.7278514094293591	35.5
unconscious	0.7234169070869685	401.5
monotony	0.6718529051711195	55.0
shadow	0.6883943483920081	1600.0
stronghold	0.6847801061439259	99.5
tournament	0.6638369846747566	340.0
wavery	0.8519758909451732	6.0
bodega	0.7539737133020546	10.5
detou	0.6837136779667605	5.0
limpet	0.24091549904141038	4.0
elegant	0.7346524936174086	356.5
cereal	0.6712147014701576	160.0
consid	0.7271171649322753	107.0
whiny	0.7746648406111937	7.5
overexpose	0.8386178634178509	4.5
hyde	0.7182567247214537	125.5
tip	0.7683549979409907	1121.0
reticence	0.6722107983468412	43.0
sirens	0.6521972037393166	17.0
inhaled	0.19408518058869204	3.0
chairman	0.6655192458525684	2724.5
layou	0.6978980395381561	20.0
belligerence	0.668095128653824	30.0
payable	0.6477195894294069	27.5
switzerland	0.6627155233795545	236.0
glossary	0.7297569107688081	7.0
marsupial	0.7264493307530986	16.5
dishevell	0.7604225487487001	6.5
mingus	0.1763291708564485	3.0
relationship	0.6701854789305887	1877.5
heroe	0.6915412079230963	20.5
poste	0.8165619456925381	5.0
anymore	0.6345410026046555	503.5
bureau	0.6878975626116626	1213.0
thc	0.8911097170391684	16.5
dedicate	0.7440440851294823	518.0
symmetrically	0.7954716502852932	13.5
tree	0.6392172596044184	4090.5
souls	0.7067215006087885	20.5
vector	0.7915012143952276	49.0
lyric	0.6846388957750352	70.0
grosvenor	0.8871232800253818	51.0
stylistic	0.7106852507322827	23.5
granite	0.6984793133011694	153.0
jeanne	0.7261914844768345	69.0
polio	0.6681965665274632	90.0
flar	0.7927260079182483	11.0
hellenism	0.7088936247091684	7.0
ins	0.695220376495886	128.5
polite	0.7373954448611734	679.0
monahan	0.1880309212434659	7.0
conflagration	0.6645536408972715	22.0
robs	0.7757048705183364	7.5
scrunch	0.7350692666621482	15.5
jilted	0.7345912877272072	5.0
hialeah	0.6931566195202387	13.0
virtual	0.742259469156582	97.0
exhumation	0.7138510358191389	6.0
bagel	0.6799581320773574	17.0
bondholder	0.713069808640367	14.5
remak	0.7992124962364232	6.5
multimillionaire	0.7108041693559333	32.0
chaotic	0.7365272891715724	109.5
fiefdom	0.726669428872871	7.0
rooster	0.6827496739402091	94.5
imbib	0.8217064116448931	7.0
chok	0.7136228683404817	322.5
spandex	0.758082082247966	3.5
therefore	0.7679555596090524	2564.0
fusty	0.8025904044800984	7.5
highlander	0.7344558996907584	29.5
intend	0.653701348166049	731.5
inelastic	0.8453067037693792	10.5
internally	0.7832212869993704	51.0
twist	0.7494345207474744	954.5
preventive	0.6938125865246063	97.5
chaire	0.7464237604570046	12.5
rorschach	0.7092204707349729	114.5
sinatra	0.6820567905150008	125.0
giggl	0.6451255246275912	120.5
ingall	0.8079705660872043	11.0
mantra	0.694376323819716	38.0
mishandle	0.7773601266379119	11.0
arcturus	0.9105631871566757	4.0
dictum	0.6330709326399071	40.0
solace	0.6831456884688892	67.0
admitt	0.6839341867891298	400.5
allus	0.9173838908326465	4.5
night	0.6959606165832488	13114.0
singapore	0.7183134699551128	149.5
goodyear	0.7649027517006667	44.0
ka	0.7217217375483778	44.0
gertrude	0.6808973184396765	147.0
asteroid	0.6403108204984064	80.5
screame	0.6249668609349044	443.0
sulphate	0.6619794260508727	28.5
burch	0.7222576484059264	63.0
giggly	0.883933057809818	6.5
catharine	0.7919817314445948	13.0
shot	0.664274245151308	3889.5
cran	0.6787246460250647	56.5
cantina	0.6990106522007249	14.5
flashing	0.7895293800156001	5.0
scuffl	0.6893999116141614	13.0
worshipp	0.7552444870601662	13.0
maelstrom	0.706823623794401	19.0
ye	0.7192355033889843	525.5
chou	0.6483004385384683	181.5
procure	0.7401799619072817	74.5
learn	0.6697478210197372	5670.0
dueling	0.8575539373029009	4.0
ethnic	0.6772788320653165	244.0
hyena	0.6677368414988438	20.0
littnorthe	0.6966870111396667	42.5
doore	0.7498987694962896	5.5
fet	0.7494066994643437	11.0
shrunk	0.7026733723830833	73.5
corridors	0.09423401148000325	2.0
courageous	0.7428194451747892	147.5
buren	0.685371642830675	48.5
crankshaft	0.7163225812220265	8.5
creature	0.6664089028113196	946.0
mains	0.7059041298133265	21.5
revelation	0.6709065009922334	344.5
roose	0.7202158637226473	17.0
thurman	0.7734908868450107	67.0
torte	0.8084461283471291	7.5
metalworker	0.7550024567237006	6.5
boycot	0.7119449928265005	25.5
count	0.7209255466503812	2498.5
viewe	0.7021539225702828	55.0
adjournment	0.6370681219962328	49.5
consultant	0.6721517882053396	277.5
thai	0.7357686536121997	123.5
vow	0.6904075606782357	329.0
campus	0.6934851810940781	867.0
duffy	0.7542175715623852	41.0
worm	0.7206784390088731	235.5
expansion	0.6851646820136708	661.0
fragment	0.7209634112894387	355.0
russian	0.720594085505305	2423.5
homestretch	0.16622297061370664	5.5
opposition	0.6613547961221484	1431.5
receivership	0.7169723400131611	18.5
stillness	0.6476987043848333	156.5
marmalade	0.6387295436470288	29.5
christ	0.6655143691680809	1292.5
downpour	0.6287122514435365	38.0
note	0.7265423955459854	3937.5
prize	0.6828460499879714	742.0
blay	0.7261301607915575	31.5
onion	0.6441832374458516	233.5
forehand	0.8236323514321189	32.0
lh	0.8643238839693498	5.5
lon	0.7636821676728508	287.5
saucy	0.7719565243105113	26.5
unfilter	0.7781437372305606	8.5
abelard	0.7964139911842741	17.0
whereupon	0.6965318616953725	117.5
einstein	0.6808229645522512	124.5
dissolve	0.7075712405483946	727.0
ceiling	0.6507811446665427	738.0
curtain	0.666319977118885	948.0
ladd	0.8235669321623381	37.0
reactivate	0.7554305408744166	20.5
stre	0.7510610198424178	191.5
gnawing	0.24527644097937762	2.5
safeguarde	0.6958809775232634	21.0
warran	0.6840300912492685	65.0
millennia	0.8702663658179447	4.0
bode	0.778815798237149	15.0
inconclusive	0.7411016137863993	51.5
schenk	0.9340184378004837	4.5
mosely	0.8082433357053915	11.0
coin	0.7095474357544452	600.5
siam	0.6911078069893722	13.0
irreplaceable	0.7583942899318368	26.5
ravenswood	0.7525962800026007	12.5
beaker	0.7273795658332894	27.0
favoure	0.7859270484028813	25.0
decadence	0.6756719959614729	28.0
gallery	0.6699304704399626	542.5
player	0.6787640599314091	1481.5
tamarisk	0.7723771247595489	8.0
fatherly	0.7651623540919589	28.5
helping	0.674352662424327	19.5
isaacson	0.9037882021722544	25.0
knowledgeable	0.7158747281806046	128.0
cosby	0.6962207664108804	29.5
scrape	0.7191890597968268	236.5
andrews	0.7448656538447678	7.0
laxity	0.6966112715304322	16.5
fur	0.7357077086323712	625.5
defuse	0.7106918185499682	28.0
gambia	0.7611466822710315	36.0
optical	0.6782119188616029	91.5
idolatry	0.6710241776669368	38.5
secret	0.7276350600159037	2832.5
insecticide	0.6475093161747711	38.5
gina	0.7494167727331794	48.5
punt	0.7077260729519605	40.0
officially	0.7750141132113184	342.5
vanishing	0.8398536749775847	5.5
viet	0.644059259924877	1419.5
laissez	0.6195372696872721	47.0
lodging	0.6753308395306646	29.5
stewardship	0.6945815418816901	23.5
sharps	0.9361335951800818	4.0
transformed	0.7928074477592036	9.5
billowy	0.2608619486285562	4.5
aegis	0.6922337889589039	17.5
deke	0.7165923697230062	156.5
hormone	0.6273189914968216	157.5
interloper	0.6939036947007903	26.0
pretoria	0.7516996149884498	13.5
mayou	0.7132626898601833	71.0
drilling	0.7203202814823876	20.5
rollback	0.7152524072777228	16.0
famished	0.785653223055305	7.5
levinson	0.7760383316279993	12.5
pepper	0.6911507534939673	291.5
numbed	0.8309955378836209	13.0
prestige	0.6963409184441919	395.0
clung	0.7723280617715451	7.5
child	0.6901158046345393	13084.5
sle	0.7791215954109579	27.5
agglomeration	0.7271618966367692	4.5
economist	0.6708470731019375	604.5
mic	0.8849336760367632	8.0
villager	0.6780895314223819	172.5
erhard	0.7972533622843587	94.0
fran	0.7278882680738458	407.0
shiftless	0.7371048140276957	15.0
whitehall	0.7288771099902298	50.5
poems	0.6233752373576766	92.5
inv	0.9499548719308986	6.0
needy	0.7084700150292316	91.0
wispy	0.7309929938591433	39.5
immune	0.6518139315384565	119.0
induction	0.7316245530340241	94.5
permian	0.20354277884354985	5.5
centr	0.7991060000409396	22.5
gasse	0.8564242112922458	8.0
kaddish	0.6542225721430794	18.5
shale	0.7142206941544598	68.0
kimonos	0.7604399163345223	4.0
atherton	0.8778690262463598	9.0
evangelical	0.7181354888418372	77.0
backstage	0.7440887940921581	80.5
reveals	0.7281953922849895	4.5
reliable	0.7365024854703756	367.5
chemist	0.6848627165639566	135.5
industriousness	0.21761946611033184	2.0
brevity	0.692883665841219	24.5
silky	0.7443860143387351	56.5
plug	0.7384693006730225	299.0
pocket	0.657844316976828	2108.5
stealer	0.7607598826464705	5.0
confirmation	0.6759946328389704	216.5
entrain	0.26525250589824667	3.0
forty	0.7284917739055953	1940.0
intermingle	0.7327183735166455	17.5
antecedent	0.7134509568325345	46.5
yowl	0.7202283564080145	20.5
mathematic	0.7056302473610083	9.5
unmarked	0.7320125168776602	40.5
hatless	0.7221267355493306	20.5
rhone	0.7254121907465484	9.5
menacingly	0.694256958136683	32.5
ahhhh	0.6313176786976156	7.0
segregate	0.7192111790021574	156.5
whosoever	0.7069206566852795	6.5
carol	0.6846515653012494	546.0
soldier	0.6714212060824193	2051.5
unimpress	0.6515660777850916	35.0
confucius	0.6946216887911426	21.5
battering	0.8024839672176458	6.5
negligence	0.6475412918402369	53.0
pillow	0.6534560873014534	552.0
garland	0.7299504718883101	102.0
begin	0.7441294562224794	17034.0
ribboned	0.1924500843681138	4.0
torchlight	0.7281131035507071	23.5
dealing	0.7054655334531097	20.5
cowbell	0.7006940250015494	7.5
internationalization	0.676217893150734	10.0
manley	0.7917799586298089	39.0
belie	0.7555951842705607	12.5
addiction	0.6694348897356399	158.0
begat	0.7782402300037973	9.0
circumspection	0.7213665327905336	11.0
kinney	0.9614990709240663	24.0
pianist	0.6444807141870819	152.0
attacke	0.7078784175088656	52.0
sadistically	0.22318393233019987	2.0
shop	0.6594653989786587	2165.0
individualize	0.7828182481944584	15.0
crampon	0.22318219943960987	4.5
clothespin	0.6843479618219233	18.0
thorny	0.7587317247316482	40.5
lavender	0.707856387435857	99.0
standpoind	0.6914633645498622	11.0
mump	0.7366610530967539	15.0
profusely	0.6835635662033172	39.0
farmhand	0.780496236737198	13.0
regime	0.6353415735726456	990.5
splendid	0.734466517993982	250.0
nadir	0.7952662010613455	8.5
sunbeam	0.7676823682764251	12.5
ortiz	0.8122730783371057	14.0
obstetrics	0.6904412591067738	17.0
marciano	0.7860691282045297	4.0
helmsley	0.22653496265610037	5.0
embody	0.7182116873422449	204.5
bubba	0.8988922728915487	13.0
tangle	0.7358411613122152	293.5
employou	0.7038192344224539	15.0
cauliflower	0.6831132140770078	21.5
extracellular	0.0	0.5
reunit	0.714809604789725	42.0
bloodsucker	0.1708060264580325	6.0
acquisition	0.6901256262551239	235.0
bitterly	0.7003490699261257	355.0
grunts	0.6701518983108896	9.5
immortal	0.7162054926973234	106.5
crepuscular	0.9292883506329445	5.0
gittin	0.6726428784546642	9.5
unobservable	0.7675012790565295	3.5
ardmore	0.16903401156561407	2.5
sandstorm	0.6616731927242911	10.5
jitter	0.7319828148626825	23.5
anglo	0.6887241875746781	224.5
drucker	0.73128641898219	10.5
wall	0.6678268135231678	5807.5
sideswipe	0.7466025071062541	8.5
evidently	0.7647369537133701	331.5
roar	0.704261202563135	952.5
promotion	0.697899117563006	378.5
harebrained	0.8584245913914765	4.0
share	0.751890699101425	3412.5
ian	0.7328251168104981	154.5
anxiousle	0.7065678361729109	43.5
cation	0.701993770597693	33.0
transaction	0.6620104223415886	285.0
cortical	0.6956936292386344	20.0
sobserve	0.669057002085091	122.5
ammonium	0.6257571516462213	96.5
utterly	0.6752700831948006	196.0
interior	0.7461861697731063	881.0
unlocks	0.6408577474287441	21.0
appeals	0.6750179226520022	85.0
dyck	0.1755141870077177	10.0
pillowcase	0.6742631541305079	22.0
rickie	0.1757473618093218	4.0
dunn	0.7680697346424039	88.0
hollowness	0.6799908287694454	14.5
wraithlike	0.8579772255775228	4.5
redhaired	0.739411551942226	4.5
consult	0.7119635526336265	559.5
button	0.671334982027465	1100.5
curd	0.71055503568158	26.5
portia	0.7861430182842709	19.5
wriggl	0.7011943523611708	25.0
bigwig	0.7294615853802763	16.5
antarctic	0.6755123695577943	78.5
brueghel	0.7731730382067684	6.0
fay	0.7597557612168091	126.5
politburo	0.639730702123198	74.5
uncommon	0.7448061829757942	131.0
informality	0.694385080155626	28.5
agonize	0.7597839046728125	109.0
bush	0.7041750258774138	668.5
woodwork	0.7147691935723829	70.5
resold	0.7132862001138027	14.0
clear	0.7456801554684905	5169.5
jagger	0.1552433289415217	14.5
partly	0.7502257406647983	736.0
dependent	0.6864723792511086	520.0
reenact	0.7869866988371985	7.5
trout	0.6799642615342636	131.5
fauve	0.18742892417769386	5.0
ranger	0.6872884914053361	207.5
bethesda	0.6759066923721373	44.5
plank	0.7291204902888435	245.0
sword	0.6632748841347004	541.0
abdel	0.6091328961232552	59.0
staircase	0.6238452921051831	239.5
harp	0.7030457456511966	146.5
dealer	0.6697435816167197	622.0
souk	0.7178512565843632	5.5
schism	0.6395296264809547	40.0
iamb	0.7730791359097757	12.0
irreverence	0.6735629250049675	13.0
vide	0.7158350031825433	30.0
downing	0.8144093478175551	8.5
myriad	0.7569408633724664	96.5
lawlor	0.8161485368038934	6.5
shudd	0.7142681707604184	9.0
unthinkingly	0.7970040447942519	8.5
anarchic	0.7328380145522989	18.0
street	0.6599982518979964	8088.0
goade	0.7482777906182716	30.0
thcentury	0.7050854300042243	7.5
arkansa	0.7266438660290786	247.5
bamboo	0.6876716258399229	150.0
modernize	0.7030951883890932	98.0
radioman	0.7243198239048758	8.5
mayan	0.7434938868905828	14.5
gestation	0.6594422642795619	27.5
deepest	0.7734636201392697	11.0
roomful	0.6630474117632044	25.0
virulence	0.6943673740400045	16.5
deadhead	0.9201865197823446	4.5
molecular	0.6945559460394184	74.5
fleshy	0.7390651281725057	51.0
certification	0.6782976150344663	44.0
warner	0.6724627856893107	131.0
contemplation	0.6651055600364353	94.0
duval	0.7072030222880525	187.0
dazzle	0.7628201467365718	274.0
responde	0.6798987285222113	35.5
arthritic	0.754321323817041	20.0
steroid	0.6664729612359716	20.5
conor	0.9134394861779874	220.5
bushnell	0.2561180547534546	6.5
unbridled	0.7320069694972442	14.5
midsentence	0.12016273095615979	6.0
seventy	0.7157840661859376	756.5
blasting	0.7246909094886059	9.5
going	0.7287883502113136	55.5
knowledge	0.6735484000033063	2353.5
pension	0.6690725611664453	424.5
flatly	0.7578469073066063	45.0
sounded	0.7867307813487643	7.5
agamemnon	0.7280191110762677	11.0
hypothese	0.6547735231071083	58.5
multitude	0.6944998184930895	161.5
aftermath	0.6518793490581932	96.0
hyphen	0.8252094221870551	4.0
west	0.7343914669191973	5374.5
buyer	0.6680502962872645	480.5
yoruba	0.7576016052917918	12.0
spastically	0.2201113401415832	2.5
belly	0.690773149749237	437.0
mcgeorge	0.6289238716295329	27.5
belleville	0.791853878780403	6.5
psychical	0.7569980578301894	20.0
medicare	0.6749184306572464	129.0
bosses	0.68303653030175	41.0
avatar	0.7459627759581435	13.5
beatrice	0.7303625734913998	100.5
alive	0.6520510533822047	1593.5
nashua	0.7535682806114613	7.0
anonymous	0.732383263629221	238.0
fresh	0.7556829159686922	1721.5
bridged	0.8085685880663318	3.5
pianoforte	0.6987287613200707	32.0
cunning	0.7501511572023278	135.5
outdistance	0.7699658308787242	18.5
ritter	0.7744875109041958	12.5
westminster	0.6833422361319446	101.5
podge	0.7780143477482507	5.5
dudgeon	0.1848503132794145	2.5
division	0.7116663340602531	1587.0
kingdoms	0.18387384051088315	2.0
subsequently	0.7789033134952301	278.0
cuban	0.7150391667420608	758.0
email	0.6036854270498501	7.5
oblige	0.6996861610086149	447.0
quickly	0.7491995977811021	3440.5
daytona	0.6894185116633831	18.5
gentlemanly	0.757652631444725	41.0
conqu	0.8142823969065179	5.0
postcards	0.6676198160484907	10.0
val	0.7524193733619715	87.5
dough	0.706857081961757	164.0
genocide	0.6401306442668759	39.0
regalium	0.686027915869957	17.5
snowy	0.7208952975194043	94.0
cheapen	0.758137004118468	13.5
substance	0.6937695918912693	688.0
quote	0.6747513259239402	896.5
susannah	0.6937053802245774	21.5
keith	0.7454553316359352	260.0
overlarge	0.9641054707619616	3.5
saltiness	0.18342972815275038	2.5
cede	0.7424159184920667	17.5
neighborhood	0.6917240581740236	1040.0
ploughshare	0.8637521806077498	9.0
des	0.7781895600291213	69.0
distillation	0.7041380044053425	25.0
ripp	0.7256078745005059	89.0
sooty	0.7601397472460042	33.5
buckboard	0.6903212742509841	11.0
procreative	0.942427898316163	3.0
slumped	0.7901062177080556	6.0
groundwork	0.6497636163456451	47.0
lift	0.7511382850382117	2300.5
exchange	0.7330511590682083	2154.5
mutt	0.7289771614135707	34.0
penrose	0.7712760640343096	17.0
chewed	0.7201457093286412	14.5
riparian	0.9552203014674215	3.5
cit	0.696580854971	625.0
touchdown	0.604732684739339	103.5
weighty	0.7842141426104731	49.5
cancell	0.7391116425161862	39.5
hurdler	0.7942406793125151	3.5
plow	0.7347343921120195	280.0
sleep	0.68071977927443	4836.5
dermatology	0.19718013112399296	4.5
tot	0.7859664978412997	77.5
urbanity	0.7004749173261331	18.5
deter	0.6931517740366917	158.5
machete	0.6321985614600071	41.0
paraphernalia	0.8256211295099137	5.0
suffer	0.6860469514459735	2125.5
marc	0.6938507957412321	67.0
heel	0.6803978250032513	747.0
woman	0.7045717797922944	15044.5
tranquility	0.7110383475298963	25.0
spartanburg	0.7790441545133264	6.5
fledgl	0.7966566146396283	15.0
waave	0.8161486533875552	7.5
gullible	0.7344833444901923	28.5
vandyke	0.7982039844141358	7.5
transfusion	0.6537489098789848	55.5
institution	0.6712132475606954	1811.5
akron	0.7167765386881098	51.5
candle	0.6374614875966884	494.0
wilma	0.7356828938895134	12.5
immense	0.742742389855517	385.0
disease	0.627981758706676	1578.0
microgram	0.6822222407580836	9.0
stove	0.6379559668172421	474.0
cecil	0.7132457321433642	129.5
sturm	1.2733230762666543	4.5
lace	0.7258415356205724	388.0
emerson	0.7364715919818487	171.5
mummer	0.9700243874653589	6.5
idler	0.7304995366762972	13.0
quantifiable	0.8163337120398777	6.0
melissa	0.7648028873421759	13.0
grotesque	0.7369263152738987	193.0
whimsically	0.7914214985543884	13.5
exchanger	0.6695547163421148	11.0
dislodge	0.7197660411070559	67.0
teleological	0.7126441141091582	16.0
scamp	0.8002356063791669	8.0
mattere	0.6496566404770724	31.0
brodie	0.8640423140719421	96.5
dogged	0.7621801719115108	69.5
paterno	0.7503332849280528	6.0
chris	0.7032979218602401	578.0
cheesy	0.24950409385679173	2.5
travelle	0.7674360965549676	21.0
despise	0.6833854778710063	282.5
shoestr	0.8010483744995924	10.0
envelop	0.7478643492837868	208.5
tedium	0.6845258020876763	32.5
pertinence	0.7181170652381393	12.5
gato	0.6931395503492402	7.0
nipper	0.7772816988132168	6.0
wayne	0.7348128086820909	405.0
solicitation	0.6815794310859873	28.0
document	0.6805853987790533	925.5
elias	0.7523090682850258	11.5
hallucinogen	0.7225107854047903	5.0
nearly	0.748219168174669	3305.0
unfathomable	0.7505086292138532	30.5
mandible	0.7631962507597783	4.0
odysseus	0.6968002864522738	35.5
swirl	0.7105761592896642	228.0
bromide	0.7284625710310987	14.0
grudgingly	0.6832180374223554	6.0
semiannual	0.7649366621437501	11.5
mothball	0.7275061782506368	13.5
fredric	0.6776920378782144	11.0
sane	0.7488748366063713	176.5
coach	0.7259045109121973	1007.0
wilton	0.7898606167510138	20.0
altruism	0.6867139724628766	20.5
garner	0.7721532424665175	77.5
disobedience	0.6402980747366132	64.0
incidence	0.6342256867399592	131.5
constants	0.1861774216530942	6.5
hugely	0.7791155756880388	40.0
reichstag	0.6980977910318438	5.0
reformatory	0.6945841111690512	26.0
bole	0.7815885353717693	23.5
folksy	0.7410381224617216	29.5
selfsame	0.8332598658677378	10.0
jeremiah	0.7215871715737205	34.5
gown	0.6391230523978888	391.5
unfairly	0.7250949804655463	53.5
lenny	0.7056470847187162	162.5
conqueror	0.6591628640912283	82.0
designer	0.6933149829876141	325.0
assignment	0.6782831010988453	533.5
maladjustment	0.7304600398117427	15.5
hiker	0.6910525422002161	27.5
fairy	0.6430435903007414	208.0
ten	0.7554388948111194	5233.0
rhome	0.2243654460168718	6.0
factually	0.7709288623115585	15.5
plantation	0.681980183307542	220.0
rooter	0.7604977601597723	8.0
dispatch	0.7326421916831724	423.5
bank	0.7016855092624097	4340.5
syrian	0.6936715965766246	237.5
beowulf	0.8110018566623239	26.5
jangle	0.7082243039997265	67.0
conspicuous	0.7604812397467384	167.5
hoh	0.24131977445432004	4.0
palisade	0.6803687214441245	42.5
talon	0.6833377570820108	31.0
triumph	0.6863244790603716	615.0
maggiore	0.7294110964110221	5.5
youthfulness	0.6831571092676831	8.5
sapphire	0.7164060786261328	42.0
mango	0.6668091369511445	31.0
earle	0.6788583578633836	182.0
thigh	0.647929907986546	479.0
agreement	0.6429825313984607	2228.0
deprived	0.7528470641704151	6.0
pressing	0.762221394058171	116.5
uphill	0.7234380206118513	97.0
head	0.7371125703723831	14906.0
patent	0.7213991418277627	380.5
maid	0.6672200943062284	505.5
dicks	0.7132339416255417	14.0
chteau	0.6529372846147399	5.0
garrote	0.9770006399434255	7.5
herald	0.7089853513636001	242.5
mannheim	0.8040861911479436	110.0
morsel	0.6774449248130545	38.5
parity	0.6860529335086727	70.0
phenomenology	0.7575393236278694	20.0
elkhart	0.8714639463519659	4.0
reckon	0.6973694521041767	488.0
spine	0.6777156878263789	234.5
intellectualize	0.7564881589870704	6.0
miller	0.7224759323027188	866.5
pronge	0.7238539534195838	21.5
least	0.6776194867139849	539.0
dar	0.7239870188099911	510.5
pops	0.7082098085197368	17.5
cannot	0.8121694632065855	13.0
featherb	0.8128286560335339	5.0
sphere	0.690664710019072	281.5
er	0.7252674559494975	567.5
crayfish	0.7925110953389677	5.5
booz	0.6989337824823088	4.5
nader	0.6672089193174495	90.0
libretto	0.6467523326952095	17.5
advertise	0.7155347256326839	997.5
flate	0.7265143326988748	22.0
environmental	0.7220852948063528	506.0
attribute	0.7428741232871879	520.5
twelfth	0.7309378362985064	128.0
attentions	0.6405915323461888	8.5
moneyman	0.7398415498296408	11.5
culligan	0.7881661507361445	20.5
brighten	0.6991719066821936	167.5
equidistant	0.7718291402691375	10.0
lave	0.7986327662174815	23.5
staunchest	0.6697210631651087	9.5
nast	0.7319565868957871	9.0
fever	0.6611144255404416	564.0
raise	0.7505205482132034	5316.5
coltrane	0.7722061442531751	3.5
bulk	0.7276905873122932	456.5
estrus	0.7165665255576721	10.0
desperation	0.6657844978777102	202.0
kerr	0.741947589818455	150.5
handwoven	0.7788238826167859	4.0
gray	0.7446107382254716	2249.0
row	0.6948321629449106	1467.5
druid	0.754785177716877	8.5
weatherproof	0.8425910436743868	4.0
gymnastic	0.7923476199625767	10.0
bache	0.7613010321325026	16.5
uppermuch	0.729125939804623	23.5
shen	0.7630110577519271	13.0
swapp	0.7601300591555059	22.5
buzzer	0.6359922850314096	93.5
foss	0.7602338436333418	28.0
paradoxically	0.7524978718705779	58.5
whiff	0.6566743927285339	75.5
honour	0.6990270830546659	79.0
designate	0.7915657299675825	364.5
delude	0.7133003456217692	48.0
ordain	0.6859818708722234	83.0
prenatal	0.6771673133641563	25.0
stereotyp	0.6918483084362955	8.0
etre	0.6609603294175697	11.5
alta	0.772819327055492	15.0
overwhelmed	0.8706373763474035	4.0
compartmentalize	0.8398701169616459	6.5
littendle	0.7406456315142878	102.0
joel	0.7253206830502293	116.5
tann	0.8284198966613628	7.0
inappropriate	0.7140592796460883	96.5
discard	0.7513915221450196	289.5
bauhaus	0.6897715026471245	10.0
springe	0.7838294908075283	7.5
realize	0.6522727436518077	3398.0
halyard	0.7325114821029233	13.0
movements	0.6734330435954149	132.5
thew	0.8931572068683767	7.5
clayton	0.7645406457760813	158.0
shelby	0.8362364047817246	35.5
snake	0.6895782063689943	750.0
journeyman	0.730172476303188	24.0
insignificance	0.6480370404242896	14.0
workbench	0.7035517721389951	42.0
counsele	0.7939589730868231	8.5
ergo	0.7283189041117483	15.5
glamorize	0.7723910632298567	8.5
wagge	0.6997729618304931	35.0
normalize	0.6929713479614348	17.0
tanner	0.7951730556020125	58.5
flashy	0.765980053962511	55.5
grumman	0.6851021058309843	22.0
cult	0.6952993917927918	251.0
leningrad	0.7072197844114432	63.5
glens	0.7452137019385712	12.0
cabaret	0.7089972701662197	41.5
mushroom	0.7180611501312866	199.0
pretentiousness	0.6986474802381795	8.0
bleeding	0.6374947056198542	42.0
layoff	0.6628751572096439	78.5
evansville	0.7044943071919313	17.5
circuitous	0.7207814176384582	19.5
tempo	0.6852980289110777	110.5
joyride	0.2176494689496117	5.0
relatively	0.6954183581260787	525.5
ao	0.8993944623855115	56.5
stanislaus	0.18957844855689193	5.5
marshall	0.7485129399224454	443.5
hostage	0.6808608048122885	339.0
selflessness	0.6892111902890993	7.5
moist	0.7262740778192559	181.0
seventeen	0.750431474506874	543.0
response	0.6768497947842635	1787.0
already	0.7700087019087901	7405.0
nothingness	0.6585751823598949	57.5
drank	0.6588081933476606	30.5
broke	0.7451060391337926	45.5
brick	0.6826419378624369	548.0
merger	0.6663824181641583	220.0
strips	0.21239636929283112	2.0
thailand	0.6678234572466623	204.0
encourag	0.7228292757932827	303.0
folk	0.7031884123985549	1192.0
hungrily	0.7504381619144458	40.5
mood	0.6832339955995157	1201.0
bishop	0.6848771200864036	878.0
heisenberg	0.7705880758787719	5.5
veto	0.6623544925757923	391.0
cubic	0.6330183524502371	89.0
analyzer	0.15200581948546926	9.5
mere	0.7708458925372549	3166.5
gorgon	0.8340839980874246	13.0
abraham	0.6883303376453216	424.5
oxygen	0.6692282060964514	412.5
slough	0.7839572953620517	39.0
sandwich	0.6510911838700872	594.0
pay	0.6881567095455486	8002.0
beat	0.7435414935700777	2863.0
virus	0.6240628448070527	173.0
princesses	0.7484174645814314	5.0
speller	0.7900923271222704	7.5
nly	1.0940486597209653	4.0
peck	0.752223928262034	257.5
brennan	0.7155278125821746	93.5
feng	0.7233407660045841	67.5
cyrus	0.6805770876599463	93.5
sense	0.7147417936864352	5816.0
valet	0.6789500737550282	67.0
resident	0.7034977568638543	927.0
conscript	0.6995170745985746	29.5
vaudevillian	0.7515448424533074	10.5
evader	0.6684071223934034	11.5
mime	0.7905936582282753	40.5
precedence	0.6368677424509863	57.0
brace	0.7570930190728884	378.5
laid	0.7361382005294714	173.5
cear	0.7005016240761652	161.0
harlot	0.7144508388932114	38.5
tuition	0.6512520110702142	168.0
pulling	0.7642484367391816	13.0
interests	0.7183911325196041	13.5
naturalistic	0.7293076797898901	32.0
breakwater	0.6772412961600012	22.5
customary	0.7605867917595222	246.0
user	0.7113066523599871	299.0
colleen	0.7328953039264495	8.0
malinger	0.7382130456769869	12.0
discreditable	0.8250454484923582	7.0
levine	0.7676841008196893	175.0
chile	0.7155434713646359	222.0
basket	0.6725066211308597	581.5
halliday	0.9147103134343519	3.5
protagonist	0.67680198224847	59.0
revo	0.16269225070736723	3.5
exbe	0.7149333042204653	8.0
domestication	0.7198105430090832	7.5
involuntary	0.7378800577754174	92.5
resigned	0.7488231680533444	51.0
lucki	0.6670179520302555	9.0
finesse	0.7168153035597985	46.0
syringe	0.6593548990670992	54.0
fortuitously	0.2805448813716227	3.5
resupply	0.7888018102645197	16.0
govern	0.7270108099703293	618.5
hesitation	0.6465419592754517	211.5
sl	0.7382732566630443	82.0
aways	0.2181163080138669	3.0
indignation	0.6218863491513464	190.5
gretel	0.7185157766996275	49.5
cleft	0.7130321394042536	56.0
criminology	0.6829037968950535	10.0
saxophone	0.6489001823782131	27.0
soape	0.698636989618979	8.5
serialization	0.6953441293646379	8.0
fifi	0.828906977961156	8.0
gilligan	0.7439012532663306	22.5
eurasia	0.7158541493227093	17.0
supports	0.8148378206534455	4.5
adroitly	0.7788151700764125	23.0
tautly	0.7736769670261494	14.0
sacramento	0.7107249519229818	111.5
invasive	0.8338232243966152	9.5
concisely	0.7916727904655504	9.5
reformation	0.6209916851954759	115.5
patchy	0.7632960495492739	17.0
strainer	0.6864988498947522	7.0
smallest	0.6862469622302695	16.5
vis	0.675349887478091	93.0
pickpocket	0.712508786342312	26.5
gatekeeper	0.7214568763545224	9.5
unethical	0.7188819181758472	33.0
mange	0.7917272788748576	6.5
nullification	0.7083045715662546	6.5
wendy	0.7404983499630149	232.5
decoration	0.6642992369633154	205.5
energy	0.7425680300383253	2762.0
judgment	0.6628931741474718	1227.5
ruminant	0.6416875258432642	42.5
regulations	0.624315908854161	146.0
dykes	0.7285148459974048	13.5
father	0.6872098303510497	11195.5
tracer	0.7244651717578183	23.0
smith	0.7360497516716336	1530.0
divid	0.7365993837632747	127.0
sim	0.7567705363661885	77.5
plutocracy	0.7358880760446125	7.0
nudie	0.745797334721755	5.5
weathere	0.7374721146110697	25.0
skull	0.6591366423040687	495.0
bap	0.247676404682697	3.5
undy	0.7778471496196574	17.5
querulously	0.7350333567276489	6.0
thoroughgo	0.8349378753129758	11.5
establishe	0.24107330000429972	5.0
edmonds	0.8333781611471678	13.5
drug	0.6924229844529803	1707.0
lounge	0.7052701039694332	380.0
infinitude	0.1731353992397716	2.0
changed	0.6991286479599843	56.0
graft	0.7265701007166869	110.0
garde	0.6536811496763554	65.5
lingo	0.7421796755107634	33.5
mandalay	0.7171278896628013	5.0
gum	0.7017718263769042	366.5
objectively	0.808394603322099	11.5
panoply	0.756446155059721	20.5
racism	0.6481907401815731	129.0
amateur	0.7125244554339792	398.0
reactor	0.6595976774995383	231.5
reforms	0.6374054572918312	156.5
rhetorician	0.7793543246193342	5.5
dirt	0.7085491738876377	669.0
rue	0.6686007632426458	170.5
sec	0.7555781815725291	431.5
arra	0.778787784066655	8.0
hypertension	0.6488187717881068	22.0
carrot	0.662248018490794	162.5
leaf	0.6943649512808673	1528.0
interpretation	0.6532103296874615	568.5
misidentify	0.22325696351566143	2.0
codpiece	0.1942578979189788	2.0
sticks	0.7048197547824432	58.0
temperature	0.6373983005633901	1097.0
ohm	0.9310101169087045	5.5
glace	0.864735301550722	10.5
shithead	0.7067954518668751	8.5
bite	0.7255665193651507	724.5
futility	0.6699959272090582	89.0
guess	0.6301316510818722	3502.5
morning	0.6731136076585497	6788.5
dissolf	0.7114308453078518	35.5
diagnose	0.6821277144270739	135.0
uranus	0.6433032036509497	30.5
unsmil	0.6796871096946354	26.5
innovation	0.6753211408220472	246.5
effervescent	0.8205716438344166	11.0
lend	0.7360615221193644	559.5
baseball	0.6945346706362923	651.0
roosevelts	0.6679615489435233	7.5
barron	0.8525161338248484	14.5
lot	0.7007648488915353	6121.0
fleet	0.7302305838028236	726.5
ford	0.7365249940774383	2210.0
jennings	0.7060367122596893	66.0
pump	0.7344639200549484	807.0
px	0.7282836697188482	74.0
caree	0.8004966691871973	5.5
couple	0.7254638076705403	3204.0
capability	0.6726139007965416	323.5
brubeck	0.7264852689606827	6.5
tyrosine	0.6644475163155162	4.0
federal	0.7028358402706646	5109.5
neill	0.6516519905194539	178.5
antiestablishment	0.8871656350587452	3.5
killing	0.6487789387463262	291.5
sliver	0.7060499403276597	63.5
postal	0.7044026899664741	219.5
moyer	0.720005462248008	44.5
scarcity	0.6834588726879858	80.5
marla	0.8278240639045376	4.0
suh	0.6514486695458479	27.0
watering	0.805671792959874	9.0
londonderry	0.7098457518736201	23.0
tine	0.7974336205364525	55.5
organism	0.6354565067853553	372.5
late	0.7602208065184615	14822.0
oppress	0.713631545053855	126.5
constrictor	0.7728061035205736	5.5
inspector	0.6930078962338408	497.5
servile	0.7896940844872398	25.0
memo	0.6522140825384353	191.5
celestial	0.690428602334454	84.5
foxy	0.7932005460333057	98.5
noncom	0.674229048282911	29.0
scrawled	0.6833780580967221	6.5
deficiency	0.6741943945762718	209.0
papua	0.7152241405106632	6.5
acclamation	0.6461821211729095	13.0
earnestness	0.6785517813013315	33.0
bouillabaisse	0.7332967527077708	6.5
rag	0.7394327881952695	413.0
seminary	0.6540283781157755	165.5
ineligible	0.6717802951280691	33.5
underprivileged	0.7109718342303434	34.5
serene	0.738733335761643	170.0
territories	0.6327154726082416	36.0
wright	0.7310807709189807	224.5
dummy	0.7528368455810013	151.5
pen	0.6810415263696925	790.0
purdy	0.827675334470437	6.0
licit	0.9020989157384429	4.5
branford	1.040902073535483	10.5
tactfully	0.7781680219626523	39.0
draining	0.765914137950268	8.0
tenure	0.6809277291447103	163.5
overcharge	0.7285291901988623	32.5
abbie	0.7759359970236333	51.0
register	0.7270222908237884	791.0
flipper	0.6926134474610863	29.5
haggle	0.7131956192715905	26.0
repudiat	0.6788564901820249	17.0
mush	0.7353190820522548	48.5
tab	0.7150599377155809	138.0
outfit	0.6990324856415705	381.0
genuineness	0.6847905314396927	11.0
inward	0.7494386174354193	244.5
movement	0.6852856779636728	2884.0
guatemalan	0.760579959808284	22.5
quasar	0.6326701434263592	52.5
merriman	0.20899543678386145	2.0
differential	0.7334492408018565	115.0
premed	0.8606022341846331	3.5
quotient	0.702144141375921	12.5
dreamboat	0.7233352111519207	3.0
camille	0.736885526724081	17.5
lain	0.6564317819335259	130.0
unwelcome	0.7587065351727824	59.5
obstacle	0.6379681293864534	353.5
village	0.6912919086008382	2030.0
puff	0.7105409057230954	452.0
mt	0.6550463734185759	114.5
tease	0.7105255257478813	373.5
outline	0.7144574223798947	396.5
colour	0.6943868098854378	288.5
deploying	0.6721915555245118	16.5
backwash	0.7349818621281216	9.0
spape	0.670616933785381	4.5
defiance	0.66997889894773	171.5
af	0.7929508624839288	41.0
indict	0.6407911533738173	221.0
wheels	0.7127905053498316	6.0
swim	0.6645752203954767	430.0
rosenwald	0.9476923312103821	6.5
cynthia	0.6903403870019265	130.5
subjugate	0.6882496795297242	24.5
pointed	0.7785368315919718	250.5
family	0.7074965718080266	8533.5
collective	0.7402070749952587	530.5
shopgirl	0.7175640788728921	8.0
penal	0.6884587630995727	67.5
norwalk	0.8205840596956103	10.5
ammon	0.7956151393261565	14.0
transformer	0.7125133330678355	29.5
summe	0.7312295915415662	26.5
tes	0.7267433634953409	431.0
orate	0.7626476843136891	13.0
cute	0.6922520149170555	233.5
manif	0.7497656891352819	64.0
negro	0.7127468828138273	3404.5
tiffany	0.7197980936196385	42.0
coworker	0.735842886612208	9.5
isay	0.21016216959102682	3.5
hock	0.7689435538709051	46.0
straggl	0.7460195854159593	18.5
supercharged	0.799582566854695	4.0
beautification	0.7454790772523567	14.0
barbarian	0.7025925954297195	114.5
insufferable	0.7630674102473434	25.5
contour	0.7059702522038547	139.5
harre	0.6550973362550583	56.0
electrolyte	0.6492957191357277	29.5
irregular	0.7741085651246133	174.5
thou	0.6270783996748479	297.0
arid	0.7677090794479817	136.0
defendan	0.7275028647827084	7.5
levis	0.6951469186775656	28.0
hotb	0.6773089986196258	10.5
snarls	0.7808777175548566	7.0
crock	0.727486834630364	40.0
oust	0.7163243653754671	122.5
unight	0.7757518715873333	24.0
murky	0.7579480700164425	83.0
eridani	0.6965198616105404	4.5
unassailable	0.7573206121160267	22.0
rosetta	0.8748150135037758	5.5
strove	0.6799838661204363	25.5
modesto	0.7418203874664164	5.0
dwindling	0.817597682869582	4.0
lass	0.752570759044479	46.0
preparation	0.6959261059952137	721.5
stee	0.7643352346089907	24.0
increasing	0.20487724976312713	2.5
angl	0.7514213994184265	33.0
demonstrable	0.7762412544280057	47.0
crip	0.22943316451489565	3.0
naivete	0.6831882959348776	37.0
suburbia	0.14432528117612323	4.5
laurent	0.7416607709653877	42.0
maybe	0.6610189700767403	6153.0
commandment	0.6390907050056704	81.0
preferable	0.7531692093474676	205.5
intake	0.6791372444840913	158.0
paparazzi	0.717739768785973	6.5
wexford	0.1327285395277425	3.0
patience	0.6844991158847082	407.5
neutron	0.6471611326268162	171.0
sexually	0.6915650048010062	145.0
traffic	0.6752421541598472	1669.5
gasoline	0.7041362887849847	571.0
hatchet	0.6876892265448297	74.5
helium	0.6580534576215722	51.0
geraldine	0.7061013443494506	177.5
kia	0.9089866898942008	4.0
mafiosi	0.7373433409709479	12.5
sandpiper	0.713722843380129	7.5
ledge	0.642707306073762	250.5
kea	0.7692903160638841	5.5
standardize	0.7421677103128379	61.0
grumpily	0.7753065676265226	5.5
ei	0.7250046701038815	27.5
thinkable	0.8231051232629993	7.0
deare	0.7067686956708811	51.5
likelihood	0.6368739415919983	155.5
drawback	0.6371173510699778	76.5
scalding	0.7957031116853218	9.0
undrinkable	0.15242535159895299	2.0
bohemian	0.7558075980310254	59.5
sounde	0.7498750644072614	7.0
cutting	0.7071328909423664	42.0
playpen	0.7008997960058226	16.5
upstream	0.6884108981429028	78.5
eultimat	0.7808528853284539	17.0
seedless	0.19768669905955052	2.5
noot	0.7709113099055209	5.5
artagnan	0.16269615305912927	3.0
atla	0.7339739880645657	131.5
polar	0.68980331812178	108.5
narrow	0.7568498694797265	1852.5
appellate	0.638293239703367	82.0
podium	0.6326124568727693	102.0
advocate	0.7153121945251943	597.5
chomsky	0.20142917357920131	21.0
briefcase	0.644328421220153	236.5
fictitious	0.7848178010576711	64.5
vagrant	0.763137003286756	49.0
gaseous	0.6693942551208623	58.5
appetite	0.6456570686416134	305.5
playin	0.6245258368455981	39.5
pointblank	0.8844397632064205	6.0
sone	0.8869871069343228	4.5
word	0.6723400639972226	10802.5
gym	0.6943724482788605	136.5
verbalize	0.7955500205429079	13.0
obstetrician	0.6689821769411282	40.0
chatsworth	0.7202086422157785	20.5
monte	0.6731788732573799	70.5
verna	0.9320429711289469	4.0
treasonous	0.7567533405545849	9.0
buse	0.6750784002605483	628.5
flashlight	0.6487801031168265	249.0
orbiter	0.6600465623015995	27.5
compan	0.9178708835485596	6.0
germ	0.6996663660242027	161.0
widen	0.7197235569096324	259.5
hieroglyphic	0.7154971251944782	4.5
noncompliance	0.6618720709141598	11.0
fanciest	0.21335860528600034	3.0
dressing	0.6952158755500646	56.0
abou	1.0025767992672017	9.0
whipp	0.759385599120266	110.0
patio	0.6557782082713051	123.5
liberals	0.6506103154942918	134.5
land	0.7120211698910465	6200.0
virtuously	0.806649590187509	4.5
admonitory	0.7775556218764501	6.5
decency	0.6794015515464671	158.0
award	0.6739559639148924	646.5
weigh	0.7078303283059415	779.0
airless	0.7761904018558465	28.0
replacement	0.7278803184009038	282.0
rockefeller	0.7033475166874874	1209.5
profe	0.7400433316802969	13.0
huntley	0.761005888107549	24.0
hyper	0.7950577687983358	19.5
busload	0.6513277685930114	15.5
businessman	0.6924325703676143	916.0
restrain	0.75143118662337	383.0
decree	0.6741978780481681	264.5
governe	0.687972376745074	27.0
tak	0.6895289398895985	102.5
astuteness	0.7109220352619918	9.0
peachtree	0.7299302989914473	5.0
resourceful	0.731886978885633	58.5
prose	0.6644335052267909	236.0
underbrush	0.6161244517090078	53.5
extraterrestrial	0.7230230541008662	17.5
palermo	0.7216918567028001	14.5
autobiography	0.6257457270458007	140.0
barmaid	0.6711872689629786	17.0
resort	0.7278296390549431	552.5
newhouse	0.7595503172192084	34.5
officialdom	0.6962498690847406	23.0
temporally	0.8389180583770388	7.5
alvarez	0.6936516855672252	17.0
card	0.6428234236825267	1905.0
parent	0.7177707017113775	2853.0
willis	0.7704371280111828	80.5
sugar	0.6930360679816153	922.0
mocks	0.7649005755714049	5.5
esoteric	0.741740573126694	47.0
airstream	0.7940683941113738	8.0
concertgoer	0.7522146029140899	3.5
brian	0.7512222071229337	538.5
seem	0.6803454524253895	17380.0
sheathed	0.22056209661038317	3.0
accompanist	0.6737965034982648	9.5
nurse	0.7083983680946904	1703.5
sponge	0.7253377234321396	165.5
nucleate	0.9050880238888404	3.0
longwood	0.8096063029963285	6.0
schaffer	0.21093766618900936	2.5
smorgasbord	0.7795443278355905	6.5
unilaterally	0.7114979402038403	37.0
mariachi	0.1551642738605061	2.5
don	0.6924707650484747	1234.0
cw	0.24093144311460932	3.5
abound	0.6843507836213862	90.0
firebomb	0.7296353271856566	11.0
schaumburg	0.21688616614689765	5.5
trent	0.6952888151034451	265.5
lead	0.7720483735640402	8136.0
levant	0.8007609267156991	15.5
squadron	0.6583517271106218	117.5
owlish	0.7671032164650635	14.0
protean	0.8557772423554099	14.0
suffering	0.6699165329664544	52.0
morass	0.6914119249774971	27.0
disappointed	0.6918286324399603	8.5
pre	0.6945313108720574	826.5
rouged	0.7731082118474888	6.0
winchester	0.756029386487237	45.5
equip	0.6995711652788328	481.0
draped	0.8026292294119836	4.5
rosebush	0.68909831636617	11.0
omnivorous	0.8008512061154521	12.5
gutter	0.6921855558566963	147.5
battalion	0.6497788403070609	298.5
campy	0.8385046867720156	15.5
entrance	0.6701584394295459	1104.5
damned	0.7082246933689781	529.5
stomachs	0.6470806796489	22.5
composite	0.767729300593157	71.5
milton	0.7258075173943027	306.5
coauthor	0.6936329718174501	6.5
pained	0.7349623019948923	32.5
reo	0.7349598300609074	5.0
why	0.6624712512247352	15121.0
shovele	0.7309814622852244	3.5
buildings	0.7407579135422193	14.0
shellac	0.6423908543068957	124.5
queensboro	0.1619412143628237	3.5
headlamp	0.6706609852087064	8.5
eagle	0.6760053775081366	430.5
cent	0.6603208960872526	4661.5
momma	0.6983926243945646	41.5
doubt	0.6630820398848633	3256.0
record	0.717498883510686	4668.5
jerald	0.14944569453232318	3.0
performer	0.689133370453398	229.0
necessary	0.6924391799272808	3160.0
archive	0.6757529508091284	82.5
anticipate	0.7369895938606981	601.0
visitation	0.716490235080093	31.5
si	0.7152633066221556	262.0
costello	0.6915426579178818	56.5
glint	0.6813884229477897	195.5
kramer	0.7559499614649243	92.0
stake	0.6878823856371971	577.5
steely	0.7520948916449564	45.0
muttering	0.6542496764079406	30.5
excavate	0.7196324199591093	28.0
snafu	0.2511676628246731	4.0
gratuitously	0.7937147940128706	12.5
possession	0.6950908178374842	544.0
stupid	0.7257425313458107	934.5
perplex	0.7444102746666127	134.5
quinine	0.6870272447683978	16.0
subnormal	0.8809317082671079	6.0
lumbar	0.704677763392273	10.5
tread	0.7345784025386504	155.0
eiderdown	0.7331088478104802	8.5
charge	0.7273878191901848	4576.0
tauntingly	0.7503498129540571	5.0
dobb	0.755556447819923	14.0
wyeth	0.743119466544289	23.5
joined	0.756957350608106	27.0
wak	0.7767649431968123	20.0
unto	0.6601931696506318	250.0
hybrid	0.7128408436589053	96.0
queasiness	0.6858272885563523	7.0
solidify	0.7492283099887919	49.5
woodlot	0.7055320624433943	8.0
herding	0.2431933664088993	2.5
mystic	0.7308936560518138	105.0
admissible	0.710477697350459	16.0
warn	0.6869786635384121	1695.0
artless	0.784067135287324	25.5
prudery	0.7147070156599045	6.5
powdery	0.7405447694689051	32.5
twinkle	0.6846046192503566	68.5
snazzy	0.7991439978259336	6.0
invocation	0.6369749923137948	35.0
limply	0.7136372114689208	47.5
preoccupation	0.6545248484141353	169.0
disconnection	0.16044909214595218	6.0
janie	0.6750291086296561	28.5
logjam	0.7442177755849755	8.0
handsom	0.7653996336518688	10.0
cecilia	0.7904498814814443	79.5
wine	0.6659004954549788	1485.5
kin	0.7165027219891453	265.0
disinclin	0.6225029545901575	15.0
mornings	0.6167116628268821	9.5
ale	0.6690309193515555	112.0
placido	0.947615529784673	6.0
stasis	0.8648766231764666	9.0
patriarchal	0.7376698486613934	33.5
garbage	0.6589732482516011	523.0
goodbye	0.6225974151279109	459.5
congruent	0.7222832345861738	6.0
prohibition	0.6515801876781326	184.0
exhibitionism	0.7609547421655349	10.0
multiplie	0.8227696137099286	4.0
recaptur	0.7310039053669637	10.0
quint	0.7760452888845065	12.0
squalle	0.8098857647445332	4.5
torture	0.7237478254300902	370.0
gallop	0.6903916850505534	216.5
lovin	0.7464506502423948	18.0
defeat	0.693899406058955	972.0
detail	0.6945121636219522	2569.0
wishy	0.6837600900482727	10.0
aerie	0.7227431357800106	11.0
vulture	0.6736679780092053	71.5
staffordshire	0.7787355448634024	14.0
cora	0.7465363677087633	120.0
sloven	0.7811284723889287	9.5
readings	0.7134435057866859	8.0
poseidon	0.7533661035559849	30.0
gleason	0.7268904816847497	58.0
peevish	0.7963044102782922	26.0
spellman	0.6794454415514655	40.5
ohh	0.6714645837958139	7.0
wanda	0.6788732563073924	184.0
digitali	0.7136797959346417	10.5
meddling	0.7040737816898067	12.0
starts	0.7044547625136599	238.5
neckpiece	0.7792479084242669	3.0
miraculous	0.7380030338641872	100.0
complexion	0.6661511017533697	138.0
upwards	0.7124669685400762	97.0
slotted	0.7798283061637105	6.5
title	0.7075647900198411	1238.0
weis	0.2497875387266108	5.0
wealthier	0.22922164822221858	5.0
circle	0.7097836558869188	1704.0
sock	0.6754935597596735	403.0
baba	0.7402678658040125	52.5
centerpiece	0.6947096766516236	41.0
potion	0.6847453032913439	36.5
discounter	0.1815608640396508	7.5
agin	0.7291325782652419	18.5
lipscomb	0.8470148880938959	4.0
farley	0.7451159607081477	89.0
cayenne	0.14867076092822742	4.0
fixin	0.6857070847318599	16.5
sud	0.7640850087435057	34.0
sportsman	0.7227712142099731	59.5
pubescent	0.8036630505037408	6.0
warbl	0.7592634865363344	4.0
educators	0.5964453288901314	8.0
catastroph	0.6772015278146787	14.0
eames	0.8549184753037584	6.5
unheate	0.7592065454119689	13.0
confi	0.7291046886551743	6.0
overloade	0.7035844155248254	23.5
external	0.7283048716754377	389.5
foreshorten	0.8234393301006009	12.5
pathetically	0.7710399009283126	46.0
squinch	0.814261138234289	10.0
loosen	0.7218532672216288	186.0
cost	0.6831030567418858	5287.0
claiborne	0.755882157880622	77.0
dismay	0.6811973382899625	332.5
aaa	0.7567365325339219	13.0
glenview	0.817358707974448	10.0
jasmine	0.6627195353337983	27.5
delaware	0.7346834485479008	174.0
laudanum	0.7397360292253387	5.0
typesetter	0.7260439954198521	6.5
ridicul	0.707822037667508	11.5
organization	0.6818694795864716	2755.0
uhm	0.6677742826916883	18.5
toed	0.9192908947296845	5.0
lower	0.7457961944826134	380.5
corre	0.7563672768451283	7.0
barra	0.7418426806026	8.0
adventur	0.20352564998148132	3.0
dramatic	0.7501098066843521	720.5
ay	0.8175904443741582	227.0
dare	0.6849368493563912	604.5
bef	0.9068870962280076	5.5
passionately	0.7425819133802998	126.0
maxie	0.19826565757008846	4.5
recuperative	0.8011227876997801	5.0
birdcage	0.7274102041399222	8.0
lubrication	0.7180599049737373	11.0
max	0.7418867635996925	1112.5
india	0.7136071116233677	1016.0
burlingame	0.7575302475794178	4.0
oscar	0.6884026946476334	317.0
hulk	0.7462368489732676	66.5
risk	0.7055497078662023	1532.5
pleistocene	0.6699644987968117	17.0
klansman	0.6581193496728797	31.5
philanderer	0.7065269424398447	9.5
lister	0.8510139732087125	22.0
mojave	0.6445404606661762	10.5
expedient	0.7131636396434999	91.0
part	0.7447547188082222	12318.0
overrul	0.7143505814556441	7.5
theatergoer	0.7258624333649105	6.0
succession	0.706738810197672	352.0
fanciful	0.7503959312887142	46.5
nicely	0.737321951977111	192.5
swirling	0.7233437902155367	8.5
arlington	0.7036196037574891	88.5
lyrically	0.26360450940647745	3.5
scatter	0.7476324256029894	746.5
luanda	0.6670568194506941	15.5
kleine	0.8697530901784861	16.5
pomme	0.17865283268805235	4.0
hangnail	0.710499712433496	8.0
coaxing	0.7380224086592274	7.0
spit	0.7175265824598217	171.0
tonight	0.7037167838301895	2144.5
attachment	0.686407256045217	155.5
rustic	0.7555882738018713	54.5
lodestar	0.23847105687280115	2.5
angell	0.7854249439633064	8.0
abyssinian	0.7768494176253671	8.5
mahal	0.619415941351668	22.0
oblong	0.7110943876733566	35.5
explanation	0.6399493421969056	1113.0
raffle	0.7370355008750934	18.5
lefthand	0.9195260027833332	19.5
outgrow	0.69914069664231	44.5
swarm	0.7178458565089088	318.5
beseech	0.7185879449448862	40.5
egoistic	0.7903342620136102	4.5
jet	0.6941260293489802	1045.5
mascara	0.6946675847479065	19.0
trekk	0.6889825707986146	15.0
proven	0.7578241945504415	102.0
malaya	0.6720245442186902	44.0
adoption	0.6904175443098337	259.5
estimates	0.6428281418645185	18.5
beaded	0.6846946779548047	19.5
aprons	0.658520471258918	30.5
ensue	0.6891203710198479	111.5
adamson	0.8239393348199918	18.5
inch	0.6867239100907004	2091.0
fawcett	0.837918579886511	16.0
exemption	0.6300416679761651	159.5
varsity	0.6905319523245534	49.5
conditions	0.6485565530864595	371.5
mckay	0.787608175876356	65.5
softness	0.690762271307383	73.0
thorazine	0.7283429807730937	15.0
congratulat	0.6439784101036846	29.0
nicaragua	0.6853830113968452	72.5
fronte	0.7968252967881382	7.5
troublemaker	0.6594957458075865	74.5
hackett	0.7287528265988736	145.0
outre	0.8716868359753956	6.0
condone	0.21031567560563458	8.0
modesty	0.6745784331653147	95.0
stirrup	0.7060768563290806	58.0
embolden	0.7221510473578656	22.5
dictat	0.7149439497423236	42.0
malacca	0.7551124591788507	6.0
assurance	0.6655320556607296	460.5
mell	0.7260821781673978	11.5
sotch	0.6998680644632866	1190.5
lewisburg	0.6695933698464	7.0
disinter	0.7785540535860599	7.0
rumi	0.2709255230111006	3.0
photography	0.7030297209921836	147.5
slipper	0.6411897841089492	172.0
thirsty	0.6898928807841784	105.5
befoule	0.9364654104937422	4.0
clutch	0.7284198214750983	593.5
misery	0.6877026833564444	391.0
swordsman	0.6829328872593489	11.0
tendere	0.8728157464154646	8.0
folly	0.696662649300976	229.5
redevelopment	0.7078568633548317	58.0
mischievous	0.7487437855319088	68.0
visage	0.6882573774003565	26.5
humore	0.6821240793468017	31.0
inoperative	0.7438496676762499	15.5
chatham	0.7503239870506926	19.0
francisco	0.6858763126384537	1054.0
diffraction	0.659345512807072	19.5
reenter	0.7358180422137766	39.0
sacristy	0.7602075550578397	13.0
antsy	0.14474059067972028	2.5
disregard	0.7107667975863097	210.5
superimpose	0.7329131002947777	52.5
regulation	0.6690770843729513	759.0
imaginative	0.7405096160864775	237.5
single	0.7417083273797029	3305.0
couch	0.6510576840754043	641.0
must	0.6939318583327191	17591.5
rebutton	0.705589672559513	4.0
malefactor	0.7219091405245396	15.0
idaho	0.7082094647350121	148.5
candy	0.6926370958252167	586.0
chaplain	0.7032948648524133	154.0
freiburg	0.8321319664120518	3.0
heep	0.7640419162966682	5.5
mayfair	0.795513672662906	11.5
zither	0.23198216214109693	3.0
strong	0.768493455108993	4319.5
didi	0.7367352149798815	21.0
dispute	0.6771746767748271	869.0
chance	0.6660427930205853	3794.0
monitore	0.6870664680447421	59.0
wrathful	0.7544014393705474	13.5
inmates	0.21173819657459866	4.0
produce	0.7557715722493645	4589.5
wroth	0.2174329031817096	7.0
mundane	0.7503404952103154	65.0
rel	0.8077516665005194	10.0
net	0.7651498866774029	804.0
streng	0.731094042301793	114.5
loon	0.7021094920160651	23.5
johan	0.7081644648456679	4.5
periscope	0.6720789533147324	25.5
incrimination	0.5911451123496032	18.5
confront	0.7126047208934079	616.5
ibm	0.7043395415148563	123.0
officious	0.7524336033651451	15.5
confederacy	0.6429197946895239	29.0
classroom	0.6962970499145342	454.0
depositor	0.664967284033925	35.5
lens	0.6437395037840086	291.0
astern	0.7042776196170182	33.5
reification	0.7281739130081768	13.5
tilt	0.7585099116439702	366.5
starte	0.6835195662393313	204.0
phone	0.6513303038609455	2924.0
faith	0.6706466815021702	1599.0
cell	0.6727328116195845	1323.0
apple	0.6817686764604362	627.5
window	0.6405936980529463	5272.0
