aaa	0.4861375807065221	19.5
abat	0.3296172518967424	43.0
abbie	0.419170260055477	31.0
abdel	0.2099785687908883	39.0
abelard	0.5350882215098057	10.0
aborigine	0.34251564772880344	37.5
abortionist	0.3143388916864008	12.0
abou	0.6046308306528098	9.5
abound	0.34204423952170016	103.5
abraham	0.36096251977319727	583.5
abrogate	0.3992411238157207	22.5
abundantly	0.46268225944215874	36.0
abyssinian	0.49913590654199264	2.5
academium	0.32303162896285426	11.5
accidently	0.5425250905490692	5.5
acclamation	0.2866282657546242	12.5
accompanist	0.30554565547195023	10.5
accompli	0.23140852085157332	19.0
accumulation	0.36472147464256716	192.0
acerbic	0.41708027172665274	18.0
acknowledged	0.43568479001936056	47.0
acquiescence	0.32394551513798503	44.5
acquisition	0.37793823635698215	359.0
acre	0.28235926371185754	1074.0
adamson	0.43590827444115815	37.5
adapt	0.4165369340988542	240.0
adaptable	0.39457132120187083	35.5
addiction	0.33862944321315935	200.5
address	0.44313552095812625	1879.0
adequately	0.4915767811419231	158.0
adjournment	0.2721492111860087	22.0
adjudicate	0.4037950651505062	15.0
adjudication	0.3092446785713574	10.5
admissible	0.35378993554115495	14.5
admit	0.3696316181241046	2116.0
admitt	0.35642622452619566	411.5
admonitory	0.44001143068505844	5.0
adoption	0.39428713556901857	205.5
adoringly	0.3989164307971229	10.0
adroitly	0.5161454753302352	27.0
adventur	0.3373677002979971	5.0
advertise	0.42608445231403025	952.5
advisors	0.426931605880577	5.0
advocate	0.4271135219494679	638.5
aegis	0.40001307420485754	26.0
aerie	0.3995972475286535	10.5
aerodynamics	0.3227103512847528	11.5
af	0.5278187279801048	35.5
affluent	0.39461564357310736	163.5
aflutter	0.4313658661460337	4.0
aftermath	0.27886502972555127	125.5
agamemnon	0.4087015824711375	11.0
agglomeration	0.43513103914530993	6.5
agin	0.4504485536244048	21.0
aglitter	0.3503086463736198	3.5
agonize	0.4974668439744705	121.0
agreeable	0.48484043573134517	163.0
agreement	0.28577825207390306	2281.0
agriculture	0.4195955504401327	641.0
ahab	0.4459133326751998	16.0
ahhhh	0.22676666055485661	8.5
ahold	0.322778523054393	18.0
airless	0.4659972918820271	22.5
airstream	0.4296563005450778	23.5
akron	0.3999639799320548	45.5
albee	0.39584356080349264	20.5
alcorn	0.45021352811154663	3.0
aldrin	0.4704872019234103	11.5
ale	0.3283925166520919	146.5
alexei	0.3853983238581122	40.5
alienate	0.4202009844037243	150.0
alive	0.30346529722925925	1837.0
alla	0.4615962477196391	13.5
allah	0.286236855186684	74.0
allocation	0.35940273092821545	139.5
allot	0.47910951448732775	69.0
allus	0.4816585387225354	6.0
along	0.4603131707726607	8168.0
alongside	0.45376602175079456	400.5
already	0.5378637831692986	7521.5
alta	0.42653222063389623	25.5
altruism	0.31534352214626243	22.0
alum	0.5334994042426636	18.5
alvarez	0.3772463646704742	56.0
amalgam	0.40029066793919665	48.0
amateur	0.4320327632938034	413.0
ambitious	0.46014594296495415	396.5
amicus	0.3898331450517606	5.0
ammon	0.3973728190177535	14.5
ammonium	0.2629685962569299	49.0
anaheim	0.3665817199308229	20.0
analyzer	0.3030686797193345	5.0
anarchic	0.45407657600577944	25.5
anchors	0.5240291491296527	2.0
ancient	0.4177416449448598	1367.0
andrews	0.3880868938387429	11.5
anecdote	0.26334957872015086	115.5
anesthetize	0.4603985062702189	23.5
angelenos	0.3236794319335201	10.0
angell	0.4593720095812237	15.0
angl	0.4775733922801678	48.5
angle	0.3590623821697185	1330.5
anglo	0.3769776955737268	223.5
angstrom	0.3986357743535162	9.5
angularity	0.3585860475201028	6.0
anheuser	0.3069430865162937	11.5
anonymous	0.4687370035734953	264.5
answer	0.3806725141388507	6516.0
antarctic	0.337438037941255	83.0
antecedent	0.41739399048360676	36.0
antediluvian	0.45590995310651516	4.5
anticipate	0.4733084982319251	656.5
antiestablishment	0.47571886578803135	4.5
antioch	0.40180376680254865	21.0
antsy	0.28997817114473856	5.5
antwerp	0.3604299137854803	17.5
anxiousle	0.39241903601198824	48.5
anyhow	0.374274524886909	319.5
anymore	0.26860311415091415	988.5
anymuch	0.27150556694053046	20.5
ao	0.525262109882214	46.0
appeals	0.35221335825615907	46.5
appear	0.42122697713829976	5795.0
appellate	0.2963883932610927	68.0
appetite	0.29081260330995146	334.0
appreciation	0.3306813313541143	249.5
appropriate	0.5395042351867371	1064.5
appropriation	0.32770786672744817	216.5
approval	0.29818485015429663	845.0
appurtenance	0.35759095816168857	9.5
aprons	0.2957696573897071	27.0
apse	0.3996216274983261	9.0
archetypical	0.3896545861995236	5.0
architecture	0.3470193359098673	508.0
archive	0.3431530257114258	117.5
arcturus	0.4094113862489177	4.5
ardently	0.5322289620106556	24.5
ardmore	0.3633847731452538	3.5
arena	0.38392764363832815	295.5
arid	0.5030733217400379	108.5
arise	0.3719653298478791	872.5
arkansa	0.4318072296752087	198.0
arlington	0.3929232992323905	108.0
armchair	0.28106860224868346	157.0
arra	0.5289859725236772	8.5
artagnan	0.3761278030259475	3.0
arthritic	0.4532176583066038	24.0
artless	0.5315384596782288	18.5
ashame	0.21326733689936206	223.5
aspire	0.29329031500877834	109.5
assay	0.5289941282914381	15.5
assignment	0.3514870260674877	519.0
assimilat	0.35292343461745007	14.0
assist	0.45650185564756973	541.5
assurance	0.3387849751163325	420.5
astarte	0.35487585013510475	8.5
astern	0.38613108166524657	25.5
asteroid	0.2507635243978355	57.5
astounded	0.45430154951402135	10.0
astral	0.424759900738384	11.0
astronauts	0.3389395017649876	22.0
astuteness	0.3681512054597291	3.5
atherton	0.42954261295928325	7.5
athlete	0.3367520162327141	449.0
atla	0.4301779226107273	60.0
atlantan	0.4665773741698408	7.5
atom	0.29292277708315667	166.5
atrocity	0.2795063396795112	105.0
attachment	0.3786246639980911	160.5
attack	0.39638284770895865	3711.5
attacke	0.3996214589928363	47.0
attentions	0.26067577217416976	7.5
attribute	0.4872636098602207	564.0
auburn	0.5010384001800027	75.0
auction	0.34727138642117994	299.5
austral	0.4980603934382056	5.0
authorizing	0.38366314776927135	8.0
autobiography	0.25294111260822144	151.5
avatar	0.4321894016099471	20.0
averted	0.4095490870435065	7.0
avocation	0.3795136059551929	13.0
award	0.3511127929515889	728.0
aways	0.3600524806707063	4.5
awkward	0.5305932442317463	559.5
ay	0.4616409882388663	148.5
baba	0.34416358898329735	25.0
bach	0.3897466685834553	145.5
bache	0.4488050142044976	33.0
bachelor	0.42578638488384996	191.0
back	0.502686028323073	34087.0
backache	0.272530826838348	13.0
backstage	0.48271428625488294	127.5
backwash	0.37907158839724453	7.0
badge	0.3032666279947004	195.0
bag	0.30583002410513177	2155.5
bagel	0.3296849762190919	36.0
ball	0.35974429017739146	2379.0
ballistics	0.3637953275649855	14.5
balmoral	0.3911712619887812	12.0
bam	0.34975776066571795	18.0
bamboo	0.38165611013987466	230.0
bandolier	0.33494812615086317	7.0
bangkok	0.3660836476823068	49.5
banish	0.45496563756127917	137.0
bank	0.40272167339023085	5488.0
banner	0.285427983807882	333.0
bap	0.48845720263597514	3.5
bar	0.4436079715619472	3068.0
barbarian	0.36599867642440226	135.5
barbecue	0.3447347811350008	96.0
barbera	0.49700224961201905	8.0
barmaid	0.29214444352978247	12.0
barra	0.3874876841674262	3.5
barron	0.4397042734042828	22.5
barrow	0.4868781085390126	50.5
baseball	0.38807241263281916	901.0
basket	0.3506709494042136	592.5
battalion	0.30449698115298046	239.0
battering	0.4546294018830465	8.0
battlefield	0.39666335890777416	199.0
battling	0.4426093790631848	2.5
bauhaus	0.3529514372165868	17.5
beaded	0.3110459523000875	22.5
beaker	0.3942216877974454	20.0
beaky	0.5288437447670351	6.0
beame	0.4843788338783749	251.5
bean	0.2987280150900477	500.5
beat	0.4855216434607957	3146.0
beatifically	0.30111971507726953	6.0
beatrice	0.48284581067469123	136.0
beautification	0.43561706237827236	11.0
become	0.4306089493271979	14626.5
bedd	0.4163608274729562	51.5
bedeck	0.40216688836408093	20.0
bedspread	0.28235750297298184	67.0
bef	0.5983035308601095	3.5
befoule	0.5160597412673913	5.0
befuddlement	0.3168588647249911	3.5
begat	0.48231549165198273	11.0
begin	0.49049196357369396	17645.0
begrim	0.5243046804568444	7.5
behaviorist	0.41412389923551796	17.0
belfry	0.37505402653310355	13.0
belie	0.452875518408597	16.5
bell	0.3923613166996748	1541.5
belleville	0.40403719589883513	27.5
belligerence	0.32625847839252226	22.5
belly	0.38542618204926027	504.0
belvedere	0.4080641300492182	22.0
beneficence	0.4328787148545645	10.0
bennington	0.4375774327445039	19.5
beowulf	0.4328518527302602	38.5
ber	0.48735170368500863	130.5
bergerac	0.3211270833732016	22.5
berra	0.26566464120407396	9.0
berserker	0.4509667793983387	90.0
beseech	0.4194235493870002	36.5
bethesda	0.3248119786664966	53.5
bic	0.4923310577949483	9.5
bicep	0.25284081934080554	9.5
bigwig	0.4201929426341683	14.0
billingsley	0.41446837995012586	4.0
billowy	0.4572043449560311	7.5
birch	0.41535974051552865	168.5
birdcage	0.3487590289249037	11.0
bishop	0.36249379559910805	965.0
bit	0.4498933015800696	3653.0
bite	0.4488404253057166	753.5
bitterly	0.4035734726899989	297.0
blacks	0.3373136721978322	420.5
blade	0.33728137590833857	725.0
blasting	0.39533473323268353	9.5
blay	0.3838280393183213	18.0
bleeding	0.2527255023102628	55.0
blessedness	0.33047720998581953	6.5
blindfold	0.4465569905482469	54.0
blocker	0.4127572596849143	18.0
bloodsucker	0.3999867286540127	9.0
blossom	0.4378949311957074	257.0
blotto	0.3090725423319463	6.5
blown	0.4258026946451652	184.5
blueprint	0.3904829210447583	112.5
bluff	0.4008484385905945	274.0
board	0.38782212864155385	4482.0
boast	0.43532205680580177	402.0
boat	0.3222064395509243	2310.0
boater	0.3799937555657153	22.0
bode	0.41220906464915974	12.5
bodega	0.3557555373797591	3.5
boggl	0.3180855713379146	19.0
bohemian	0.4838044139476962	60.5
bole	0.41024887246699154	21.0
boll	0.4422766506582255	36.0
bondholder	0.4041771242710255	12.0
bonner	0.4972842613304479	53.0
boomerang	0.4947005024993486	12.5
boorish	0.4923713356231409	16.0
booz	0.31547207069040634	3.5
bopper	0.3634514277884988	11.0
borderland	0.32093692829459386	7.0
boreali	0.3707529172465452	4.5
boredom	0.34909795527333787	172.5
bosses	0.3147881161596225	39.0
boston	0.4668840224888284	1979.5
bouillabaisse	0.2925763341254555	6.5
boulevard	0.23894623221672945	284.0
bouvy	0.46960544539552157	5.0
boycot	0.4058438651544284	29.0
brace	0.5042456370929279	433.0
brad	0.37698158900960865	93.0
bradford	0.45786482135576995	97.5
bradley	0.4362994421777881	188.0
brahmin	0.4065138900351205	43.0
branford	0.4621821538456007	10.0
brazil	0.428987512346723	401.0
breadline	0.44372376971864663	4.5
breakwater	0.31620847469860414	18.5
brendan	0.4418726745875132	20.5
brennan	0.42483095129789106	84.0
brevity	0.38811493467857316	19.5
brian	0.4121027859458804	1043.5
brick	0.3682688581351287	582.0
bridged	0.3720432950191097	3.0
briefcase	0.28507992943670096	252.0
briefs	0.5296581205873553	10.5
brighten	0.3695229418837516	176.5
britain	0.39144549199919493	1499.5
brodie	0.5205471971799337	97.0
broke	0.4700674182901204	40.5
bromide	0.37816499218513205	11.5
brook	0.46033999205086684	483.5
brooklyn	0.42775401776117483	666.5
brubeck	0.39595568226100325	4.5
brueghel	0.4739460664683105	6.0
brush	0.4521080080428076	1297.0
bubba	0.44563264372102723	16.5
buckboard	0.33350774936536737	22.5
bucket	0.30783414829586586	386.0
buildings	0.40620805592730985	17.5
bulk	0.4540216509444423	402.5
bullfighter	0.34506961601699926	30.0
buoyantly	0.5634694280342489	6.0
burch	0.35544228688825324	24.5
bureau	0.37770965736966117	1121.5
buren	0.31392870525516536	46.0
burlingame	0.4098113470067475	8.5
burnoose	0.40936118986836084	6.0
buse	0.3438193178729527	610.0
bush	0.43066278846832623	1576.0
bushnell	0.48258346002982194	16.0
busi	0.4767068545927657	58.0
businessman	0.3835684240110986	794.0
busload	0.31095217847414974	18.0
button	0.34259371569981295	1064.5
buyer	0.3315657112568964	553.5
buzzer	0.2722338846857167	90.5
byproduct	0.38134732701537943	32.5
cabaret	0.38942499425213783	61.5
cabs	0.35051070828478015	13.0
cai	0.3331281203154954	41.0
caldwell	0.4939634686640856	177.5
calif	0.20716943428427861	498.0
calme	0.47352435798555575	20.0
camille	0.4260575371755685	251.0
camouflaged	0.4762384062241984	7.0
campaign	0.37691364974692376	3497.5
campus	0.3849215453734044	576.5
campuse	0.27926791841082577	121.5
campy	0.5197888339849166	15.0
cancell	0.43166930158185485	51.0
candi	0.49942351469818647	11.5
candle	0.26937097669078713	561.0
candy	0.36439986503912913	557.0
cannibalistic	0.45771947851419376	6.0
cannot	0.4971413153719053	9.5
cantina	0.3558860246619485	24.0
capability	0.33872146598145964	391.5
capable	0.3150141145620857	830.0
capitalization	0.37159661020963913	16.5
capone	0.31764158879936333	46.5
capriciousness	0.35227095512931167	9.0
capricorn	0.36466712322804934	12.0
card	0.2895235790515141	1861.0
cardamom	0.3765470916342594	4.0
caree	0.48736340579727433	5.0
carol	0.36035558658343586	614.0
carotene	0.21073238727873062	14.5
carrot	0.3169280876909488	198.5
carry	0.4556144016484165	6828.0
carson	0.44724512008328887	173.5
cartload	0.3367643527465589	4.0
cas	0.3339712219144429	947.5
castor	0.4498805678439945	28.5
casually	0.5481593951280991	5.5
cat	0.37441160038510457	1616.5
catastroph	0.3212034303818838	20.0
cater	0.453087779469193	161.5
catharine	0.443889254671409	3.0
cathode	0.2392969612801629	62.5
cation	0.36324866517769683	28.5
catskill	0.3846603136049307	26.0
cattle	0.3801245441725279	790.5
cauliflower	0.34577774805887307	26.0
causative	0.37707129777467985	6.5
cause	0.47540260148096436	5087.0
caution	0.3895994868413805	498.0
cayenne	0.3596004196659509	12.5
cb	0.3947085650747999	108.5
cear	0.38847684792627274	174.0
cecil	0.39715498671248	196.5
cecilia	0.4754143948911823	15.5
cede	0.4231744274286711	14.5
ceiling	0.29878750335800774	767.0
celestial	0.3860884600266652	80.0
cemeteries	0.3606839585146303	6.5
censor	0.4152655131060645	100.5
cent	0.3322057931869057	3100.0
centerpiece	0.3712860348320559	67.5
centr	0.523336599074449	21.0
cereal	0.3278348824517559	192.0
cert	0.4461906861793856	3.0
certification	0.34831373004709365	68.5
cervical	0.2736056545991056	26.0
cesium	0.2880131487693846	14.0
chaire	0.4292242737099898	20.0
chairman	0.3377208448503407	2557.0
chan	0.407391506332301	351.0
chance	0.32971890032084256	3891.0
changed	0.3762297105344995	51.0
chanting	0.39042102489975195	5.0
chao	0.3607262033910942	400.0
chaotic	0.4761629074113304	123.5
chaplain	0.383548623383396	164.5
chapman	0.4444310683269829	57.0
char	0.46897299728395625	577.5
charge	0.4440350331000464	4417.0
charming	0.4473934041733597	227.0
chatham	0.4568698676370257	15.0
chatsworth	0.5488340386099337	4.0
cheapen	0.4320738767307632	14.0
cheesy	0.46920081857376406	8.0
chelsea	0.4835296515593001	52.5
chemist	0.3625197887632264	175.0
chemistry	0.3995544013765569	218.0
cherry	0.4309798353465756	495.0
chewed	0.4050704962292914	12.0
chiang	0.31447419482680106	106.0
chick	0.41829976412599085	217.5
child	0.38124986991347215	13930.5
chile	0.41635050167697507	278.0
chilean	0.4509754810643144	94.0
chimney	0.3061812719562146	185.0
chintzy	0.5595066724071411	9.5
chirico	0.23872772192023675	8.0
chok	0.4223142826202437	360.0
chomsky	0.34187578416934167	26.5
chop	0.42540325686816843	495.5
chose	0.49971171945750076	224.0
chou	0.32155944014709564	145.5
chris	0.4230562748691186	537.5
christ	0.3207108509085334	1306.0
chronicle	0.410503557345144	188.5
chteau	0.2579759789125447	4.5
cide	0.39508737761250073	7.0
cigarettes	0.25210594228486827	9.0
circl	0.3733508970249921	200.5
circle	0.420794443945883	1827.5
circuitous	0.3767080401528247	17.5
circumspection	0.41761548999938264	10.0
cit	0.38890796631636365	611.0
claiborne	0.48343562641982574	88.0
classroom	0.37735322150247524	404.5
clayton	0.4252555309304149	236.0
clear	0.49274747113000267	5211.0
cleft	0.3963773838236056	53.0
closes	0.46967896982306473	9.0
closest	0.40387882991472723	118.5
clothespin	0.314574431358769	10.5
clothing	0.39397131637223326	713.5
clung	0.4209516457731296	6.5
clutch	0.44686813293355027	642.5
clutter	0.48440886568832786	200.0
coach	0.4452425660434087	1421.0
coat	0.33727776477843485	1751.5
coauthor	0.35923605704302897	11.0
coaxing	0.3781504747670107	8.5
cocker	0.38512586447567765	10.0
coco	0.5351426935476455	18.0
codpiece	0.3719980461287894	2.0
coin	0.4170578365096347	651.5
coitus	0.39344744528529546	7.5
colfax	0.4456921443127442	58.0
collective	0.47224341505988876	582.5
colleen	0.37746329946680707	17.5
colour	0.3727715251531743	264.0
coltrane	0.29872904809078993	4.5
combine	0.49000189351141904	349.0
commandment	0.26747393828890015	80.0
comme	0.2648819877408038	10.0
commerce	0.4150506232642539	591.0
communally	0.48936367140155895	7.0
communicative	0.5350738593160316	19.5
compact	0.5301123638637488	298.5
compan	0.5380817067285417	6.0
comparison	0.33962947528815224	518.0
compartmentalize	0.49855426895421073	14.0
compassion	0.31423241208314767	252.5
competent	0.42875546148444277	225.5
complacently	0.4153691884549582	17.5
complainer	0.32764689510067085	6.5
complexion	0.3142121635741334	129.0
composite	0.5593443631936975	120.0
conceptually	0.45140682394201864	21.5
concertgoer	0.32165184168499655	4.5
concisely	0.4710026583427282	11.0
conclude	0.2988711046264565	621.0
concubine	0.3756857206054834	44.0
conditions	0.2977504782492736	344.0
condone	0.4082825452138111	12.0
confederacy	0.2853573080691798	32.5
confession	0.33712431934049725	364.5
confi	0.32705274195373707	6.0
confin	0.3819196270585541	358.0
confirmation	0.35789043838497975	249.5
conflagration	0.3210029541574196	31.0
confront	0.42184357685226465	658.5
confucian	0.39790598909636077	31.5
confucianism	0.2709496135178154	13.0
confucius	0.3608711738422374	14.5
congratulat	0.2768047079126662	32.0
congregation	0.3223694511169622	271.0
congruent	0.345115505179222	8.0
conjur	0.4051335743192383	15.5
conjure	0.3112958710798789	125.5
connote	0.39786974183873414	25.5
conor	0.4100080850807695	319.5
conqu	0.4298714811158291	4.5
conqueror	0.30346601570394127	76.5
conscience	0.3206792932920783	478.5
conscript	0.3795641472409949	40.5
consid	0.42490860173449	125.0
consiste	0.333829035849465	32.5
consistently	0.5232306738789366	264.0
conspicuous	0.5184030783497736	183.5
constan	0.563660883977698	27.0
constants	0.402788212890303	5.0
constituent	0.46659663731720674	256.0
constrictor	0.36234908662928894	10.0
consult	0.44496539396970786	622.0
consultant	0.34101468099510807	389.0
contact	0.40502456153433863	1690.0
contai	0.5361318820723643	6.0
container	0.35046924349989406	336.0
contemplation	0.3228571347558719	78.0
contested	0.4044853406677133	21.0
context	0.36205406322295725	523.0
contour	0.4149968720341759	111.5
contraption	0.3775454458187398	45.5
contrast	0.3837668136105396	1169.0
convent	0.3407864374668262	99.0
convict	0.3470825914431883	620.0
convoy	0.32630754470511436	138.0
conyer	0.41567513565047753	5.5
coptic	0.35343939994687446	12.0
cora	0.3783150809040946	145.5
cornelia	0.4183344557974561	28.5
corre	0.3881146038545787	6.0
corridors	0.23610918423798424	2.5
corrosive	0.47776276519385585	41.0
cortical	0.3518598977570505	15.0
cosa	0.25102746814057614	18.0
cosby	0.34876093262631536	64.5
cost	0.37128784442398394	4828.5
costello	0.3417499921674974	42.0
cotillion	0.41022492535145094	44.0
cotta	0.28541593832950446	17.5
couch	0.30180987474661486	686.0
counsele	0.44242491834085657	11.5
count	0.4451663376211949	2709.5
couple	0.45816048712527063	3365.5
courageous	0.48482002915420536	142.0
courtliness	0.31702066032640663	4.5
courtney	0.42171336256710246	19.5
cowbell	0.31023091795454816	19.5
cowles	0.47223154999600525	4.0
coworker	0.38461405808677884	21.0
craftily	0.5444058701356419	10.0
craftsman	0.3596412525977825	181.0
crampon	0.44985130379118676	4.5
cran	0.34069581602405075	62.5
crankshaft	0.36832040355002277	8.5
craving	0.311423548120266	34.5
crayfish	0.34007238539704	8.5
creature	0.33444370492099346	1226.5
credit	0.44533648214648935	2024.0
crepuscular	0.5143528289383147	7.0
crevass	0.36578371319493197	7.5
criminology	0.38869577546471906	9.0
crip	0.4357364737429076	8.5
crisis	0.32329507848917477	1468.5
crock	0.4117688962759746	52.0
crop	0.3708347847391637	1122.5
crumbling	0.34902438109069467	6.0
crunch	0.47962588360984365	393.0
cryptography	0.41473537327475474	10.5
cuban	0.428553253894221	576.5
cubic	0.2636615756341954	90.0
culligan	0.6227582454491059	16.5
cult	0.388900353421636	238.0
cunard	0.5619739374006755	15.5
cunning	0.4965654310658192	148.5
curd	0.3451486153559306	32.0
curious	0.5029119364041933	1005.5
curtain	0.32855369894117475	804.5
curtly	0.2623458046087448	61.5
curve	0.4678608633395644	978.0
cushiony	0.45553445945666365	5.0
cusse	0.4745907705474522	14.0
customary	0.5195859743749439	236.0
cutaway	0.47743162553144747	15.0
cute	0.3739613323299297	262.5
cutting	0.3556854755639823	51.5
cw	0.49083052587350445	4.5
cynicism	0.32162567353460975	106.0
cynthia	0.3668685655351005	156.5
cyrus	0.37012227025848127	124.0
dabbl	0.400354988725868	9.5
dacha	0.32038374403144254	22.0
daisy	0.40732578359218374	1009.0
damned	0.4177693079073275	618.5
dar	0.4433669292391907	494.5
dare	0.3768522437073663	611.5
dastardly	0.4451442562072637	5.0
dateline	0.45006721511436093	13.5
daytona	0.35007348941054856	19.0
dazzle	0.524661744824071	350.5
deadhead	0.4520546981083549	4.5
dealer	0.33701739810418385	822.5
dealing	0.3604131795780293	23.5
deare	0.3763158091721742	51.0
debacle	0.33633358398890645	71.0
debase	0.49894786005857655	38.5
debauchery	0.3277870380247014	13.5
decadence	0.33792890777668894	43.0
decency	0.35142407186235763	147.5
decimate	0.46238516035815674	32.5
decoration	0.320520323405176	232.0
decree	0.3431837009721491	298.0
dedicate	0.4886903688055562	460.5
deep	0.49618945888352084	5120.0
deepest	0.4766348269365545	15.5
deerfield	0.4595379101097525	12.5
defeat	0.3916707004059274	903.5
defendan	0.33145673474517595	6.5
defiance	0.34074422383214853	178.0
deficiency	0.3416882274884679	238.0
defilement	0.3818231203469403	18.0
deflation	0.33307721600500884	15.0
defuse	0.37471860713267985	58.5
dejected	0.43289853575232196	11.0
deke	0.3839965424499419	112.0
delaware	0.46590691144013413	192.5
deliberation	0.3385092876929832	123.0
delimit	0.4966868481872887	6.5
delirious	0.5094898533563682	40.0
deliver	0.4709154369632539	1532.5
delivery	0.4025181329001943	652.0
delude	0.40222405796501876	44.5
demand	0.4403646880609032	3096.5
demarcate	0.5339284374278253	8.0
democratically	0.41187904050410473	20.0
demonstrable	0.5523560460925365	42.0
demote	0.41387303040536066	25.5
dependent	0.376624106704567	516.0
depet	0.31265296187122454	6.5
deploying	0.32893770505677117	28.0
deployment	0.29321718579993145	181.0
deposit	0.4629613945394436	676.5
depositor	0.31991581787720497	48.0
deprived	0.2672087155952008	7.0
derailed	0.5454257448481011	2.5
derisive	0.42422061292017943	63.5
derivation	0.32880702615795315	29.0
dermatology	0.3598291126141322	10.0
des	0.3987031192094579	90.0
designate	0.5675246344011774	361.5
designer	0.3842347540379311	476.5
desir	0.4258366464618237	412.0
despay	0.34624901068752706	8.0
desperation	0.33644484790198576	209.5
despise	0.37125944922096316	257.5
destructiveness	0.3147478766661596	16.5
detail	0.38745467254695204	2978.0
detente	0.28619101309890127	143.0
detention	0.34962782455799246	147.0
deter	0.36826225834400766	164.0
determinism	0.31292435382951167	47.0
detou	0.30220441843665685	8.0
detroit	0.47806545570590847	711.5
develops	0.4442074921870253	21.0
devon	0.3938108182791936	71.0
dewar	0.5141852379534634	9.0
dexterously	0.5196667291535781	3.0
diagnose	0.3598782095871812	186.0
dialectics	0.3718957679406727	30.5
dicks	0.37155212958010336	14.0
dictat	0.42142994272452416	36.0
dictum	0.2510590479698417	32.5
didi	0.4380787331292436	18.0
diego	0.3643818806413314	360.0
dietz	0.3983064779211869	7.5
differential	0.43830877506786403	93.5
diffraction	0.33375410101936337	16.5
digitali	0.316448823166187	6.5
dining	0.2560368494139966	627.0
dior	0.4143718979974419	18.5
directive	0.33821395579185876	130.0
dirigible	0.37305542945856995	15.0
dirksen	0.41794014651746525	20.0
dirt	0.4142748984549541	732.0
disappointed	0.39529376578040465	6.5
disbelievingly	0.37258016070548233	3.0
discard	0.4913036984693113	303.0
discolor	0.39028434751702273	8.5
discoloration	0.33005559240938914	10.5
disconnection	0.34851817364839055	7.5
discounter	0.3589694512133211	8.0
discreditable	0.5305494761029911	3.5
disease	0.25223463527156975	2191.0
disgracefully	0.5088312001953474	6.5
dishevell	0.46178471331320003	4.0
disinclin	0.2147716234348374	9.0
disinter	0.4036653132100702	8.5
disk	0.3700777779920854	263.5
dislodge	0.4244165147550661	75.5
dismay	0.36149690002280416	331.0
disobedience	0.25889204620977885	105.5
disorder	0.30161845940553866	391.5
dispatch	0.46968323996785055	409.5
disputation	0.3763721422726296	12.5
dispute	0.36311565287946485	840.0
disregard	0.4166563947959348	177.5
dissolf	0.3825956934969543	38.0
dissolve	0.4097307405690637	492.0
distemper	0.4083726166703311	13.0
distillation	0.401989215572879	14.0
distinctiveness	0.3713527701249675	10.5
distinctly	0.3551671768063291	12.5
disturb	0.48369289004685706	974.0
divid	0.4601809221991826	134.5
division	0.42759041196486436	1716.5
dizzyingly	0.5634402602934374	3.5
dobb	0.5072230873300881	10.5
document	0.36614069856400666	1189.5
dodi	0.5053271802600139	5.5
dogfight	0.37634163534750764	20.5
dogged	0.51996927666102	45.5
dogs	0.324371271457477	57.0
doings	0.32896367044542774	48.0
domain	0.361501422524545	260.0
domestication	0.38525938500786233	7.0
don	0.4440175260491893	2326.0
doncha	0.271034150019614	3.5
donkey	0.36785201257863287	147.0
doore	0.34315077183842796	3.0
dooryard	0.35905171997278373	7.5
doubt	0.32637714919639044	3117.5
doubtfully	0.23512537002968575	61.0
dough	0.4016356207635542	165.0
dowd	0.37868817673733096	41.0
downing	0.5365655680484929	10.0
downpour	0.26157913613676986	39.5
downstair	0.4309591525529373	161.5
drab	0.4723548883895419	113.0
draining	0.3798610548224443	8.0
dramatic	0.5002725517250899	793.5
drang	0.3750059491857896	6.5
drank	0.3185372195509531	41.0
drape	0.4336660018098352	336.0
draped	0.3927978574966092	8.0
drawback	0.2701661052514622	92.0
drawn	0.5057153907071315	130.0
dreamboat	0.2986554485881032	5.0
dressing	0.3922833574430298	57.0
drew	0.46444501884210215	306.0
dreyer	0.5449289467346246	2.5
drilling	0.40469029174720544	22.5
drink	0.3786950000201184	5146.0
drucker	0.37653067568825566	5.5
drug	0.3814519659470323	2886.5
druid	0.38418519653517624	96.5
drum	0.36765488148613085	615.0
ducat	0.40998477812575357	7.5
dudgeon	0.42024060437367505	4.5
dueling	0.45292611307520364	4.0
duffy	0.5251741102007716	69.5
dummy	0.4527147272015864	140.5
dunlap	0.4583066787594003	15.0
dunn	0.4638960829829585	105.0
dusseldorf	0.3449311297013593	9.5
dutch	0.477865992269321	659.5
dutchmen	0.4818982890538675	4.0
duval	0.474944659431707	89.5
dwindle	0.4629494929363063	162.0
dwindling	0.43309673119314845	4.5
dybbuk	0.4031804193692331	6.0
dyck	0.3686911140803859	7.0
dykes	0.34656986920048544	7.0
eagle	0.348055200957907	469.0
eames	0.45221437223497046	5.5
earle	0.38264646172947603	186.5
earnestness	0.3459612011719557	23.0
earthlings	0.3395316888596744	4.5
earthwork	0.368292153112598	10.0
easily	0.43009985601349965	219.5
easiness	0.31089724744638475	3.0
east	0.4606379620192164	3820.0
eckhardt	0.4947796327483374	9.0
economically	0.42502897936400774	232.0
economist	0.3483147242183446	946.5
edge	0.3781362847921646	3136.0
edmonds	0.5159653459520555	9.0
educators	0.2441131683949523	7.0
effervescent	0.497610521639458	14.5
effort	0.33289029525291847	4586.0
egoistic	0.44863161919311617	6.0
egraduat	0.35505037864813455	28.0
ei	0.3834981938411319	20.5
eiderdown	0.37777257818759286	8.0
eightee	0.3279196325223707	11.0
einstein	0.3425712754718911	240.5
electrically	0.3753220301096664	36.0
electrolyte	0.30222728667484283	17.0
elegant	0.4619539384568576	479.0
elementary	0.4393243463555166	294.0
elephant	0.3639165723314791	452.5
elias	0.3667951893594196	20.5
elie	0.5146669583761565	18.5
eliminate	0.4082563461992577	975.5
elkhart	0.44386948576418267	6.5
elude	0.3783333759736107	143.5
email	0.16354211701286664	4.5
embezzle	0.3456300590249464	9.5
embody	0.4163372626536666	242.5
embolden	0.4103238008207265	32.0
emboss	0.36252293508928973	37.0
emerson	0.44176000180355207	115.0
emphasize	0.37335782566878417	807.0
employou	0.3565194457419727	15.5
emu	0.40990247383352596	6.5
encampment	0.32137510671049785	65.0
enclose	0.5012607125542402	261.0
encourag	0.43765193131612473	346.0
encumber	0.5247362138782414	29.0
endorse	0.34670980440572835	424.5
enemy	0.329165444608433	2155.0
energy	0.45590709600855683	3346.5
enfranchise	0.4543078271921162	9.0
engle	0.533129162999752	5.0
enid	0.4242102888165716	222.5
enlighten	0.472470382154403	200.5
ensue	0.3703372838489558	126.0
entrain	0.4103420897994184	3.5
entrance	0.3384699671335738	1065.5
entreate	0.4452617056818977	8.0
envelop	0.49557371634068365	247.0
environmental	0.39708575235514126	805.0
ephraim	0.4557261981590283	33.5
epicenter	0.3810018833317934	12.0
episcopal	0.32386268202144847	108.5
equatorial	0.32539030407865843	32.0
equidistant	0.44393215719254736	8.0
equip	0.3960228666282001	419.0
equity	0.3861594178159927	235.0
er	0.4503730735670041	778.0
ergo	0.43650051111168764	13.5
erhard	0.4134698316610039	17.5
eridani	0.2880493914934936	4.0
erodes	0.4123008627088941	4.5
error	0.3127533531541708	784.0
esophagus	0.2523717314135601	13.5
esoteric	0.47124576447867406	50.5
establishe	0.39688068019505723	7.0
estimate	0.42955727595861165	2191.0
estimates	0.28006754246019405	17.0
estrus	0.31999032222466134	15.5
ethnic	0.36035201729212074	441.5
ethnographer	0.3179950917381439	6.0
etre	0.28913913593790486	16.5
eultimat	0.46540800428376977	12.0
eunfortunat	0.3519193785906628	7.0
eurasia	0.3683807471114147	8.0
evader	0.24420000966500807	11.0
evangelical	0.3803222424970041	137.0
evansville	0.3233665193880902	10.5
evidently	0.5289972890927608	314.0
evilly	0.3677187112981179	6.0
exbe	0.3701656862226636	8.0
excavate	0.38294879707461066	33.0
exchange	0.46870343410810794	2343.5
exchanger	0.30874187879167797	10.0
excuse	0.3974432002617718	1060.5
exemption	0.2619492559618297	169.0
exhibitionism	0.3408617884669317	8.0
exhibitionist	0.373873149883469	11.0
exhumation	0.33478883683345984	4.5
existential	0.4215719584145522	61.5
expansion	0.36480213679000345	577.5
expedient	0.4116318705081223	77.5
expeditious	0.42912583689871237	6.5
experience	0.4414246981103188	4363.0
explaining	0.334887076501055	7.5
explanation	0.2783120393012227	1107.0
exploite	0.4202576327988761	4.5
expo	0.3852489158317322	58.0
expresse	0.3499196504567177	15.5
external	0.457233500174971	395.0
extoll	0.35129289320066726	41.0
extracellular	0.0	0.5
extraterrestrial	0.37020276187044027	32.0
extremely	0.4335087869779935	886.5
extremist	0.3320883344539646	150.5
extricat	0.3521723147318587	7.0
face	0.4580297377555879	17024.5
factually	0.4738950532500369	11.0
fainter	0.4069620613664748	29.5
fairly	0.46193056692829876	164.5
fairy	0.28002415833604455	250.5
falconry	0.36762510532804543	3.5
fallback	0.4054999599192742	7.5
falle	0.4117287547442258	148.5
familiar	0.4907763852081048	1661.5
family	0.41651457381652046	9786.0
famished	0.4424357644617502	8.5
fanciest	0.4245370092647047	2.5
fanciful	0.4801922376632318	61.5
fanny	0.3975425019897995	354.0
farley	0.46936986601385416	47.0
farmhand	0.40774019705483333	12.5
fateful	0.42481000954630377	60.0
father	0.37489339485854584	11723.0
fatherly	0.48983460439496873	26.5
fatty	0.3574941174352124	97.5
fauve	0.3180021729385546	3.5
favoure	0.48053477374296816	24.0
fawcett	0.4829142968985271	15.0
fay	0.475886384978811	136.0
featherb	0.4198080184731756	4.5
federal	0.4086989012706264	5482.5
federally	0.2926570489073649	109.5
fellowship	0.41078449295314234	106.0
feng	0.3649364984931811	31.0
ferent	0.42729914463775204	12.0
fermentation	0.31924356121799574	35.5
fet	0.5112062712920997	27.0
fete	0.4255274323933399	12.0
fever	0.3251356392982094	632.5
fiction	0.27304165196763225	602.0
fictional	0.43016507822885663	102.0
fictitious	0.532781829397632	57.5
fictive	0.4516297259831523	14.0
fiddle	0.4008001624437917	169.5
fido	0.4037096560262128	14.0
fiefdom	0.3897117235050222	14.0
fiery	0.5050152201647835	174.0
fifi	0.4604019318665927	4.0
fiftee	0.46036243152651324	29.5
fig	0.22868114811065204	628.0
fighter	0.3449025512431391	648.5
filibuster	0.2544549128135633	36.0
filth	0.382191068167172	91.0
finagle	0.54074676010642	3.5
finally	0.583581708492408	26.0
financier	0.3497289942137693	70.5
finesse	0.4416059180242933	49.5
firebomb	0.403114946838193	11.5
fishing	0.2692036448512486	32.0
fixin	0.3283496407212556	10.5
flar	0.4835452385132301	13.5
flashing	0.3872820399478624	4.0
flashlight	0.2958249688472612	283.0
flashy	0.5023697465442255	76.0
flate	0.4519591673661776	25.0
flatly	0.47558333874176806	31.5
fledgl	0.5149448957522266	17.0
fleet	0.4542573511989854	683.0
fleming	0.41871135562055894	18.0
fleshy	0.4663895268383571	67.0
flicks	0.3397068639722712	9.0
flipper	0.3713320518796662	34.5
flooding	0.2718481721089394	29.5
flotation	0.43854594649155115	6.0
flourished	0.41419378060736983	3.5
flush	0.49197556014030935	571.5
fluttere	0.32248015735940394	53.0
focusse	0.35645328406898796	3.0
foe	0.40337594824509254	123.5
folk	0.40620576959915733	1365.5
folksy	0.45422393593430826	24.5
follette	0.2910851925003394	5.0
folly	0.3957194387310601	218.5
footloose	0.5511245137174979	15.0
forceps	0.31946969244581935	16.5
ford	0.44175959184532504	2418.0
forecastle	0.37379594509949543	25.0
forehand	0.4910116200032554	38.0
foremost	0.43520161351073255	101.0
foreshorten	0.5338908290098892	11.0
form	0.5522689550687198	7842.0
formalism	0.37324572602215783	17.0
fortuitously	0.5364882191011766	5.5
forty	0.45757472422231454	1904.5
foss	0.44099749081205325	23.0
fou	0.6054407200547527	4.0
found	0.47560617369120844	208.5
fourteenth	0.3896551765203961	82.0
foxy	0.536791102733631	78.5
fragment	0.4378524052198433	400.0
fran	0.44239674933650025	161.0
francisco	0.36878058564370336	1136.0
frankfort	0.46092982758738915	21.5
frankly	0.42958871718900615	355.5
fredric	0.3424596829193156	6.0
freeport	0.3514571831496527	9.5
freiburg	0.4472689728371345	8.5
fresh	0.5125250996960445	1840.0
freshman	0.39084387447184493	228.5
friendliest	0.42505694821334367	4.0
frieze	0.2963649077514548	27.5
fronte	0.42973349135980315	7.0
fruight	0.3801534345106975	24.0
fruitful	0.4999314534051662	67.5
fuch	0.47932412625885473	10.0
fullback	0.30919863476473175	31.5
fullerton	0.40202120409456776	10.0
fulminat	0.5580600439486509	4.0
funnel	0.5363532010633716	99.0
fur	0.45654765276987247	655.5
furlong	0.49543394453427103	15.0
fusty	0.47766034328524887	6.5
futility	0.3241757200563201	75.0
fyodor	0.37956199146736624	22.5
gain	0.45845888607455726	2376.0
gaiter	0.36116052052067726	5.0
galahad	0.47222328841839867	4.5
galena	0.43705524455803796	9.0
gallbladder	0.36958689354586244	20.5
gallery	0.34047313448707783	658.0
gallo	0.4896742319619865	60.0
gallop	0.3854311194417913	258.0
galumph	0.4048896020955822	4.5
galvanic	0.5152499579689521	6.5
gambia	0.44085343662889104	9.0
ganglium	0.4135549425553696	6.0
gantlet	0.3976709739728204	7.0
ganz	0.48771738834869915	6.5
garbage	0.31918157400044744	513.0
garde	0.30321827154307834	96.0
garland	0.419327348420425	248.0
garner	0.5295806534848849	93.5
garrote	0.44235357397168573	5.0
gas	0.4163090613571011	33.5
gase	0.2597245410666605	156.0
gaseous	0.31450769392328165	48.0
gasoline	0.3691675137651947	655.5
gasse	0.5774620518289398	7.0
gastroenteritis	0.2358694310491588	5.5
gatekeeper	0.4009165981235093	10.5
gato	0.326158206843757	4.5
gender	0.398525608486269	99.0
gene	0.40826734140526333	482.0
general	0.5138922098022008	8684.5
genocide	0.2557562322757121	54.0
genre	0.30702520842872894	117.0
gentlemanly	0.4908946122419302	34.5
genuineness	0.28811063892285427	10.5
geraldine	0.4023156849410413	98.5
germ	0.3826762589026508	160.5
gershwin	0.31245784729882464	67.0
gertrude	0.34491988334491924	191.5
gest	0.3509846794664675	19.5
gestation	0.3222686571831154	32.0
gettin	0.24366096028705755	158.0
giggl	0.2850555373975053	125.0
giggle	0.2537343835477487	373.0
giggly	0.4679011992027231	8.0
gilligan	0.48141808372859896	21.5
gina	0.4302835392479441	166.0
gittin	0.3101733034197737	16.0
give	0.4386143005968047	25900.0
givenchy	0.4079959117479856	5.5
glace	0.3740052407550553	4.5
glamorize	0.46059624867835125	8.5
glasswork	0.44986260909119724	2.5
gleam	0.4508067246592756	569.0
gleason	0.44266178235676906	48.0
glens	0.35334348124698056	15.0
glenview	0.4675791952280404	9.0
glimmering	0.3430012683875062	6.0
glint	0.35589237225312076	174.5
glitter	0.458896116599957	378.5
glo	0.3726608962979859	15.5
glossary	0.3865418273085816	10.5
gnawing	0.39567897657792933	4.0
goade	0.46220695787641897	32.0
godforsaken	0.3931766311907939	17.5
godiva	0.3026062968603227	3.0
going	0.4356550089325317	54.0
goldman	0.3947784864393551	326.5
gonad	0.2740835236148711	14.0
goodbye	0.24400224398631506	426.5
goodyear	0.5192352173670758	32.5
gorgon	0.43897455893530246	17.5
govern	0.4498045393050833	679.0
governe	0.34058787389624534	29.0
gown	0.26949058138564924	412.5
gracefulness	0.36003708165476134	2.5
graciousness	0.3254474731441986	17.0
graft	0.4477266609292739	92.0
grandstand	0.4139226552175031	53.0
granite	0.38974295837095746	157.0
grata	0.20373308947279764	9.5
gratuitously	0.5044206696483904	13.5
graveyard	0.3911557001922343	109.5
gray	0.4875774045664149	2393.5
grayness	0.31959297697797917	21.5
greatgrandfather	0.3299698291611036	3.0
greengrocer	0.41390520820231963	18.0
gretel	0.36761741817841975	24.5
greyhound	0.41205678927955103	66.0
grist	0.5037469698434981	16.5
griswold	0.4021670642332859	90.0
grope	0.37985920120330496	46.0
grossness	0.3874509974458943	11.0
grosvenor	0.49233742433672356	21.0
grotesque	0.46997802350742374	186.0
groundwork	0.28436755620580045	46.0
grudgingly	0.29923826508090234	7.0
grumbl	0.33872578619820787	49.0
grumble	0.35775485358477604	158.5
grumman	0.3499853585216204	23.0
grumpily	0.45707964885979346	10.0
grunts	0.24412698976397249	5.5
guano	0.4256479455659972	7.5
guarantee	0.4194241197918019	1050.0
guatemalan	0.454981977493804	44.5
guess	0.2652043643238283	3250.0
guffaw	0.2799156273184567	55.0
guided	0.3734061719864224	29.5
gullible	0.42596599046374284	36.5
gum	0.3878356476181321	314.0
gunfire	0.2507764674460402	133.5
gutter	0.38652753986702404	126.0
guyana	0.432980760587579	34.5
gym	0.3754542858013565	206.5
gymnastic	0.45874706012939676	12.0
habitat	0.3073487909208417	147.0
hackett	0.4293987720875738	91.5
hadda	0.29179318622965245	10.5
haganah	0.3590438557610914	20.5
haggle	0.4042178963345867	28.5
halleck	0.3823099705824363	14.5
halliday	0.4519891424982937	68.5
hallucinogen	0.337901277573837	6.5
halyard	0.42549496268981213	25.0
handgrip	0.4322070023316571	3.0
handsom	0.396471795858205	6.5
handwork	0.464776566952769	5.0
handwoven	0.3955361240861111	7.5
hangnail	0.4060446195677186	6.0
harder	0.38908543730325446	403.5
hardle	0.5296535109635376	5.0
hardtack	0.3272148830295101	3.5
harebrained	0.4423690857962964	6.5
harland	0.37358547034156525	4.0
harlot	0.3808109648163978	24.5
harmonic	0.36086389647181205	26.5
harmonics	0.39460760280417473	3.5
harp	0.38419527391913205	194.5
harre	0.27955274185245355	60.5
harsher	0.5057625429889583	45.5
hatchet	0.35994664062052734	69.5
hatless	0.41658428036636025	16.5
hayfield	0.4466201951144021	6.5
haymarket	0.4643430598863676	14.5
hayworth	0.2366528394523383	20.5
hazel	0.49193451964327733	79.5
hazily	0.5467785663727848	5.0
hazzard	0.4736151214381653	4.0
head	0.47235035085300203	15475.5
headband	0.2913796688018107	33.0
headlamp	0.28728180538322656	10.5
headrest	0.393137551639101	7.0
headway	0.34213292355400565	36.5
healthiest	0.34349026554889134	7.5
heard	0.46000401464141616	71.0
hearst	0.41204200364260796	212.5
heate	0.5438171386098603	361.5
heathen	0.38251606700354995	80.0
heck	0.449205112101614	76.5
heel	0.3668412451991662	782.0
heep	0.42517679681391324	5.0
heidelberg	0.4215511071753292	12.0
heisenberg	0.37473003316107717	17.5
helene	0.39126726812239015	197.5
helens	0.35984225080404714	16.0
heli	0.5101893367565085	5.5
helium	0.3231464801770471	33.0
hellenism	0.3772707750871621	3.0
helmsley	0.5340274244358505	8.5
helping	0.3142301494424827	17.0
hemm	0.5462961681117212	7.0
hemorrhage	0.3289845816972405	58.5
hennessey	0.4736328350746407	34.0
herald	0.4107936263382214	281.0
herd	0.40855447989051563	567.5
herding	0.49640904824087045	2.0
herman	0.43828354603710534	207.5
heroe	0.36205301514172455	24.0
hesburgh	0.3896386654851812	17.0
hesitation	0.2849661131608973	221.0
hg	0.41229620357737295	4.0
hialeah	0.4376285352542641	8.0
hick	0.5152744226211163	72.5
hide	0.4612878537242352	2459.0
hierarchy	0.368589247378647	174.0
hieroglyphic	0.3537658099634759	6.5
highlander	0.38504172321619295	54.0
highle	0.44013018388232505	129.0
hiker	0.33336908504722096	37.5
hilda	0.4116999674506231	33.0
hoary	0.486876842030876	17.5
hock	0.5380188717593775	32.0
hoffman	0.41394003297349263	181.5
hogan	0.409359588566239	144.0
hoh	0.43650113261782736	2.0
hoi	0.30230935646325197	5.5
holder	0.4155978907437304	291.5
hollowness	0.3473990130063168	14.5
holmes	0.41392429617635434	152.0
homeland	0.2919703952818704	232.5
homestretch	0.4167392324420989	5.5
homey	0.4954760922461344	33.5
honest	0.4980189072833921	1097.5
honour	0.396998584538346	82.5
hooch	0.49040844012583057	75.5
hooter	0.48443753999549505	23.0
hop	0.39130241078231703	165.0
hopalong	0.49210394959018666	5.5
hopefully	0.47026736597307206	159.5
hormone	0.24600039739110152	213.5
host	0.4681618394746414	780.5
hostage	0.3315198036996643	774.0
hotb	0.2899390752966788	12.0
hotelier	0.38456433247329375	3.5
hound	0.48445181813574756	239.5
housewife	0.35788909812158515	215.0
hugely	0.49698324749161427	45.5
hugh	0.4902771782615608	635.5
hulk	0.4675926468080942	74.5
humanely	0.48782641278037836	9.5
humanistic	0.4000437783230931	44.0
humanitarianism	0.33152287981606515	8.0
humanoid	0.4184251761752332	26.5
humore	0.3490629710716748	34.5
hungrily	0.4654096164296202	38.5
huntley	0.5304791792171791	13.0
hurdler	0.3304713298580828	7.0
husbands	0.33696965075936314	10.5
husky	0.5051832127589684	132.5
hybrid	0.42936681134969307	140.5
hyde	0.39786817093781995	130.0
hydrogen	0.28638429187726366	194.5
hydroxyl	0.19628680648302554	4.5
hyena	0.3046527561598755	34.0
hyper	0.5267351068555306	40.0
hypertension	0.2442345548173037	47.0
hyphen	0.444558630917817	3.5
hypochondriac	0.3378494297250162	12.0
hypocrite	0.2719663141085904	57.0
hypothese	0.2983348026681361	73.0
hysterical	0.44789032920279576	194.5
iamb	0.5075378847100741	9.5
ian	0.44075681587651083	302.5
ibm	0.38917705244475087	297.0
ics	0.41470962409873313	9.5
idaho	0.3993638530343332	304.0
idler	0.4360687325503951	11.0
idolatry	0.3062575017093184	24.5
imaginative	0.47535699705223367	217.0
imbib	0.46842685691367575	9.0
imbibe	0.4000189288957107	8.0
imelda	0.34738800687183746	34.5
immemorial	0.4524142602652729	18.0
immense	0.4797048496614518	388.0
immortal	0.43441324691144156	130.0
immune	0.3655113921546745	208.0
impolite	0.4099277643954499	16.5
imposter	0.25287316622518985	13.0
impractical	0.41547546246953587	56.0
inaccurately	0.467205026919018	14.5
inadequacy	0.3250172461766614	91.0
inadmissible	0.3736799672901076	16.0
inappropriate	0.4253464399781151	139.0
inch	0.38089194055157993	1947.0
incidence	0.26054286403279026	191.5
incision	0.3525757330582402	39.0
inclu	0.36899341229518384	4.0
income	0.3537265540328504	2411.0
incompletely	0.5446012407805394	8.0
inconclusive	0.4496382189771231	60.5
increasing	0.4283137310588341	2.5
incrimination	0.16793122799404323	14.0
inculcate	0.34791701856914403	14.0
independently	0.4829748287867828	146.0
india	0.4265618238130142	1004.5
indiana	0.44676513491663283	415.5
indict	0.28397915906938354	262.0
indignation	0.242244693147043	145.5
indirect	0.5219319341340874	320.0
individualize	0.5099437416719647	24.0
indoor	0.47279581373992235	197.5
induction	0.4254607674834994	54.0
indulgently	0.26512785712933573	16.5
industriousness	0.3747990706414348	7.0
industrywide	0.46791597417691344	12.0
inelastic	0.5434880596927049	4.5
ineligible	0.3343265373543113	33.5
infan	0.5121725246923253	7.5
infection	0.21793852477469347	417.5
infernal	0.4539663451399865	28.0
infertility	0.269479201912193	31.5
infinitely	0.4166095443310231	172.5
infinitude	0.3578252220276034	1.5
inflexible	0.46374125207583017	59.5
informality	0.35798918951318803	23.0
ingall	0.49843068217982955	17.0
ingredient	0.3179955422804936	321.0
inhabitant	0.31026426678410596	263.0
inhaled	0.3673852951211263	3.5
inhibition	0.3859183425666086	74.5
injunctive	0.3456439063000766	12.0
inmates	0.2914129460569618	6.0
inna	0.46880503950615054	5.5
innovation	0.34996695333146227	272.5
innovator	0.3425252770375818	38.5
inoperative	0.4410866744415725	13.5
inquisitive	0.46210911559678014	58.5
ins	0.3769961560816094	117.0
insanity	0.3248646689284025	113.5
insect	0.3210736290179818	390.5
insecticide	0.28322571165016747	44.5
inseparable	0.3890495288736034	53.0
insignificance	0.2864257950873402	16.5
inspector	0.38346752872912626	460.0
institution	0.3497003003570555	1780.5
instructor	0.35471177257528785	253.0
insufferable	0.4721532445350891	27.5
insulate	0.4850674252561554	112.0
intake	0.3426696143698529	189.0
intellectualize	0.4322558197258953	8.5
intend	0.3088013449025449	669.5
intensification	0.3293439612431684	23.5
interceptor	0.27832529861020827	49.0
interests	0.4284675469347379	13.0
interior	0.4788724619298238	851.0
interloper	0.36643606845886734	24.5
intermingle	0.4026288631356924	16.0
intermingling	0.34053269717737206	6.5
internally	0.5223486109373036	70.0
internationalization	0.28807299607779263	6.5
interpretation	0.30995827420693906	542.5
interpretative	0.4711470657812157	12.0
intervention	0.33035541157057746	435.5
interwove	0.3799565579476098	4.0
inv	0.5417896841247754	4.5
invalidate	0.3813818413035044	35.0
invasive	0.43243881501813974	7.5
invocation	0.24964275577266606	39.5
involuntary	0.4751205559111905	97.0
inward	0.4733175045252631	265.0
ironwood	0.41507285757158685	15.5
irregular	0.5430230540243081	180.0
irreplaceable	0.46986837216402644	30.5
irreverence	0.3058688606632524	18.0
irvington	0.40874495313535886	4.0
isaacson	0.5519131055993965	33.5
isay	0.567935635414671	2.5
israeli	0.38796785953955243	2135.0
itchy	0.437034063378633	20.0
jab	0.4157971226516318	169.0
jackhammer	0.460714423335498	10.5
jagger	0.2706338775692393	24.5
jangle	0.4074407909638908	54.5
jangling	0.2614603258857358	5.0
janie	0.3196975554209479	13.0
january	0.389843322385907	1183.5
jasmine	0.3183819562116205	29.0
jealousy	0.2973369165835086	200.0
jeanne	0.3856600212326451	70.5
jeannine	0.3768600176243532	11.0
jehoshaphat	0.36731134684954037	3.0
jennings	0.38164589386857906	138.5
jeopardize	0.34064384294630784	135.0
jerald	0.296285989927762	3.0
jeremiah	0.4320151227176163	37.0
jessica	0.37342882853766923	252.5
jet	0.3978108840048806	806.0
jilted	0.2968385496165888	2.5
jitter	0.4526078158271703	37.0
joel	0.4384732759557149	559.0
johan	0.32403735698216257	7.0
johnstown	0.4229606066957959	10.5
joined	0.4821551906468355	29.0
joseph	0.3846669448585652	1266.5
josh	0.4617650887990711	142.5
journeyman	0.42698332278459034	26.0
joviality	0.29573748416532947	6.5
joyless	0.5190836787535121	17.5
joyride	0.3915737284928056	8.5
judgment	0.3239843971825733	1205.0
judiciously	0.5009019399799973	25.0
jun	0.48588730427087684	7.0
juncture	0.3302152865248955	65.0
juneau	0.4675067380101658	11.5
jurisprudence	0.24462954532147557	17.5
justice	0.37996818737487903	2445.5
juvenile	0.44217996529169706	220.5
ka	0.4134975061662965	60.5
kaddish	0.25609786654568095	25.0
kale	0.5476219474913391	34.5
katharine	0.28439219760572476	36.5
kea	0.4049913287293161	5.5
kean	0.37748179483170763	24.5
keat	0.42426995790609334	127.5
keith	0.44377874750791174	100.0
kelvin	0.45284769460334956	12.0
kent	0.5379681787444668	199.5
kenton	0.5136662346516264	8.0
kerr	0.4690520722820748	46.5
khakis	0.2997097069831903	12.0
kia	0.5462289660277783	8.0
killing	0.2926396249690682	421.5
kimonos	0.3008136755195728	6.0
kin	0.41905666731810526	274.0
kinetic	0.39142932493111826	57.5
kingdoms	0.39762000825623045	5.5
kinney	0.5352106783919234	4.5
kith	0.5546804268456675	6.5
klansman	0.2834901147019477	10.5
kleine	0.5261485203669576	15.0
klieg	0.34941785213315857	6.0
knell	0.30312956459380286	14.0
knowledge	0.34836057924515496	2331.5
knowledgeable	0.42234519168846835	146.0
kodachrome	0.48267370269166576	4.0
konstantin	0.30425380616168196	24.5
koran	0.21269513558300396	47.5
kramer	0.46384199510919366	218.5
kun	0.45094800340932445	8.0
laborious	0.49567784904865014	43.0
lace	0.4472849192585753	413.5
ladd	0.5773522420488624	37.0
lagos	0.4974165495329282	5.0
laid	0.46909655085018526	178.0
lain	0.3138867358410247	129.0
lair	0.36434545948551894	64.0
laissez	0.22830180925202526	53.5
lame	0.49821800556529783	98.5
land	0.41999907676312687	6383.0
landscape	0.36001379880443024	592.5
lane	0.37232445778543505	597.5
lantern	0.30425117606020985	217.0
largesse	0.4111551673586826	27.5
larva	0.2384562093417534	30.5
lass	0.4693631121572818	60.0
late	0.5267289241636562	15535.5
laudanum	0.32792029423691693	9.5
laughingly	0.4595041314063482	26.0
laughter	0.2647581202911893	983.5
laurent	0.414317426851343	33.0
lave	0.5115733817005477	19.0
lavender	0.4056737857459527	88.5
law	0.349201631073864	7071.0
lawlor	0.39517486264609886	3.5
lawmaker	0.34108755704421473	144.5
laxity	0.3470645192231928	12.5
layoff	0.30418894303533606	136.0
layou	0.3462748920804798	13.0
lead	0.5467860019343451	8969.5
leaf	0.39136680119171097	1665.0
leaps	0.4275933276268519	15.5
lear	0.5102784886258598	150.5
learn	0.3380036489053873	5912.0
least	0.3541319523348391	507.0
leathery	0.4449336791384937	53.0
leavenworth	0.4010781181589446	21.5
leavin	0.33415512457341534	27.5
lech	0.539914527243813	44.5
lectern	0.267766880723804	61.5
ledge	0.27892264203037	249.5
lefthand	0.4595339870212282	13.5
legality	0.36401980092844183	54.0
legionnaire	0.47613925493155673	29.0
legislator	0.3534457862343911	355.0
len	0.4885642438596973	48.0
lend	0.47874704168345317	579.0
leningrad	0.3944408818399206	93.5
lenny	0.4228987696770948	163.0
lens	0.2837897362932979	362.0
letterhead	0.387899629474921	22.5
lettie	0.2975228748731699	2.0
levant	0.4316858132069045	17.5
levine	0.47179189550544737	112.0
levinson	0.44429486295511617	20.5
levis	0.39715216100567213	20.5
lewisburg	0.33823454507364314	8.0
lh	0.5607672268682815	15.0
liberal	0.445163509258476	1536.0
liberals	0.2949090560183495	164.0
libretto	0.26239117277117746	13.5
license	0.34177175138599636	920.5
licit	0.516320928088625	4.0
lieder	0.35970779853590684	11.0
lifespan	0.43029340577828235	7.0
lift	0.5021166195795498	2375.0
likelihood	0.27520132697814526	175.0
lilian	0.39908852563888914	8.5
limpet	0.5022692828408519	5.0
limply	0.4010381405842624	44.0
lindstrom	0.4816593376026866	9.5
lingo	0.41897537772852217	28.0
linguine	0.31932589484494317	5.0
link	0.48304751812167973	1374.0
lip	0.3084110429498033	2294.0
lippy	0.6656950150131724	2.0
lipscomb	0.48402805933767923	4.0
lister	0.541691868831369	20.0
literary	0.4167048273255384	609.5
littendle	0.4694846297737091	116.5
littnorthe	0.3506722503568904	47.0
littunle	0.369615930551781	410.0
lloyd	0.3606281225691947	365.5
loaf	0.39199709219600815	155.5
locat	0.4453362880603167	6.0
lodestar	0.4361366820464757	2.0
lodging	0.3353552934362946	27.5
loft	0.4490197074533609	179.0
logbook	0.3667841731976991	5.0
logjam	0.45167696868305846	14.0
lon	0.5102544498544617	298.0
londonderry	0.3711222134267076	27.0
longwood	0.46120171798212123	7.5
loon	0.4101125734726598	71.0
loops	0.3636787466128264	3.0
loosen	0.4413786591935915	180.0
lot	0.3995379752518969	7079.5
lottery	0.35315130535738415	152.5
lounge	0.41727850922731263	400.0
lovely	0.45579207004806044	955.5
lovin	0.415465674067133	14.5
lower	0.4917720120908055	386.0
luanda	0.30829965026042644	20.5
lubrication	0.4343919297566982	10.0
lucki	0.31256905263343915	7.0
lumbar	0.35252718409998274	13.0
lunche	0.31502091588729203	39.5
luncheon	0.31161620212158264	195.5
lute	0.49043804826163834	81.0
lyin	0.35776384923989385	22.5
lyric	0.3623934256724345	65.5
lyrically	0.5367098358090189	4.5
mac	0.4201205736531183	468.0
macalester	0.4206900526798787	6.0
macauley	0.35032673083685434	3.5
machete	0.27097030723335924	58.5
mackay	0.4728067110073692	10.5
mackenzie	0.5377728647808819	43.0
mackie	0.47954075377789956	18.0
maddening	0.5012123919758342	4.5
madison	0.38937722496957455	379.0
madness	0.3310649300408358	305.0
maelstrom	0.3698558511583501	24.0
mafiosi	0.3776627183712471	15.5
maggiore	0.36320991163832456	6.0
mahal	0.21240331887816366	20.0
maid	0.3379091560609335	496.5
mains	0.3851932837031168	16.0
majesty	0.3113602978902869	338.5
making	0.4621563543850595	7.0
malacca	0.3406740443807702	4.0
maladjustment	0.3688118628881595	6.5
malaya	0.2630565597653738	10.5
malefactor	0.41112509153657273	15.5
malinger	0.35434883019321284	5.5
malt	0.4301593383146657	32.5
man	0.44111365830427396	44993.0
mandalay	0.37141523983118896	4.5
mandarin	0.4474226144523641	55.0
mandible	0.3800744965373516	10.5
mange	0.4362843411405945	9.5
mango	0.32722491147565025	32.0
manichean	0.416305966877261	2.5
manicure	0.398081616990717	31.5
manif	0.5026339972845457	65.0
manley	0.48159740666631473	44.0
mannheim	0.44855460604516756	17.0
mantra	0.34323116301588985	41.5
manuals	0.3063799143004575	43.0
manufactur	0.4453022656483955	454.5
manufacture	0.46883641527152475	419.5
marc	0.39306127288827236	141.5
marciano	0.38259664729608023	5.5
marcy	0.4859945781768234	15.5
mariachi	0.31363895977553846	6.5
marla	0.3936107789993193	7.0
marmalade	0.2843950419196317	31.0
marshall	0.47038484978380085	495.0
marsupial	0.3815486225631715	5.5
martial	0.38036347204655213	249.5
martino	0.4171348884290169	4.5
mascara	0.31875900226140175	21.5
masquerade	0.4605130668712372	40.5
massa	0.45971231073454205	15.0
mastery	0.32133245680844413	112.5
mathematic	0.39811872548139826	7.5
matriarch	0.3447538983825905	39.0
mattere	0.2872708741286065	40.5
maudlin	0.4283884828837144	26.5
max	0.4726460649949399	594.5
maxie	0.3244622271708562	9.5
maxine	0.43704965396721834	21.5
mayan	0.414003138476005	14.5
maybe	0.3234020183599138	6842.0
mayfair	0.4751289461422467	14.5
mayou	0.38558828180411786	25.5
mcclellan	0.40734387934165067	91.0
mcgeorge	0.24495097566637836	13.0
mckay	0.4835133467750688	46.0
mcnamara	0.3502733477895099	133.5
means	0.44492819948304857	2383.5
mechanics	0.4545765182570776	225.0
meddling	0.3201546042897425	10.0
mediaeval	0.4430182242965356	7.0
medicare	0.33976311119055624	137.5
medley	0.4299451238908278	60.5
meeting	0.28838653673382064	893.5
melissa	0.4089344193516641	52.5
mell	0.4169081798163036	11.0
mem	0.34772374597486233	30.0
memo	0.2941870050921208	247.0
memphe	0.3860508382762963	7.5
menacingly	0.42223820760645076	32.5
mendel	0.46301522764301306	29.0
mere	0.5414748378944251	2857.5
merger	0.3320738536056118	276.0
merrier	0.25136914405670974	5.5
merriman	0.4409903651298651	3.0
metabolic	0.3220437341911859	54.5
metalworker	0.47362090706210436	6.0
metaphysical	0.4295478451111414	97.5
meteor	0.26851936077829247	41.0
meto	0.5014702637608309	3.0
meyer	0.4775095233574376	168.0
mfg	0.4074415647622749	5.5
mg	0.36971063325555625	97.5
mi	0.4005478620892578	150.0
mic	0.5236294360223489	9.0
microgram	0.32741907594754843	8.0
middlesex	0.4218459509148975	20.5
midsentence	0.28491415131840025	11.5
midw	0.4794610840699347	12.5
millennia	0.4782374268620477	5.0
miller	0.4541187326573857	659.5
milton	0.43809100333032325	287.5
mime	0.5236951849180741	70.0
mingus	0.3890117495630409	16.5
ministries	0.3924118881694685	7.0
minot	0.5393994316865789	6.5
minus	0.45293180083228657	143.5
miraculous	0.4579680529629613	115.0
mirror	0.32475627122084716	1446.5
mischievous	0.4694604735954302	73.0
misdirection	0.4574560920301772	11.0
misery	0.37046283848853984	357.5
mishandle	0.4881883385986096	11.0
misidentify	0.4514754113165869	3.0
misinform	0.34396698286389754	15.5
mistah	0.2333037233186061	4.5
misunderstood	0.38330142612265206	47.5
mizzen	0.4461294632153182	5.0
mobility	0.3436600727194181	184.5
mocks	0.4189909094610384	4.0
mode	0.5221902330491165	832.0
modernize	0.39319639843575216	95.5
modesto	0.3494657004944466	4.5
modesty	0.3421159183715156	103.0
moet	0.44524428691403156	13.0
moist	0.44579373923917226	209.5
mojave	0.27193646427587387	17.5
molecular	0.34947723585469465	82.0
momma	0.35900411097864127	101.0
monahan	0.43040780029334436	9.5
monastery	0.27793071371899314	219.5
monday	0.3514841336124666	1119.5
moneyman	0.43880912692607704	17.0
monitore	0.38268107104705695	104.0
mononucleosis	0.2820679956590868	5.0
monotony	0.3396428906379533	44.5
monsieur	0.2371163831023303	212.0
monte	0.34431590133634216	103.0
month	0.43130862038809437	9566.5
montparnasse	0.2940998571730397	9.5
montpelier	0.45573295741408215	3.5
monumentally	0.45259749858058906	10.5
mony	0.4306854241242086	69.5
mood	0.3655690541815939	1160.0
moonstruck	0.4900478957355392	8.0
morass	0.3572281541557999	29.0
moray	0.4195607869395477	13.0
more	0.5621078791656456	76.5
morning	0.35032151777722714	6528.5
mornings	0.23156599384752513	8.0
morphology	0.3290481008208879	13.5
morsel	0.3400448533682023	47.0
mortal	0.4629878462968311	411.5
mortally	0.4016215099072685	33.0
mosely	0.38345310669718663	14.0
mothball	0.3979375350328016	13.5
motionless	0.3455315442376824	229.5
motor	0.38352268399788103	961.0
movable	0.4731921076263168	51.0
movement	0.3701338872370805	3020.0
movements	0.3300259414018601	140.5
movie	0.31495075590470173	2876.0
moxie	0.4218748496701077	18.0
moyer	0.355534145624687	9.5
mt	0.2681795729137874	108.5
muffle	0.4011012420497448	124.0
multilevel	0.4191720493322982	7.0
multimillionaire	0.36621253324865904	29.0
multiplie	0.4238999594272422	4.0
multipurpose	0.4821166202060748	12.0
multitude	0.39271460159019794	168.0
mummer	0.47500283617591127	8.5
mump	0.38652256348500197	10.0
munching	0.4226368277594045	4.0
mundane	0.4884801818407752	82.5
municipal	0.41723521109507555	394.5
murky	0.5052809792492224	109.0
mush	0.4734918549801785	47.0
mushroom	0.4245712277299097	217.5
music	0.33847232371922503	3674.5
muslim	0.42067987779482807	246.0
must	0.38408152584237126	15859.5
mutt	0.4007715078396681	35.5
muttering	0.2919962803368097	20.5
mylar	0.4436765382058519	9.0
myriad	0.48362011540293115	115.0
mystic	0.48196355394871593	115.5
mystics	0.3453177022267136	20.5
nader	0.32218761952363034	114.5
nadir	0.4626914108970413	13.5
nailed	0.3943316878598496	5.0
naivete	0.32485942796226114	36.5
names	0.3988172962705993	24.5
nanking	0.3566355930458906	6.5
narrow	0.5148431733993917	1947.0
nashua	0.41693354251475595	13.5
nast	0.4197125189035163	16.0
nasty	0.46086814599253234	307.5
naturalistic	0.43643303953287627	34.5
nazis	0.2855388966543763	163.5
nearly	0.4976558816783497	3532.5
necessary	0.38512559137420643	2771.5
neckpiece	0.3759544318719035	2.5
needle	0.36049886405576126	538.5
needy	0.4173510684970776	92.0
negligence	0.2920039173466615	57.0
negro	0.42337501198743754	498.0
neighborhood	0.37999418199685947	1143.0
neill	0.2855786793375546	492.0
neither	0.45140622360297494	2725.5
nestor	0.44784581927707845	68.0
net	0.5230360642987343	898.5
nettlesome	0.5537644798622191	5.0
neurosurgeon	0.3364652343485921	20.5
neutral	0.5227204703312514	329.0
neutron	0.27657671241083165	105.0
newhouse	0.50045488890987	29.0
newton	0.4508580903979057	172.0
nib	0.46501333022638913	12.0
nicaragua	0.3304711735121662	400.0
nicely	0.4841517608337299	208.5
night	0.39228725926253233	13099.5
nipper	0.4878385969228057	6.0
nitrogen	0.25926537052723136	164.5
nly	0.611251600589764	2.5
node	0.3441912309327391	63.0
non	0.46783484539523446	1239.0
noncom	0.35032261803008297	26.0
noncommital	0.5045001627629682	2.5
noncompliance	0.269992747376138	11.5
nonfatal	0.35107204250808377	3.0
noonday	0.3615001303179671	23.0
noot	0.5153089135643611	5.5
norfolk	0.4068251882487515	99.5
norm	0.4071626635843231	197.5
normalize	0.39934685094457384	21.5
northeast	0.39601977419464446	279.0
norwalk	0.41377301811389566	9.5
note	0.45614208875047846	4161.0
nothingness	0.30938842607851724	56.5
notify	0.3536180881753278	219.5
nottingham	0.4139496723399774	15.5
nouvelle	0.31570702208753654	21.5
novel	0.283295584338886	1329.5
nucleate	0.4421822375345539	3.5
nudie	0.37597824877309455	4.0
nugget	0.4106291358797571	57.0
nullification	0.34007929268718534	5.5
numbed	0.5601699648381695	14.0
nunez	0.41866586128413935	9.5
nurse	0.4164592328379841	1862.0
nut	0.48112894807309137	560.5
nymphet	0.3489771290135119	5.0
obelisk	0.330678694227358	24.0
objectively	0.5492746797392017	8.5
obligation	0.297829293757924	563.0
oblige	0.4031351185310582	392.5
oblong	0.39438824911992304	36.5
obscenity	0.33613355631063263	149.5
obstacle	0.2759250835360651	337.5
obstetrician	0.31425213722345	33.5
obstetrics	0.35258899287792383	15.0
occupancy	0.35320321370130875	49.0
odoriferous	0.5942150064436551	2.5
odysseus	0.38312706055107576	21.5
officialdom	0.35109539580171994	14.0
officially	0.5472223685327431	388.5
officious	0.45710841482732073	19.5
oh	0.19469775543407278	7252.5
ohh	0.29450000944314086	8.5
ohm	0.4625522001013918	5.5
oils	0.4133242585794909	15.0
omnivorous	0.519614123839141	8.5
one	0.5944739835857178	77904.0
onion	0.3013055081407124	293.5
oo	0.4952643471919428	80.5
ooooh	0.25207807945435673	4.0
opene	0.4579716444132588	9.5
opposition	0.33449647647013286	1479.0
oppress	0.4200771715834875	120.5
optical	0.3539758030470511	104.5
optimist	0.3366726474590292	51.5
orange	0.40778521133165374	1046.0
orate	0.5027884470037352	9.0
orbiter	0.25469786311970877	18.0
orchard	0.2655351284936327	147.0
ordain	0.3673854220812202	83.5
orestes	0.45634834167726557	21.5
org	0.4767182460819954	2.0
organism	0.27434508211369457	320.5
organization	0.370483955480339	2708.5
organize	0.4674728592248223	1705.0
orientation	0.3939717430077778	194.5
orlando	0.43033414594885944	113.0
ornithologist	0.3033341784374189	13.5
ortiz	0.5181713317978044	15.0
oscar	0.39696235762272386	289.5
otherness	0.3620491213811142	16.5
ounce	0.3397255164344691	348.5
oust	0.4195170493765145	126.0
outbreak	0.31710578681718044	184.0
outdistance	0.43416675280532174	21.0
outfit	0.39300295970011195	439.5
outflow	0.3442142494007066	30.0
outgrow	0.3846163654603403	39.0
outline	0.41273076659567176	393.0
outre	0.5681443792835977	4.5
outright	0.5143358825423935	217.5
outside	0.4697444694970906	4986.0
overcharge	0.4365152395837393	30.5
overexpose	0.4320837854242011	8.0
overheat	0.4989873511386956	77.5
overlarge	0.5427790265903122	5.0
overloade	0.38210186346639335	24.5
override	0.49312723037680856	182.5
overrul	0.4138428071047651	7.0
overseas	0.5201188697856454	53.0
oversight	0.3706324624154764	103.0
oversize	0.49444650011776364	112.0
overwhelmed	0.4909995820317501	7.5
owlish	0.49174600087754905	12.0
oxford	0.4234467711047226	323.0
oxygen	0.3404337688989133	328.0
packet	0.40701083926329124	211.5
pact	0.349542765197525	329.0
padd	0.49543761753158727	43.0
paddling	0.38392060774768916	3.5
pained	0.43891919811515495	35.0
palace	0.3066512954076825	948.0
palermo	0.39429013093670706	41.0
palisade	0.3618694481553594	51.5
palmer	0.47494350791801043	135.5
panoply	0.3958221400840311	21.5
panorama	0.34281285981219667	56.5
paparazzi	0.3619670724251316	6.0
papua	0.3200788637913031	38.0
paradoxically	0.47586257149533423	65.0
paraphernalia	0.4775975793620147	5.0
parent	0.439046340922561	3369.0
parity	0.36238352467154683	71.0
parolee	0.34056812529205077	7.5
part	0.4879451513602101	12661.0
parte	0.4774509945920191	113.0
participate	0.3037213035294511	564.0
participation	0.3457977242220749	503.0
participatory	0.44037899776602407	34.5
participle	0.4199377638387035	5.5
partly	0.4989511873622161	713.5
passionately	0.4725736747361152	113.5
passions	0.3591310124891943	31.0
patchy	0.48841652498388083	20.0
patent	0.39666467140166195	439.0
paterno	0.3587104815107554	41.5
pathetically	0.5162109494488721	37.5
patience	0.35823125639759834	706.5
patio	0.29900441258925703	100.5
patriarchal	0.42403532199067073	38.0
patricia	0.3768904818330458	428.0
patrimony	0.38276834057539755	9.0
patterson	0.45693908552526163	99.5
pay	0.37514352523301403	8197.0
payable	0.26984451162275497	28.0
pd	0.46794524211010247	6.5
peaceable	0.5770388093314699	40.5
peaceful	0.5152597937692993	480.0
peachtree	0.42496070943367364	7.5
peck	0.5120212499961445	205.0
peekaboo	0.5174173127090056	4.0
peevish	0.530756632597217	22.0
pen	0.3670315234625032	800.5
penal	0.3627440183374901	92.0
pence	0.4577284422125455	53.5
penetrate	0.3742123320784761	330.0
penrose	0.4727352289664087	8.5
pension	0.33624557990269766	495.0
pensione	0.3291768109543823	8.0
penury	0.37064549642294636	12.5
pepper	0.3751052379868455	468.5
percentile	0.40320066666018806	5.0
perceptive	0.47860301434948915	84.0
performer	0.3683227262870158	306.5
periodically	0.5847733175922046	160.0
periscope	0.3308468241665831	37.5
permian	0.4447315180417902	2.0
perplex	0.46775710848905866	150.0
pertinence	0.3493885402235467	6.5
petersen	0.4732915386138203	33.5
pharisee	0.2873461270816082	65.5
phenomenology	0.30635974187150655	24.5
philanderer	0.3627706849363252	7.5
photographer	0.36014452452932283	480.5
photographic	0.41823612495734686	107.0
photography	0.38902930845033423	173.0
pianist	0.2860614881741645	145.0
pianoforte	0.29651914794092027	6.5
piccolo	0.44311020707707804	13.0
pickpocket	0.4033177927152442	23.5
piecrust	0.4212329115986037	7.0
pil	0.40522754699588814	113.0
pilferage	0.40239540922049327	6.5
pill	0.3244438678844365	584.0
pillow	0.30561694127899264	565.5
pillowcase	0.31184819522647206	18.5
pin	0.47797347693502834	842.0
pinup	0.4771836100747636	8.0
piratical	0.5227704461550191	6.5
pitchman	0.40634758936089255	17.0
placido	0.2638136183701336	7.0
placing	0.4731685023251028	25.5
plane	0.3565457560343955	2699.0
plank	0.4379965192714462	196.0
plantation	0.37020521033535986	249.0
plasticize	0.5083684862527054	3.0
platform	0.3887024012646303	840.5
platoon	0.33747607616872255	145.0
playact	0.3933660593078508	7.0
player	0.3641303762234611	2106.0
playin	0.23665122693623503	39.5
playpen	0.3583531601883973	19.0
pleasant	0.48148293309272916	816.0
plebiscite	0.28266637862206184	29.0
pleistocene	0.30781787846946973	7.5
plopp	0.3828214664749322	6.0
ploughshare	0.3853893839387948	3.5
plow	0.45961612305203664	272.5
plug	0.46085929088126254	315.0
pluto	0.3392282702962146	26.0
plutocracy	0.37029673315094896	4.0
pocket	0.32060437259766583	1984.5
pocketbook	0.43068226511809876	91.0
poconos	0.25331440113752546	7.5
podge	0.407540005358548	5.5
podium	0.2549632338505083	135.5
poems	0.23478053638872903	103.0
pointblank	0.5396469747523313	4.0
pointed	0.5502139838015229	272.0
polar	0.37987347244060715	101.5
polio	0.313420801888796	101.5
politburo	0.2744464013210744	151.5
polite	0.4775245657380605	649.5
political	0.4590604743213886	7758.5
pollinate	0.3765491422208279	13.5
pomme	0.2936379125003678	5.0
pops	0.3422009638517599	20.5
porky	0.4390501708946679	11.0
porte	0.4028176706016392	28.5
portia	0.49746397688406996	17.0
poseidon	0.49528127328236227	29.5
positive	0.507800114130784	1117.0
positivism	0.3180978109996093	13.5
possession	0.3920073841507953	517.5
postal	0.3701720437394746	231.5
postcards	0.3320756661613731	8.5
poste	0.5106036465883601	7.0
potable	0.4133220000694816	9.5
potentate	0.40264300902483946	19.0
potion	0.33970176181070144	46.0
pounds	0.47762862525647315	3.5
powdery	0.44998543293799115	25.5
pre	0.38864009506671165	827.0
precedence	0.24885654827251863	65.0
precedent	0.31268410149915193	240.0
precocity	0.4705934916432351	8.5
preferable	0.5032100116331752	195.5
premed	0.43994461620020353	3.0
premeditate	0.43093503579900644	23.0
premiere	0.2313605539237157	96.5
premium	0.34918822956895795	236.5
premix	0.4232085774544589	2.5
prenatal	0.3593020350369508	26.5
prentiss	0.517362707817671	16.0
preoccupation	0.30455518611825716	151.5
preoccupy	0.3710751769533422	224.0
preparation	0.3909834753498325	636.5
prepubescent	0.4422016182879324	4.0
pressing	0.4220245224586963	76.0
prestige	0.3914198144107387	306.0
pretentiousness	0.3158039571718463	5.0
pretoria	0.43012949699261366	70.0
prevalence	0.277595020487138	34.0
preventive	0.36339101168325555	97.0
priesthood	0.2585636988140016	70.5
primus	0.5329176339042835	5.5
princesses	0.33747644534653404	4.5
privateer	0.4156305001027555	12.5
prive	0.309383707615843	1170.0
prize	0.3629132147301035	773.0
probley	0.2969155319995199	160.0
procrastinat	0.4063801272060559	7.0
procreative	0.4687915472299188	4.5
procure	0.46763243435815316	65.0
produce	0.5122122618428162	4644.0
productive	0.5020270240799449	354.0
profe	0.3961543183300132	17.5
profile	0.4214621889503233	380.5
profound	0.47315409396063995	453.0
profusely	0.34494283986977686	42.0
program	0.3749600920710243	6250.0
programmed	0.4931998330540507	23.5
progress	0.35799417633579755	1573.0
progressive	0.5519947212532639	451.0
prohibition	0.29730633147324453	184.5
promiscuity	0.3171265347380899	25.0
promot	0.37789820873728697	169.5
promotion	0.39335774483329394	407.5
pronge	0.4387494138178876	16.5
prop	0.5383982691891498	152.5
prose	0.32249178848947185	228.5
protagonist	0.34230796903403615	81.0
protean	0.4980541622260749	21.0
protrusion	0.3416916968766589	12.0
proudest	0.5039682273586266	3.0
proven	0.5026661344485036	136.5
prowl	0.40036135401105266	116.0
prudery	0.31506178232084386	4.0
psychical	0.4333238335021215	9.5
pubescent	0.4459047035642098	5.5
puddle	0.31396212306925386	141.5
puff	0.42392959924480034	428.0
pullet	0.40254350429072067	9.0
pulling	0.4958259454254852	11.5
pulp	0.42244696370829266	93.5
pump	0.4765700009410512	800.5
punctuality	0.3545616598212299	12.0
punt	0.3806812852161984	49.5
pup	0.35962804369021895	98.5
purchas	0.40407500532199325	47.0
purdy	0.48134532876674085	12.5
purgatory	0.36255996998338985	51.5
purify	0.43408429151486816	96.5
purposefully	0.5040914676711709	43.0
pusan	0.42869201916828525	14.5
pussy	0.3974935823829247	134.0
px	0.4294696194915979	17.0
quantifiable	0.4900183345755789	9.5
quantitative	0.4505420345030598	70.5
quarterback	0.3253548520284589	286.5
quasar	0.3101662979394755	36.0
quayle	0.3414707329355063	50.0
queasiness	0.29171153351668494	8.5
queensboro	0.3055469410621301	3.0
queer	0.4889887729152749	175.0
querulously	0.3889174561085976	4.5
questions	0.25058312981276537	766.0
quick	0.5089382974053869	1972.0
quicker	0.4254504473208696	141.0
quickly	0.5016878384951128	3678.5
quiete	0.4194228570741725	83.5
quigley	0.4670193980404474	32.5
quilt	0.3653472643835551	179.0
quinine	0.31588616669343533	12.0
quint	0.4838070438449853	11.0
quivering	0.4611045823145866	4.0
quote	0.3554966685635256	875.5
quotient	0.4024532672047472	13.5
raave	0.5625078290898313	4.5
rabbit	0.3515759827752986	592.0
racism	0.2914971174393999	171.0
rack	0.4377029839055556	314.0
radiant	0.49098501056089877	147.5
radiation	0.302990029737272	631.5
radioman	0.3331377923947337	8.5
raffle	0.42989964790208435	14.0
rag	0.4781343019870783	432.0
rainbow	0.472145450021258	182.5
raise	0.49823462588932294	5605.0
ramrod	0.49033359218613376	22.5
rangeland	0.3139913674945991	27.0
ranger	0.3516876700277246	253.0
rankin	0.4418005963374641	17.0
rankle	0.3850905540095256	10.0
rapture	0.3532221201754783	93.5
rar	0.4851752316199388	15.5
rated	0.42731435382860955	7.5
rates	0.2808970991329633	23.5
ravenswood	0.4359222412691442	11.0
reaction	0.31994669616031945	1483.5
reactivate	0.4686048759418537	18.0
reactor	0.3153024879887475	299.5
reade	0.3501437546878406	182.5
readings	0.3606292549090132	6.5
realize	0.3070178306825904	3752.0
rearrange	0.43644920065261117	111.0
rearview	0.18009967270263574	53.0
rebutton	0.29159043457345	3.0
recaptur	0.40275268549435833	9.5
receivership	0.31542667316813744	17.0
reckon	0.40949448107347597	390.0
reco	0.3745959346613883	3.5
recognized	0.42306626748344756	5.0
reconstruct	0.43016665965838263	131.5
record	0.4363859457590996	4593.5
recording	0.3268762375821529	207.5
recourse	0.3277989212831192	72.0
recover	0.39949870319026537	847.5
rectum	0.2786147052468417	26.0
recuperat	0.2840831506782463	28.0
recuperative	0.4291879749022134	6.5
redemption	0.3670101939082734	84.5
redevelopment	0.3759881273482092	36.5
redhaired	0.3589951152185888	3.0
redundant	0.48003416522788306	37.0
reenact	0.44906633770596066	12.5
reenter	0.4076026824315668	44.5
reformation	0.25211689029546774	120.5
reformatory	0.3873233824123762	18.0
reforms	0.27678800424973693	191.0
refrain	0.3715792249214408	189.0
refuse	0.33099727073300966	2734.0
regalium	0.32759747462051514	23.5
regime	0.27428582731569656	881.5
reginald	0.3233441432930214	57.0
regionally	0.5367851288677155	9.5
register	0.45487684169816056	791.0
regulation	0.3248886894759456	877.0
regulations	0.24944904259256154	174.0
reichstag	0.27596988635478115	5.0
reification	0.3303943315145721	4.5
reinvigorate	0.44452017610079014	8.5
rel	0.4541923304369439	8.0
relapse	0.39995115474842097	31.5
relational	0.39137120133860687	16.5
relationship	0.3362462463915056	2367.0
relative	0.5061905483527337	1852.0
relatively	0.3884543764211996	549.5
relay	0.4686022717260512	225.0
reliable	0.47212967161532426	368.5
reliquary	0.44822124917422346	5.0
remak	0.4723777494117743	9.0
remuneration	0.37703957912425196	14.5
renard	0.3540750678436324	17.0
rend	0.5248515878976462	31.5
renegotiat	0.32130500659166317	5.0
reo	0.42090087967880185	2.5
reopen	0.4203855869189994	181.5
rep	0.2607689612097991	402.5
replacement	0.4596817787221524	320.0
reportedly	0.5431675937216812	5.0
reproach	0.37819659183833226	108.0
reproachful	0.365042190348814	29.0
reptilian	0.46361261359104855	22.0
repudiat	0.2942221356453979	7.0
residence	0.34695645016914123	376.5
resident	0.4023520453886043	1166.0
resigned	0.49122571919538627	48.5
resistant	0.37962924781785773	92.5
resold	0.37731082191767545	15.5
resort	0.4459393864537742	587.5
resourceful	0.4472398659609195	57.0
responde	0.34404891277402233	42.5
response	0.3500323768364251	2283.0
restful	0.4928442790664984	38.0
restrain	0.4884422457910771	382.5
resupply	0.4545972826604054	34.5
reticence	0.31770727282540423	43.5
retraction	0.33297593896153554	13.0
reunification	0.2912319318345629	46.0
reunit	0.4228945817454895	48.5
revamped	0.5133293830908717	11.0
reveals	0.4181243239362595	8.0
revelation	0.3387366607517057	356.0
revelatory	0.4876523554588406	7.0
revere	0.5239390759517862	55.0
reverse	0.5003271320551546	806.5
review	0.4417137662636286	1544.5
revised	0.33270173324392605	69.0
revo	0.2959969617869593	3.5
rewrote	0.31801759539225666	14.5
reynolds	0.4590624344956503	156.0
rhetorician	0.35937978578760127	4.5
rhome	0.40546648656195444	2.5
rhone	0.4381406116452052	8.0
ribboned	0.39578936938700626	2.0
richardson	0.476165559183094	200.0
rickie	0.39198052394847055	2.5
rictus	0.31297580972972583	7.5
riderless	0.284493736724699	10.0
ridicul	0.35600929824632815	12.0
rigged	0.459992252164551	5.5
riotous	0.5000419157868321	28.5
riparian	0.5149973270350596	3.0
ripley	0.46951002868828334	36.5
ripp	0.4124952993325006	119.0
rips	0.40181203113744807	4.5
riser	0.35425140463107674	16.0
risk	0.40880853661613015	2129.0
ritter	0.4617979365890441	37.5
riven	0.6228378470811072	4.5
riverway	0.3235870800261831	4.5
roar	0.4089801345025613	924.5
robeson	0.46655780200654173	15.5
robs	0.47379507243359376	5.5
rockefeller	0.4307072511480771	550.5
rocky	0.4476805031574459	422.0
rogue	0.4308319501685055	74.5
rollback	0.3435229998156855	26.0
roller	0.3984450119993477	131.0
romance	0.3834991723789782	332.0
romulus	0.30219579778165145	8.5
ron	0.3798597354509751	254.0
roomful	0.30595278070133364	30.0
roose	0.3750625691775719	20.0
roosevelts	0.2814700061542434	5.0
rooster	0.34557411766701407	223.0
rooter	0.3988524654799694	7.0
rorschach	0.30427278086097687	6.5
rosebush	0.37239588301142307	9.0
rosenwald	0.49217234201105153	8.5
rosetta	0.4405310072984385	6.0
rouen	0.408299980759549	17.0
rouge	0.42653966031031026	173.5
rouged	0.39244756880366516	6.0
roulette	0.3434010360944886	39.5
row	0.39365259874179026	1492.5
rubble	0.29032881481093636	140.5
rudi	0.43657139828444214	35.0
rudolf	0.38989379299725807	52.0
rue	0.34812393369650907	178.5
ruiz	0.45250464268058227	27.0
rumi	0.5291331173742505	3.5
ruminant	0.3189928134356029	34.5
russian	0.4468230892539928	2363.0
rustic	0.47284727920236436	71.0
rutger	0.3752405286985476	47.0
saab	0.449166639012285	19.5
sabotage	0.3624150048691439	145.0
sacramento	0.4177347948151322	93.0
sacred	0.39206942309360354	295.0
sacristy	0.3990056440869491	8.0
sadistically	0.47184562087441206	3.0
safeguarde	0.35373819293080827	23.0
sall	0.5444620588984466	4.5
saltiness	0.32578378973299404	2.5
sam	0.3966577647014489	1639.0
sampler	0.47265097093290953	21.5
sampson	0.4721998011282897	52.0
sandpiper	0.3514434712084291	4.5
sandstorm	0.289695302055217	8.5
sandwich	0.3121808952464789	598.5
sane	0.48571467064446155	167.0
sapphire	0.3940262891632095	46.5
saratoga	0.39401316289534016	47.0
sargasso	0.4001810564332128	3.0
sarge	0.38097522336179085	42.0
satan	0.41157352493192706	315.0
satisfactory	0.47403037917617363	259.5
sauce	0.24003044371216808	436.0
saucy	0.4804211768110144	27.0
saudis	0.2691610756216674	114.5
sauterne	0.29350325549065	2.5
savage	0.5355076740104866	505.0
saxophone	0.29162363474626496	35.0
scalding	0.47613210063159944	12.0
scamp	0.44881865941158344	8.0
scarcity	0.36609839008368056	88.0
scatter	0.48318646856344416	712.5
scene	0.3721579661247129	3092.0
schaffer	0.416055776610513	3.5
schaumburg	0.40410597595552356	12.0
scheme	0.3606090988088866	735.0
schenk	0.4255859835025984	4.0
schism	0.2903176130879584	45.5
schnauzer	0.4115398663334174	11.5
scowle	0.41938589330320564	11.0
scrape	0.43773350090032476	247.0
scraper	0.3415963053778041	32.0
scrawled	0.2753169896446351	7.0
screame	0.24207368733643747	545.5
screen	0.365193274051654	1728.0
scripture	0.29433583038847516	195.5
scrunch	0.4403819595949122	27.0
scuffl	0.33091675519635827	9.0
sculpture	0.3179147304045877	391.0
scythian	0.3824064499883219	8.0
se	0.3695984794538869	1039.5
sea	0.3536969932945552	3339.0
seasonally	0.4164084850840504	25.0
seat	0.37251342891601913	3540.0
sec	0.4841477782009491	296.0
secondly	0.3590851882950872	88.5
secret	0.4523441976798862	2982.0
secrete	0.477472847901826	24.5
sectarian	0.44155417233363	43.0
sector	0.3569590401885742	613.0
seed	0.3722524832716601	538.5
seedless	0.4561569138612429	17.5
seedy	0.4703844288078335	54.5
seem	0.36065811264449665	17907.0
segregate	0.45641984093527577	96.5
seine	0.3815855644015804	66.0
select	0.541971762924464	1218.5
selflessness	0.27901671183132154	9.0
selfsame	0.5117601355600164	5.5
selle	0.439067472758783	87.0
semantic	0.29881966206768384	241.5
semiannual	0.42346490040842344	9.5
seminary	0.2991602891799011	127.5
senator	0.3240402204934798	2831.0
sense	0.4292583058495662	6252.0
sensitivity	0.3885378372216987	213.5
sensuous	0.42818698587163917	83.0
september	0.39756480570016056	1129.5
sequence	0.37465402500243106	601.0
sequitur	0.22436105956354196	18.0
serene	0.4682154572313237	154.5
serial	0.38843656831557405	126.5
serialization	0.3465970784669296	6.0
servile	0.5333319551150588	23.0
seventeen	0.49841996028630725	505.0
seventy	0.42679169137800144	777.0
sewerage	0.3930671874069932	4.0
sexually	0.4063875168114124	204.5
shadow	0.3754272306457525	1664.0
shaheen	0.44833712095976647	3.5
shale	0.41994891275403556	48.5
share	0.507707622188373	4640.0
sharpening	0.34917013140161135	13.5
sharps	0.5280339244222915	2.5
shawnee	0.49865641108665976	63.0
sheathed	0.336201891400024	4.0
shelby	0.52693746938301	36.0
shelf	0.33084015263910066	674.0
shellac	0.2644531034538849	21.5
shelle	0.5539013936804382	7.5
shen	0.4807758313255502	14.0
shiftless	0.437521232270016	16.5
shipyard	0.35925332494808965	64.0
shirtsleeve	0.3556537795203322	7.0
shithead	0.38335153741512124	10.5
shoestr	0.4678497238034745	11.0
shooting	0.2749689777472119	57.5
shop	0.32248526091390534	2449.0
shopgirl	0.3391601479552329	11.5
shorter	0.5053504057315388	343.0
shot	0.3326037255701577	3000.5
shovele	0.37450394036610746	4.5
shrugs	0.24049868602577695	39.5
shrunk	0.34061610963595507	73.5
shtick	0.3439527741306609	5.0
shudd	0.38458756307109127	11.5
shutt	0.36391326715335376	90.0
si	0.4228781942503486	249.5
siam	0.31028290451762536	8.0
sidesaddle	0.41931387617095783	7.0
sideswipe	0.4220938486337271	6.5
signal	0.42345014553802607	1399.0
silky	0.4790532022115071	68.0
sim	0.5127096422846992	74.0
sinatra	0.3234502211391118	67.5
singapore	0.3994364801114996	126.5
single	0.49212294897404807	3697.0
sirens	0.23560555797008723	13.0
skat	0.3187942914635862	148.5
sketch	0.36744059735474316	456.0
ski	0.3934827039711687	463.0
skimp	0.36941146205299946	14.5
skull	0.30573410037702026	494.0
sl	0.4540721792047585	140.5
slander	0.35664278898997526	58.0
sle	0.5167259443200639	35.0
sleazy	0.49767971835819674	55.5
sled	0.33741979032526676	127.5
sleep	0.3645315676050488	5023.5
sleeved	0.22862150064664258	4.5
slimness	0.3602869063321076	4.0
slipper	0.2779091420815225	193.5
slipstream	0.3737216007999563	5.5
sliver	0.39609125276856116	77.5
slogan	0.2894528813936502	242.0
slotted	0.3639219390130467	6.0
slouch	0.4080035174157203	109.0
slough	0.5089146155762171	39.0
sloven	0.5326229741458282	6.5
sluggish	0.5087849564287975	124.5
sluggishness	0.3629916532396472	11.5
slumped	0.440741394102111	7.0
smallest	0.32394215086522726	16.5
smalley	0.4705302664108162	6.5
smith	0.45474379734700926	1885.0
smoking	0.39499623313657506	99.0
smorgasbord	0.40682127217682723	8.0
snafu	0.4450916264870505	5.5
snail	0.4373140130471641	88.5
snake	0.37201430561372456	759.5
snap	0.44143037197339935	1135.0
snarls	0.4615288059614694	5.5
snazzy	0.4804659755079703	12.5
snider	0.43772743669038144	8.5
snout	0.3072043955373162	77.5
snowy	0.4266760311221308	102.0
soape	0.39368942036465654	10.0
sobserve	0.3268721401411759	98.5
sociological	0.35891502268938036	176.5
sociology	0.35732509131797213	281.0
sock	0.3455694421412726	466.5
sodomite	0.29054353010792455	2.0
softness	0.38080514194810977	75.5
solace	0.3460803290566803	70.0
soldier	0.34351046396938384	2141.0
solely	0.48425385513922525	264.5
solicitation	0.3381989820084299	27.0
solicitously	0.3866398406571575	17.0
solidify	0.4762258428440103	48.5
soloe	0.40726006282367383	4.0
solution	0.31661372592668774	1295.0
somatic	0.4342802332361113	21.0
someday	0.4139228190965821	414.5
sone	0.5664154836765398	9.5
sooth	0.47798565741289323	199.0
sooty	0.5066516290170534	32.0
sophocles	0.34537843380857747	9.0
sore	0.43062955647833484	426.0
sotch	0.4007277115057837	1254.0
souk	0.3362566310909862	5.5
souls	0.34663686664804516	20.5
sounde	0.2943109004925357	10.0
sounded	0.3782898220368385	10.5
sour	0.44911324255307444	215.0
sousa	0.41998401976774635	8.0
southerly	0.4253635506369105	14.5
spac	0.5056174564109225	24.5
spandex	0.3974185393580431	6.0
spape	0.25363455571646765	3.0
sparkly	0.5594994218853452	4.0
spartanburg	0.3728767893917759	7.0
spastically	0.3329577410996092	4.5
specifics	0.3803442074899171	75.5
specke	0.3595903912609874	3.0
speller	0.43613028061423137	6.0
spellman	0.33304706243596804	19.0
sphere	0.3787003562238593	281.0
spiegel	0.3872823193457586	23.0
spillane	0.5177540630090958	10.0
spin	0.439634797286377	804.0
spine	0.3426412444995252	277.5
spit	0.4324866990791542	206.5
splendid	0.45542851886758035	284.5
splendor	0.33323630092573736	123.5
sponge	0.41055305157661026	125.0
sponsors	0.19507439306333474	2.5
sportsman	0.4407630985610637	55.5
spright	0.5301321573386761	16.5
springe	0.45014859317559897	4.5
sprinkling	0.31008837718525945	32.5
spun	0.5126730080311639	56.0
squadron	0.3114756263004333	158.0
squalle	0.4732364194654245	6.5
squinch	0.5028202726868701	13.0
ssoldie	0.37207546253749596	41.0
sssh	0.23551729739360974	6.5
stab	0.4435541735395968	392.0
stabilizing	0.45007027330276655	13.0
stacks	0.3508582748961988	31.5
staffordshire	0.4508630955430107	18.0
stagehand	0.39834313394034065	26.5
stagey	0.5836023788006145	2.0
staircase	0.2537082946724179	255.0
stake	0.3835974892033026	709.5
stanch	0.5046004654371278	18.0
standardize	0.46448489802162946	80.0
standpoind	0.3209638190479348	7.5
stanislaus	0.37593594513636475	5.5
start	0.4787200031108252	11205.0
starte	0.36046114310441707	205.0
starts	0.4188710421900611	223.5
stasis	0.4184207762229984	17.0
statist	0.4547111570361675	5.0
staunchest	0.32386884001161625	14.5
steadiness	0.38670958365083025	21.0
stealer	0.34473803410260334	9.0
stee	0.4638916718928582	25.0
steely	0.4938592052158103	47.5
steepen	0.3580995826020521	7.0
stereotyp	0.32753878898185823	12.5
steroid	0.29857600575907534	51.0
stewardship	0.36642330983923915	29.0
sticker	0.3443260908198272	130.5
sticks	0.3973554768619163	54.0
stifled	0.3658618955761186	10.5
stillborn	0.4776215438602881	9.0
stille	0.58984883193285	5.5
stillness	0.301109851828637	159.0
stimulus	0.41068447493377963	200.0
stirrup	0.38018482147370497	62.5
sto	0.5201073054594705	84.0
stomach	0.3336584427373312	1065.5
stomachs	0.2656462733098328	28.5
storm	0.3990436997896405	1249.5
stove	0.2802347777590129	522.0
straggl	0.43990250692916655	15.5
strainer	0.27063400390865944	7.5
straining	0.3956738925701878	6.5
strangle	0.4366553118243541	151.5
strategy	0.362532758910521	1153.5
stre	0.4872096219928079	241.5
street	0.33659880348325033	8430.5
streng	0.4642112949899575	114.0
stricture	0.3601002425093712	37.5
strips	0.5034296911860312	3.5
striptease	0.3879611365685579	12.5
stroke	0.3694760468320615	571.0
strong	0.5364800016748734	4616.0
strongest	0.37864643989281765	63.5
stronghold	0.361086097608958	109.0
strove	0.3335256068933019	19.0
structure	0.4190522052836348	2313.0
stupid	0.44650324739821257	997.0
sturm	0.4691855253565934	6.0
stylistic	0.4010454845529141	35.0
subconsciously	0.49670720032086463	15.0
subjugate	0.37055405825796606	24.5
sublet	0.49775440698274126	11.5
submariner	0.3173257504967979	9.0
subnormal	0.514323630819547	5.5
subsequently	0.5521730208438416	284.5
substance	0.38824610945834526	811.0
suburbia	0.26026512019965375	3.0
succession	0.4132002685122611	346.0
sud	0.45528357007698583	27.0
suffer	0.3747310524265534	2295.5
suffering	0.32831619870955536	58.0
sugar	0.3754387814655786	1382.0
suh	0.37314926537621207	25.0
suitor	0.36519838333059884	81.0
sullenness	0.3433642913340639	7.0
sulphate	0.25386851773577745	10.5
summe	0.41523813964816064	26.0
sunbather	0.3958816169236949	5.5
sunbeam	0.4367904216451088	22.5
supercharged	0.40608272006924057	5.5
superficially	0.5479815519461626	39.0
superimpose	0.4042986278268456	47.0
supports	0.34707835131143316	6.5
surprise	0.42180714579290085	4196.5
surreal	0.4763095503145748	44.5
surrey	0.530105270109289	22.5
survivors	0.2351758395748503	4.0
susan	0.3942728616038873	1208.0
susannah	0.36882437339808455	36.0
susceptible	0.3470033043326898	155.0
suspected	0.3829617269894637	62.5
sussex	0.40890044431669476	30.0
sw	0.5060885666356401	360.0
swapp	0.46116952661920435	24.5
swarm	0.42657595087560307	286.0
swarthy	0.38892997033560256	37.5
sweetener	0.3194742883492141	29.5
swim	0.32715031704793085	412.5
swinge	0.46946401535400556	87.5
swirl	0.42063446628411666	269.0
swirling	0.390311295565255	8.5
switzerland	0.32706063014375797	280.5
sword	0.31609840101498454	858.5
swordsman	0.3414649512386154	26.5
sworke	0.3136491644980342	109.0
sycophant	0.3694017126290387	14.0
symmetrically	0.42394704872443173	11.0
sympathetic	0.473166928169763	342.5
synchrotron	0.3878577708864227	3.0
syrian	0.3754537147015529	322.5
syringe	0.3076131432120484	65.0
tab	0.4225115522773463	139.0
tablecloth	0.22918213480080202	72.0
tack	0.5136021512525653	253.0
tactfully	0.5210210968727359	28.5
tactics	0.3184444093361242	367.0
tailor	0.43720701570804815	183.5
tailore	0.41372278875199575	128.5
tailpipe	0.3012528451072945	5.0
tait	0.5254606045976707	13.5
tak	0.3742637910514669	89.5
tallie	0.5730581883506113	3.0
talon	0.3384143965010688	44.5
tamarisk	0.371285067652737	6.5
tangle	0.46323475940469844	333.5
tania	0.47404782929094447	40.5
tann	0.46810942955297064	14.5
tanner	0.49103642395100844	68.0
tapper	0.5576030662285921	8.5
tardiness	0.37308093824192845	7.5
tarrytown	0.4169708740793799	7.5
taunt	0.4207947910614853	147.0
tauntingly	0.32578918872391416	3.0
tautly	0.499210134711963	10.5
taxpay	0.4524369039430121	4.5
tease	0.4251962157037399	367.0
technique	0.35729689125221614	1139.0
tedium	0.35447276747829937	28.5
teleological	0.34256267973138826	13.0
temperature	0.275771093030879	904.5
tempo	0.3577787977956409	110.0
temporally	0.4530310960726674	8.0
temporary	0.5248770901511662	601.5
temps	0.4067273672830088	7.0
ten	0.5131239187903096	4995.5
tendere	0.5227663397503173	11.0
tenure	0.34667548607351006	193.0
territories	0.24092378315893015	36.0
territory	0.2963249469397446	957.5
terrorism	0.2785016526706841	294.0
tes	0.445021082182253	450.5
test	0.42233208079208345	3314.0
testament	0.29596471826138016	151.0
tf	0.508921146198779	9.5
thai	0.4832419898554958	105.5
thailand	0.3322989416283436	162.0
than	0.5141232492782767	35995.0
thankfully	0.5501430407510028	22.5
thc	0.6955610578236213	15.5
thcentury	0.36797458222589896	8.0
theatergoer	0.38284013876384193	8.0
theft	0.28227283150172333	239.0
theologian	0.2866848778620215	76.5
therefore	0.5276776112946342	2048.5
thew	0.5874829411203482	8.0
thigh	0.2946222644687707	534.0
thinkable	0.35303265397294614	9.0
thirsty	0.3580439983001101	108.0
tho	0.4467688645426491	605.0
thorazine	0.37906641121325424	16.5
thorny	0.5119622639954304	54.0
thoroughgo	0.5331560759967041	8.5
thou	0.24314548422437238	498.5
thu	0.3259956193861778	9.0
thump	0.384409591713356	282.5
thundercloud	0.32002917720058105	8.5
thurman	0.43417327085513985	80.0
ticker	0.35070354098248724	28.5
tiffany	0.4125332170478435	65.0
tig	0.5483546496508156	27.5
tike	0.5591563859489762	11.5
tilt	0.5120621837232414	393.5
tine	0.5469938490617379	41.5
tinsel	0.43189743292091054	42.5
tip	0.5409351852002338	1265.0
tiredness	0.33519015003607594	27.0
tithes	0.457427827444517	15.0
title	0.41195821448144365	1466.5
toed	0.4975136822263736	3.5
toma	0.4719799878857697	19.0
tongue	0.34660576516379105	1232.5
tonight	0.3927867947993445	1901.0
torchlight	0.37508553492485314	39.5
torque	0.3571967492685526	23.0
torte	0.33978161769020526	12.0
torture	0.43578186734607854	447.0
tot	0.5460339115382595	80.0
touch	0.47812892562245807	4595.5
touchdown	0.2159709980351412	174.5
tournament	0.3331030804677466	453.5
town	0.3386298322203356	5421.5
toy	0.4340739303856076	715.5
tracer	0.39032838246622603	27.5
traditionally	0.5375476288854819	331.5
traffic	0.3455157588030562	1362.0
trailer	0.3604686193701665	328.0
tranquility	0.3759696125684247	31.5
transaction	0.32602962655256384	395.0
transference	0.3842586938161147	19.0
transformed	0.4655771399019839	12.0
transformer	0.37728428566815136	25.0
transfusion	0.28977716183892493	96.5
transit	0.36077202055926605	533.5
trap	0.45441144572995285	965.5
travelle	0.49221484124728027	17.0
tread	0.45962660818155215	133.0
treason	0.2578070309577027	131.5
treasonous	0.43624336530157226	10.0
treasure	0.36287638608383815	515.5
tree	0.2789283568699445	4357.5
trekk	0.359966536973659	24.5
trend	0.3212114504452233	805.5
trent	0.5000471310014524	172.5
trimmed	0.3475426591197169	23.0
triplet	0.4174847476716888	9.0
triplex	0.47070336875959007	4.0
triumph	0.3716965343944519	685.0
trom	0.4983427985690581	4.0
troublemaker	0.3134659034629399	74.0
trout	0.3520368535044282	158.0
truly	0.5457701809369487	1174.5
trumpeter	0.3748718912966016	23.5
trustworthiness	0.3734711804863172	9.0
trustworthy	0.4381134121515858	56.5
tuberculosis	0.29005382572900507	81.0
tuchman	0.37949307236923185	15.0
tuck	0.4499050022701144	455.0
tudor	0.5413741423746258	147.0
tuition	0.2975831811472307	144.0
tully	0.5158646848669701	129.5
turbaned	0.3419132122265836	6.0
turboprop	0.3116875267242161	9.0
twelfth	0.44626129174569285	139.5
twiddle	0.39272548367189286	17.5
twinkle	0.3553938291238462	76.0
twist	0.49596701073573746	1038.5
twisting	0.4670545760549822	42.5
tyndall	0.3945863738325414	2.5
typesetter	0.3991599364566488	3.5
tyrol	0.3446827423987297	8.0
tyrosine	0.24556686273066025	4.0
ue	0.4019189236512974	11.0
uhm	0.31487331882537367	20.0
ul	0.5068563072932211	62.0
unaffiliate	0.46533380818213005	8.5
unask	0.35523290305622157	6.0
unassailable	0.46820199829989784	17.0
unbounded	0.49507193310706743	13.5
unbridled	0.3711949409962442	20.5
uncertainty	0.3264239185665567	398.0
uncles	0.34254030073451197	3.5
uncommon	0.4616693613752615	148.0
unconfirm	0.3635061939146838	6.0
unconscious	0.45334948036442746	417.0
underbrush	0.22162757442634162	58.5
underclass	0.30744655414257893	23.5
undergrad	0.44183571232046437	4.5
underground	0.5108274581997586	528.5
underpass	0.3253493807155198	11.5
underprivileged	0.3774249195139773	14.0
undeter	0.2946315036781154	12.5
undoing	0.3552474217040332	11.0
undrinkable	0.41068140505072015	2.0
undy	0.500725473695496	16.5
unemployed	0.3317140653677154	149.5
unerringly	0.5170768258489334	13.5
unesco	0.45401457551128577	64.0
unethical	0.3997645805602969	37.0
unfairly	0.44965158358126767	62.5
unfathomable	0.47090014291547877	33.5
unfeele	0.43853452618688193	13.0
unfilter	0.4532255189579098	9.5
ungovernable	0.5284956187068802	11.5
unheate	0.4315637909357099	13.0
uniform	0.42186715733650243	902.0
unight	0.5025976332514099	31.0
unilaterally	0.4121803432411652	42.5
unimpress	0.28647009595749345	44.0
uninjure	0.3529963797226013	7.5
uninspired	0.5362229322301963	9.0
univer	0.4852641628110262	14.5
universal	0.5035737075233552	643.5
universality	0.3289401672213009	28.0
universally	0.5266282415375425	3.0
unlocks	0.27965344612105236	13.5
unmarked	0.43050972679174904	56.5
unmet	0.4483974309952687	14.0
unmoved	0.4145990673307207	6.5
unobservable	0.4062234017061112	10.5
unparalleled	0.43084297423172535	25.0
unpleasant	0.4796216850352428	320.0
unpremeditate	0.48692573179609866	3.5
unprepossesse	0.5162433630086158	21.0
unrelat	0.32785183176580746	18.0
unsmil	0.3635541925891732	22.0
unspar	0.49680731206082124	11.5
untemper	0.545748472268641	3.0
unthinkingly	0.5118985574286752	8.0
unto	0.3239008784659558	258.5
unusually	0.47419004171174894	6.5
unwelcome	0.5031403716686308	62.0
unwholesome	0.4758177772045398	9.5
unzip	0.32832831281394	41.5
uphill	0.43573024296209506	105.5
uppermuch	0.38892398015430724	24.0
upstream	0.36106182875558995	111.0
upward	0.4294892118895734	618.0
upwards	0.41087482200674136	84.5
uranus	0.26654415670672627	34.5
urbanity	0.35349344768781643	14.5
urdu	0.304107654231894	4.5
user	0.41487154206912236	443.5
utopias	0.3511780497827236	7.5
utterly	0.35122016489022595	199.0
vaccine	0.25267931320893033	177.0
vagrant	0.46363313832621694	35.5
val	0.44984759359494153	199.5
valet	0.3602499871224686	42.5
vance	0.42008903106150497	262.0
vandyke	0.3425447673581267	10.0
vanishing	0.46435329522473817	5.5
var	0.48493064118317836	11.5
varsity	0.3628563232844853	45.5
vassal	0.3690797994723803	36.0
vatican	0.3345157545645144	208.5
vaudevillian	0.46800365883937156	7.5
vector	0.5023227864271447	50.5
vellum	0.36726836801593005	7.5
venison	0.27225154088214404	27.5
ventriloquism	0.3629805586987264	3.5
ventriloquist	0.3580993540511396	11.0
verbalize	0.4067004457283528	8.5
verbena	0.3225690844039966	2.5
verna	0.37376026300389303	6.0
vernal	0.5812697916631506	9.0
vesuvius	0.3218099540775643	9.5
veto	0.3145097025197386	377.5
viaduct	0.367530097296071	8.5
vibrato	0.4184477342992817	5.0
vick	0.543740302126403	10.0
vide	0.39977926406386755	19.5
viet	0.2883163877308455	630.5
vieux	0.33149172897111856	15.5
viewe	0.39959790784614196	55.0
village	0.3853437368723649	2118.5
villager	0.34321239203979736	204.0
vin	0.4581738162784417	23.0
virtual	0.4800119302724243	121.0
virtually	0.45938114227567994	1060.5
virtuously	0.47251972446924384	5.5
virulence	0.3424763805024629	12.5
virus	0.23697259296093	384.5
vis	0.34619062815812157	92.5
visage	0.3651171670562014	38.0
visitation	0.3917301246909524	40.0
visitor	0.36263239539528885	1053.0
voluptuary	0.46258629075719154	2.5
vow	0.3789710768152245	413.0
vulture	0.3477666509745511	89.0
waave	0.46207278560004317	7.5
wagge	0.3654932645168917	31.5
waist	0.30428997079005254	629.0
waiting	0.35891466173227166	12.0
waitress	0.2866061772807943	301.0
waive	0.4246305952104118	71.0
wak	0.4630706305784262	21.5
wall	0.3564776760510915	6556.0
wallpaper	0.3131074855865019	105.5
wanda	0.36269384299556373	175.0
warbl	0.4220910508108206	8.0
warehouse	0.3678164814972973	282.5
warn	0.374374339317126	1790.0
warner	0.319566717326507	203.5
warp	0.4829329860662441	97.5
warran	0.36703229183621355	70.5
watchfully	0.3654090260585704	3.0
watchword	0.36188811760702344	19.0
watering	0.4224859440405624	10.0
waterside	0.403493035112821	9.0
wavery	0.5457273372132979	9.0
waycross	0.33409383029012807	2.0
wayne	0.44738153501148586	423.0
wayward	0.5082751354199108	47.5
wealthier	0.42635236672081606	7.0
weapon	0.346120622904531	2562.5
wear	0.35283219322823756	5842.5
weathere	0.44046313813643767	24.0
weatherproof	0.4715328659381716	5.0
weaver	0.49024525490695603	129.0
wedding	0.29776369049239204	364.5
week	0.4323201949799332	13438.5
weigh	0.4112327324546393	676.5
weightless	0.45153623122358694	41.5
weighty	0.5448315711188011	51.5
weis	0.518821979353711	9.5
wendy	0.4491064020122915	266.0
west	0.4624854386331332	5355.0
westminster	0.35144436368411	85.0
westmoreland	0.32663920331184215	48.5
wexford	0.34825610089402975	2.5
wheels	0.388742271337166	6.0
whereupon	0.3717893284411174	137.5
whiff	0.30591498164109854	79.0
whimsically	0.538715784791959	14.5
whiny	0.43749088424021715	9.5
whipp	0.4933999692214555	116.0
whiskey	0.3522744810664823	431.0
whisky	0.3314487891902162	135.0
whitehall	0.41473542097385147	34.5
whitish	0.4330780945499316	27.0
whosoever	0.3436663628524858	9.0
why	0.32684441680391757	15068.0
widen	0.44183375203582015	282.5
wilfred	0.379576279141585	17.0
wilkerson	0.4481626050158223	13.5
william	0.4073236910570896	3269.0
willis	0.506398658045466	45.5
willy	0.376063073186512	223.5
wilma	0.42140057413926435	27.5
wilton	0.4802459433196855	23.0
winchester	0.4624662210918335	66.0
windfall	0.3628325191431564	98.0
wine	0.3321379945190964	1687.5
winnow	0.5395830091733155	18.0
wishy	0.33249438455025276	3.5
wispy	0.43244772712525653	48.0
without	0.35463723894933363	12130.5
woman	0.4141364841370023	18348.0
wont	0.49672850242186	64.5
woodcutter	0.4267667157179904	6.5
woodlot	0.3187863934500438	11.0
woodwork	0.40065514046150064	81.5
word	0.344242201016071	10732.0
workbench	0.38137852881245593	25.5
worm	0.43009817270410267	285.0
worshipp	0.38821378865185413	11.0
wounde	0.3514257137545253	383.5
wraithlike	0.5228230197820183	4.0
wrath	0.3263419073072217	186.0
wrathful	0.4460875757033441	15.0
wriggl	0.3572892759841418	28.5
wright	0.4483654401687154	300.0
wringe	0.4059891143886265	50.5
wrong	0.37320677176316375	4028.0
wrongful	0.2892199526356198	12.0
wroth	0.3820202642973928	13.0
wyeth	0.4608707097174067	16.5
xylophone	0.35168125559338437	6.5
yarmouth	0.3612444107758071	5.5
ye	0.43314283595840025	566.5
yearning	0.3305887569435465	91.0
ymca	0.38088519433759793	20.5
yoing	0.4623052803620129	198.0
yorkville	0.43722882019364717	4.5
yoruba	0.45254493652205835	8.0
youthfulness	0.31924139228690873	7.5
yowl	0.37371398783890614	27.5
ze	0.4686802736033924	31.5
zither	0.4580972236154837	3.5
cell	0.33749746797463054	1504.0
faith	0.3314647853391486	1463.0
phone	0.3071036474444077	3256.5
apple	0.38547758957476635	786.0
window	0.2800722382383609	5221.5
