photographic	1.0088747904816087	107.0
bam	1.0437572917642555	18.0
pounds	1.5212201150956384	3.5
lectern	1.0079007474325312	61.5
proven	1.0089731004327356	136.5
underpass	1.0582441889164613	11.5
armchair	1.0025436829899639	157.0
needy	1.0449534770154973	92.0
transformer	1.0334003070950177	25.0
splendor	1.0039621299050092	123.5
gilligan	1.1155763332807327	21.5
dobb	1.237544872120085	10.5
levine	1.0209140351739727	112.0
yorkville	1.2285920687292617	4.5
tracer	1.0373159851635214	27.5
anymore	1.0007054976825431	988.5
foe	1.00592716375671	123.5
morsel	1.0120423977670558	47.0
piccolo	1.0759890924086413	13.0
merger	1.0070256502702446	276.0
ber	1.0372305782661186	130.5
nicely	1.0070021047934703	208.5
share	1.0120729764757985	4640.0
craftily	1.238515999193794	10.0
halleck	1.056892455066302	14.5
sectarian	1.032605306210262	43.0
delivery	1.0025145027791944	652.0
disappointed	1.1251415833269653	6.5
insufferable	1.033504889135095	27.5
noncommital	0.0	2.5
herd	1.0018544634706812	567.5
tinsel	1.0417386938046242	42.5
wayne	1.0142036031395858	423.0
uninjure	1.0975572797115636	7.5
tike	1.1435342851329924	11.5
basket	1.0019500839535165	592.5
fur	1.0055385671309642	655.5
turboprop	1.0677494171675226	9.0
seasonally	1.0247007177381764	25.0
quigley	1.1265247690362794	32.5
ineligible	1.02594927939516	33.5
allah	1.0095825315358138	74.0
bennington	1.0446694903978435	19.5
dybbuk	1.1227866230008618	6.0
scraper	1.0271805403340946	32.0
reginald	1.1112489827436192	57.0
renard	1.1471264839318787	17.0
cede	1.0688642527780081	14.5
plutocracy	1.142262412483622	4.0
swinge	1.0078895076152377	87.5
realize	1.0008254842170263	3752.0
trout	1.0085611142041875	158.0
antwerp	1.032366469369481	17.5
fourteenth	1.0655020142123723	82.0
eagle	1.0071155727242764	469.0
insanity	1.0069918952380337	113.5
whiny	1.0664694881907282	9.5
ancient	1.0005831667145975	1367.0
celestial	1.012065666793352	80.0
scheme	1.002105691155816	735.0
clutter	1.0061768028042437	200.0
attack	1.0012998763842031	3711.5
dispatch	1.0098959593811294	409.5
rooter	1.1401494759108508	7.0
wallpaper	1.0037478557472053	105.5
unwelcome	1.019333797432467	62.0
malinger	0.0	5.5
manuals	1.0099465188516028	43.0
dermatology	1.0552950803308918	10.0
cb	1.0317441916999848	108.5
waycross	0.0	2.0
resold	1.0407894752350881	15.5
percentile	0.0	5.0
bishop	1.003217715838325	965.0
inculcate	1.0393035681363345	14.0
pulp	1.0113873531385595	93.5
logjam	1.0749425032531705	14.0
wispy	1.0169772194217428	48.0
druid	1.0596868714439525	96.5
mothball	1.046645413753322	13.5
burch	1.0321738493588597	24.5
redemption	1.009974851471	84.5
photographer	1.0024312656491556	480.5
leaps	1.0653285424511567	15.5
lens	1.004806102097291	362.0
multipurpose	1.0729540363592374	12.0
beaker	1.033448281315808	20.0
neither	1.0005601417196677	2725.5
doore	1.157860007616536	3.0
harlot	1.025693643867745	24.5
expresse	1.0233815501714638	15.5
rudolf	1.0136254845453327	52.0
dior	1.033930529476563	18.5
internationalization	1.073104336611897	6.5
utopias	1.072665707266492	7.5
yarmouth	1.119250235879709	5.5
somatic	1.0857891468604908	21.0
fullback	1.016274745441601	31.5
amalgam	1.0255521362685165	48.0
helene	1.013153909215934	197.5
platform	1.0027234590604719	840.5
fet	1.1865650177495572	27.0
ledge	1.002509553966118	249.5
itchy	1.0267992284274632	20.0
queensboro	0.0	3.0
cartload	1.114584986406298	4.0
stronghold	1.008016794919723	109.0
revised	1.0103767643189505	69.0
infertility	1.0627347131180174	31.5
refuse	1.000571271991419	2734.0
pertinence	1.0622699150243395	6.5
inelastic	1.4215907747879466	4.5
fragment	1.002235962574804	400.0
godiva	0.0	3.0
parent	1.0011263708080513	3369.0
businessman	1.0018149797745433	794.0
ballistics	1.04736976024753	14.5
chintzy	1.230387291319734	9.5
guyana	1.0384691888350892	34.5
sounde	1.0520186552217554	10.0
prop	1.0072795115625301	152.5
shot	1.0100587820693894	3000.5
stacks	1.0152823002194489	31.5
arthritic	1.0405049985401564	24.0
fiftee	1.028281598748668	29.5
foxy	1.0695464584495198	78.5
discolor	1.0561259595996415	8.5
harp	1.0122441735108365	194.5
saudis	1.0029235201861497	114.5
humanely	1.1041760904740585	9.5
candle	1.0009245347501374	561.0
rearrange	1.0059382272192126	111.0
acerbic	1.0404549165781884	18.0
torchlight	1.0192070905851727	39.5
drink	1.00109943200803	5146.0
fiddle	1.012225412049553	169.5
stealer	1.0680894767648172	9.0
officialdom	1.0545008218710332	14.0
ue	1.06229125707702	11.0
address	1.0054876817861251	1879.0
anxiousle	1.0125161833563512	48.5
klansman	1.0865119021734384	10.5
malt	1.0205133551996757	32.5
intermingling	1.1034899798896778	6.5
overloade	1.022140737605208	24.5
richardson	1.0197497984978279	200.0
sociology	1.009160281982768	281.0
riderless	1.0297533717214529	10.0
crip	1.1483230057952443	8.5
raave	1.2919862120824468	4.5
chaplain	1.0242724610471616	164.5
bell	1.0106814489268159	1541.5
mem	1.015582337290799	30.0
experience	1.000722456792728	4363.0
inadmissible	1.0252625080244435	16.0
mariachi	1.1201237281676677	6.5
subnormal	1.182277150203006	5.5
max	1.0055026036388497	594.5
massa	1.0847865876358211	15.0
retraction	1.038966877759562	13.0
scrunch	1.0334660158473856	27.0
east	1.0049703918688948	3820.0
inspector	1.0038594230886626	460.0
mckay	1.0542085409478985	46.0
thc	1.3949164145370978	15.5
epicenter	1.0525756364467258	12.0
worshipp	1.0580228945610026	11.0
obscenity	1.0153182384082646	149.5
strategy	1.0022784351613285	1153.5
drang	1.0943800285820298	6.5
drum	1.0014701932264158	615.0
pronge	1.0728617177743498	16.5
skull	1.0014694929382604	494.0
keat	1.0410586540152635	127.5
ron	1.0096188956464833	254.0
sullenness	1.075263856948802	7.0
cw	1.283118933372942	4.5
se	1.0005669095239522	1039.5
dummy	1.0147731071872412	140.5
lister	1.123084101672308	20.0
kenton	1.205668204500398	8.0
trent	1.142053215721267	172.5
gase	1.008989150939798	156.0
nonfatal	1.1734385865605061	3.0
stomach	1.0019432075722203	1065.5
midsentence	1.0366500119297808	11.5
summe	1.018350661351331	26.0
earthlings	1.0713832435357422	4.5
sewerage	1.153277592705842	4.0
anticipate	1.0021104996219636	656.5
homeland	1.0022867244282676	232.5
stifled	1.0553187615817274	10.5
beaky	0.0	6.0
uphill	1.0071355596951381	105.5
accompli	1.021428560141302	19.0
dreyer	0.0	2.5
imaginative	1.0061523191442692	217.0
holder	1.0074362385144053	291.5
governe	1.0201881860924311	29.0
incrimination	1.0214025431431457	14.0
mump	1.0516052787834491	10.0
mannheim	1.0619445017679898	17.0
lettie	0.0	2.0
independently	1.0090690489605683	146.0
ravenswood	1.1995450748193879	11.0
robs	1.216551469539609	5.5
stasis	1.048895120351945	17.0
destructiveness	1.026011308749268	16.5
rouged	1.1203775848764619	6.0
swim	1.0012959931061345	412.5
glossary	1.0749185961115575	10.5
whosoever	1.0607289479776152	9.0
response	1.0013803899053777	2283.0
milton	1.0160128694060029	287.5
phenomenology	1.0484516102296642	24.5
averted	1.0953547859254682	7.0
pollinate	1.0961214710411784	13.5
gratuitously	1.0652871296932216	13.5
debauchery	1.037726193366226	13.5
acre	1.0015060384625882	1074.0
consistently	1.0059680250617546	264.0
sore	1.0064423331507202	426.0
objectively	1.2983436636742298	8.5
wright	1.0137004680543085	300.0
blueprint	1.0104685165331266	112.5
waitress	1.0041965244413504	301.0
finally	1.0544017785791413	26.0
alla	1.115421971741782	13.5
hardtack	0.0	3.5
brevity	1.0351634812793404	19.5
helium	1.023192659576377	33.0
busi	1.0191636536015898	58.0
martino	1.1909794928818962	4.5
furlong	1.1719500179146896	15.0
senator	1.001785157007685	2831.0
ye	1.0038776287065336	566.5
sophocles	1.0792612606988154	9.0
isaacson	1.55056977266241	33.5
thirsty	1.0052912114441457	108.0
nucleate	1.2190000193492136	3.5
saab	1.111526473465325	19.5
graveyard	1.00750217353142	109.5
speller	1.1717628879832158	6.0
konstantin	1.0289939107230601	24.5
blossom	1.0042200404694261	257.0
souls	1.0315023420187703	20.5
federal	1.0015879498223275	5482.5
optimist	1.0093149679248556	51.5
claiborne	1.0335565944388911	88.0
classroom	1.002898110046873	404.5
rictus	1.055690347847705	7.5
ale	1.005879173605603	146.5
minot	1.265034856264066	6.5
mortal	1.0085697174130883	411.5
financier	1.0106950531048848	70.5
moet	1.129793281286603	13.0
loaf	1.0105491677421363	155.5
rainbow	1.0095788941168267	182.5
maid	1.00366755979148	496.5
fictive	1.1066776981902349	14.0
patchy	1.1134409317196634	20.0
legislator	1.0018106542435297	355.0
wrathful	1.0392864330988494	15.0
virtuously	1.1426885345421511	5.5
cortical	1.0968915909247992	15.0
kleine	1.5332934479955866	15.0
semiannual	1.0767867615485522	9.5
bach	1.0114062221358853	145.5
steepen	1.1403612732760526	7.0
privateer	1.111903842777203	12.5
vin	1.0410063553460955	23.0
along	1.0008416103022475	8168.0
chaire	1.0395240011084546	20.0
tactfully	1.0299283517521702	28.5
unmarked	1.0202988345655717	56.5
bigwig	1.0506930197928348	14.0
lyin	1.0331184365304806	22.5
don	1.1075150219398135	2326.0
rogue	1.0119298568996595	74.5
sle	1.0586681349951395	35.0
heel	1.0025606430814569	782.0
skimp	1.0395710845108206	14.5
swarthy	1.0132550568860663	37.5
mandible	1.1182054658363763	10.5
joseph	1.00885731909838	1266.5
mantra	1.0653602667984516	41.5
centr	1.1288460967062273	21.0
jangle	1.0099856441703379	54.5
medley	1.0177267923933027	60.5
inclu	1.1444873227263712	4.0
succession	1.0066679267351673	346.0
boredom	1.0054963778504693	172.5
galumph	1.1614919762479383	4.5
hoffman	1.0214801261589375	181.5
tiredness	1.025876446955283	27.0
whereupon	1.0073578013647893	137.5
jeopardize	1.0064627888246322	135.0
handgrip	0.0	3.0
button	1.001093397983949	1064.5
flashing	0.0	4.0
blasting	1.0665605901069741	9.5
distinctly	1.037420982178151	12.5
capable	1.0008998724216314	830.0
inseparable	1.0101590373355716	53.0
curtain	1.000779556041964	804.5
honest	1.0009780458960356	1097.5
metalworker	1.1954531674784301	6.0
cit	1.001923206575183	611.0
panoply	1.0412658896358844	21.5
tyrol	1.0792956965117917	8.0
robeson	1.1410966977836565	15.5
dusseldorf	1.0992135657160487	9.5
count	1.0012485859022455	2709.5
discoloration	1.0475126903161966	10.5
bic	1.138431601667802	9.5
punt	1.0129926683148214	49.5
aborigine	1.0208292204790033	37.5
bosses	1.0109578828562207	39.0
delude	1.0172020504695123	44.5
confucian	1.0442186553400796	31.5
document	1.0010637097154946	1189.5
unfathomable	1.027263158209431	33.5
equidistant	1.0775505804271615	8.0
scalding	1.0980752372236975	12.0
sssh	1.0521903418523573	6.5
misunderstood	1.0106436978388407	47.5
trom	1.256676680980487	4.0
strangle	1.0061518024216736	151.5
xylophone	1.1298613722533701	6.5
barmaid	1.0320702379298965	12.0
manicure	1.0158526777458627	31.5
satisfactory	1.0038579746927654	259.5
standardize	1.0187716322884872	80.0
rearview	1.0057638070534258	53.0
beseech	1.0307359456268914	36.5
wrong	1.0001786622969546	4028.0
gasse	1.277460007874585	7.0
pianist	1.0028911971822025	145.0
chimney	1.0038679142481426	185.0
jackhammer	1.1133998980648168	10.5
smallest	1.0262059174059472	16.5
berra	1.048483804317019	9.0
freshman	1.0067106308501483	228.5
seedy	1.0195853567435047	54.5
pathetically	1.0335100505586303	37.5
downing	1.1785589269308263	10.0
disturb	1.0027351690606896	974.0
mystics	1.0254994869004714	20.5
poconos	1.0812525944934093	7.5
grumbl	1.0099702093740923	49.0
individualize	1.0606339655477477	24.0
payable	1.0181335842976527	28.0
secondly	1.0091382948207546	88.5
receivership	1.0267690128054046	17.0
duval	1.107290057220926	89.5
hyphen	0.0	3.5
ripley	1.0766023928343813	36.5
unethical	1.0320117236019632	37.0
divid	1.0093152192162376	134.5
recognized	1.1788484422771757	5.0
ammonium	1.0121767037787437	49.0
start	1.0006199112302503	11205.0
coauthor	1.0549020627332633	11.0
mush	1.0193701135968967	47.0
sculpture	1.0027173943331902	391.0
sweetener	1.0270703310978224	29.5
deadhead	1.2020986612639675	4.5
liberal	1.0023605994846274	1536.0
ball	1.0008031342752268	2379.0
mojave	1.0205875641500404	17.5
whipp	1.009770749293881	116.0
rankle	1.0750225141902998	10.0
statist	1.1550533724289738	5.0
grope	1.0165025588645509	46.0
flourished	1.173395745881622	3.5
laurent	1.0345291827800847	33.0
hooter	1.2775357722632488	23.0
patterson	1.023357125378497	99.5
scowle	1.060378357008382	11.0
autobiography	1.0053680000699794	151.5
wilma	1.065861886821895	27.5
email	0.0	4.5
orlando	1.020061567368682	113.0
wanda	1.0189886236680958	175.0
wont	1.0594315403951218	64.5
episcopal	1.0060769302739365	108.5
laughter	1.0007232549286216	983.5
keith	1.0293915496349877	100.0
multitude	1.003450014124547	168.0
debacle	1.0091599311082422	71.0
informality	1.03464509984769	23.0
sword	1.0017556552184437	858.5
inquisitive	1.011647303360341	58.5
thailand	1.0048505821524163	162.0
fete	1.083911753437473	12.0
rutger	1.0121467543659637	47.0
embody	1.015678300426722	242.5
deep	1.0006911077799856	5120.0
humanoid	1.042299253352921	26.5
deare	1.0143799938456646	51.0
record	1.0019275660891032	4593.5
adjudicate	1.0605641747295622	15.0
rosenwald	1.1783642407205681	8.5
mango	1.0269843395375278	32.0
gas	1.0212135040282873	33.5
brendan	1.105160051835624	20.5
homestretch	0.0	5.5
alive	1.000443314938767	1837.0
oscar	1.0125352097555058	289.5
leathery	1.0179396595820511	53.0
cowbell	1.048011018524081	19.5
susannah	1.0763976142373501	36.0
venison	1.0212908727719496	27.5
goade	1.0245047787940351	32.0
lyrically	0.0	4.5
quinine	1.0651214123391235	12.0
astounded	1.1739735493214918	10.0
deliver	1.0008231730843886	1532.5
nut	1.0062230498973102	560.5
purchas	1.0109784994013211	47.0
rabbit	1.0108988568562998	592.0
fairy	1.0043050090952876	250.5
potion	1.011572307998937	46.0
interceptor	1.019613331803974	49.0
tig	1.0561200961247186	27.5
galvanic	1.1642346321285366	6.5
man	1.0003228460563995	44993.0
perplex	1.0077458623443958	150.0
queer	1.0058410715192128	175.0
snout	1.007347337181826	77.5
herald	1.0071705048927166	281.0
bridged	1.1864527752795235	3.0
mcnamara	1.0116754059551838	133.5
than	1.0004121287015668	35995.0
devon	1.0510728574104595	71.0
lilian	1.16282784275008	8.5
befoule	1.3164990492371471	5.0
torte	1.0856177582938087	12.0
pretentiousness	1.1717465423851334	5.0
carrot	1.004211953026623	198.5
fruitful	1.0177909464441612	67.5
padd	1.0390810718223742	43.0
ritter	1.0942495090655304	37.5
strongest	1.0118631347642155	63.5
cryptography	1.1427673320108025	10.5
domestication	1.1361385980610919	7.0
funnel	1.0098480283244613	99.0
fusty	1.1882160416557777	6.5
plank	1.0075548780682975	196.0
verbena	0.0	2.5
protean	1.0660866732212244	21.0
heate	1.0094308044827072	361.5
melissa	1.0558991330300282	52.5
undergrad	1.1965690703201568	4.5
reade	1.0029411523702247	182.5
extracellular	0.0	0.5
heisenberg	1.0805878128921034	17.5
contai	1.3156892439717986	6.0
couple	1.005428770256494	3365.5
forty	1.0016266689930122	1904.5
touch	1.0004568655023067	4595.5
decency	1.0044064132650548	147.5
galena	1.1071466036083821	9.0
cheapen	1.0439505469242099	14.0
puff	1.002238521307901	428.0
cai	1.028077871768563	41.0
note	1.0025047564140661	4161.0
atherton	0.0	7.5
curve	1.001521539518175	978.0
unaffiliate	1.1041112204702945	8.5
manif	1.038477754921739	65.0
unwholesome	1.0681252404442239	9.5
fainter	1.0351843599229824	29.5
comparison	1.0013913979689224	518.0
beautification	1.1704957181111593	11.0
raise	1.0011776251092135	5605.0
willis	1.0350274776366142	45.5
valet	1.0189069150249652	42.5
recuperat	1.0152936397110635	28.0
grotesque	1.0046067255146662	186.0
crayfish	1.082259225675651	8.5
irvington	0.0	4.0
befuddlement	0.0	3.5
signal	1.001823819902322	1399.0
defendan	0.0	6.5
fresh	1.004872679845291	1840.0
oblong	1.0220676027690125	36.5
warn	1.0005907435054415	1790.0
hg	1.1704706601580939	4.0
law	1.000420405085407	7071.0
arra	1.179184337022228	8.5
nestor	1.1006613441853017	68.0
viewe	1.0098842853761982	55.0
wilton	1.1420000746690935	23.0
kun	1.2699912828040283	8.0
sud	1.0301008233084887	27.0
crevass	1.1735977434325535	7.5
mosely	1.0532186790812637	14.0
censor	1.0081986876271594	100.5
mic	1.2504658680808056	9.0
farmhand	1.063787712038621	12.5
sugar	1.0099172162210088	1382.0
factually	1.0643805677727944	11.0
neill	1.005948837412472	492.0
ferent	1.0706495528693518	12.0
justice	1.0014096010866387	2445.5
territory	1.0020383637339338	957.5
digitali	0.0	6.5
cusse	1.0714993355392564	14.0
equatorial	1.0265509687453913	32.0
mornings	1.056112220678919	8.0
palmer	1.0122994406483738	135.5
polar	1.0098042846394135	101.5
solace	1.0096650864942656	70.0
drab	1.0083028923994244	113.0
shooting	1.0066414972028976	57.5
guano	1.1361470164131227	7.5
layoff	1.0070578542053645	136.0
sensuous	1.0160127269305521	83.0
weatherproof	1.2201141436864862	5.0
amateur	1.0041766030070716	413.0
pill	1.0022169038752422	584.0
wrongful	1.0645736114033189	12.0
productive	1.0047608804573638	354.0
promotion	1.0027003155424794	407.5
crock	1.0279972813770812	52.0
antiestablishment	1.212309343658521	4.5
ganz	0.0	6.5
briefs	1.189808992013291	10.5
ski	1.0024616366777268	463.0
emboss	1.020514999024014	37.0
pensione	1.081905306804044	8.0
warner	1.0131548305665992	203.5
hayworth	1.0253674527303558	20.5
sphere	1.002345380723836	281.0
cyrus	1.0669402838591147	124.0
transfusion	1.0081176174784547	96.5
primus	1.3769238047304304	5.5
katharine	1.0103056740031318	36.5
tully	1.0968721516664004	129.5
zither	1.2079975290047666	3.5
despay	1.0613807835331874	8.0
substance	1.0017657283185388	811.0
whiff	1.0084903367951374	79.0
imelda	1.0751648030960927	34.5
skat	1.0039667339582734	148.5
mattere	1.0076136971114777	40.5
enlighten	1.0050957679606587	200.5
pepper	1.0252610537151678	468.5
baseball	1.0010060280249011	901.0
obstacle	1.0029101156346383	337.5
upstream	1.0092960040585286	111.0
coach	1.0109420319688656	1421.0
disorder	1.006343513560196	391.5
myriad	1.0082919785315285	115.0
incidence	1.005962495823792	191.5
uranus	1.0097109978305356	34.5
chteau	0.0	4.5
thankfully	1.06169811988381	22.5
relay	1.0090061493459883	225.0
transformed	1.07590526991967	12.0
andrews	1.0629219850523672	11.5
erhard	1.1003650897326342	17.5
steroid	1.015864024501892	51.0
idaho	1.035879245122288	304.0
vesuvius	0.0	9.5
clung	1.0987584158451784	6.5
eiderdown	1.1303547626026538	8.0
nothingness	1.0124014360145324	56.5
obstetrician	1.0171756218934531	33.5
adamson	1.0465673311928199	37.5
chomsky	1.0249828282777398	26.5
detou	1.0585712314987104	8.0
dining	1.0009172782580493	627.0
programmed	1.0521916414929204	23.5
multiplie	1.2146611144149724	4.0
souk	1.105723228161315	5.5
customary	1.023291352881869	236.0
dacha	1.0284428976282127	22.0
tuck	1.0062316223317151	455.0
killing	1.0018086664887742	421.5
kingdoms	0.0	5.5
restful	1.0494680889721302	38.0
specifics	1.0096173660561492	75.5
villager	1.004727089966634	204.0
gymnastic	1.0515124192377074	12.0
reo	0.0	2.5
pharisee	1.0199882423958733	65.5
shelle	1.2370944658200158	7.5
distillation	1.0652077180353294	14.0
residence	1.0029429850397393	376.5
habitat	1.0094366118386813	147.0
muffle	1.0049047097369757	124.0
infection	1.0025298009146977	417.5
involuntary	1.0089065484897268	97.0
tauntingly	0.0	3.0
angularity	1.0970270173093655	6.0
compassion	1.0028014951500013	252.5
maudlin	1.0261299770776913	26.5
disinclin	1.0334474260178006	9.0
lucki	1.1157235144623645	7.0
marmalade	1.0227028287576603	31.0
shiftless	1.063712500520677	16.5
wyeth	1.0646839537062702	16.5
heidelberg	1.0761012886694195	12.0
cancell	1.0139873632783327	51.0
alvarez	1.0340351674660644	56.0
awkward	1.0030562770358176	559.5
conor	1.0272223256218638	319.5
seedless	1.2269916528153453	17.5
attacke	1.0159514924181399	47.0
glenview	1.176047023587839	9.0
accidently	1.2750409008374886	5.5
nailed	1.1000470056469192	5.0
mackie	1.1182897220520112	18.0
cutting	1.0175960878620314	51.5
ze	1.0344264467796163	31.5
alta	1.0462202797704772	25.5
joined	1.0620937991264192	29.0
hypertension	1.0111774551341213	47.0
limpet	0.0	5.0
roosevelts	1.0800246847352866	5.0
len	1.043102149723518	48.0
slumped	1.1361076184378294	7.0
snowy	1.0084274853359403	102.0
temporally	1.1797689567673233	8.0
trekk	1.0222477467646083	24.5
lave	1.065659727412635	19.0
swarm	1.0049011017548954	286.0
fanny	1.012722947519717	354.0
nottingham	1.0769972361436129	15.5
one	1.0002001054047287	77904.0
relative	1.0012091312879787	1852.0
suffering	1.0075449362268347	58.0
kent	1.0511401846551203	199.5
switzerland	1.0037236659647675	280.5
tendere	1.0976480161375552	11.0
wrath	1.0037195275876616	186.0
dealing	1.0276859321215481	23.5
cannot	1.1706669365649505	9.5
hialeah	1.3119980634878636	8.0
russian	1.003834297706531	2363.0
ei	1.0414630950174633	20.5
mains	1.0466426461324498	16.0
regulation	1.0016973408661174	877.0
barron	1.0360939016289736	22.5
constrictor	1.073923980117503	10.0
movements	1.003583706767197	140.5
rend	1.0318584107327806	31.5
agriculture	1.0046448905103205	641.0
belligerence	1.0225485741183098	22.5
heroe	1.0261010041459202	24.0
derivation	1.0200748178326435	29.0
impolite	1.0713934828879934	16.5
strong	1.0006868829431788	4616.0
premeditate	1.0606246327223392	23.0
seed	1.0028318124069246	538.5
lute	1.1044117178143156	81.0
unlocks	1.0319092415921118	13.5
libretto	1.0315599013996253	13.5
chop	1.0323813139563076	495.5
bitterly	1.001771428698956	297.0
entrain	1.189561665739288	3.5
gambia	1.129829412896304	9.0
allocation	1.012507185429764	139.5
folksy	1.0478205147597108	24.5
ahold	1.023740760181335	18.0
elie	1.0992242842439102	18.5
sounded	1.0854378055741774	10.5
capone	1.0164797392049396	46.5
circuitous	1.0260702636277557	17.5
dependent	1.0026783010558982	516.0
dabbl	1.0828158922826931	9.5
reopen	1.011612429604756	181.5
reco	1.1797250532480488	3.5
partly	1.0020122207574258	713.5
handwork	0.0	5.0
morass	1.020727419564786	29.0
savage	1.0099166130014285	505.0
waist	1.0007932641260655	629.0
wedding	1.001646338206216	364.5
mylar	1.1378929140663312	9.0
gallo	1.044651043909383	60.0
innovation	1.0024435342279432	272.5
chok	1.0042164783161514	360.0
sto	1.0169020589760327	84.0
merriman	0.0	3.0
ingall	1.1669767085619613	17.0
preventive	1.0108285963224566	97.0
guided	1.0205824343578223	29.5
cause	1.0021223409125177	5087.0
unsmil	1.0348534687641127	22.0
constants	0.0	5.0
chelsea	1.044355928184334	52.5
nudie	0.0	4.0
attachment	1.0046673300894875	160.5
craftsman	1.004879663180458	181.0
hangnail	1.118724290428061	6.0
antsy	1.0864538032266542	5.5
electrically	1.0406862558390828	36.0
sone	1.4392155715939594	9.5
hardle	1.1941486481628854	5.0
patent	1.0250245416584536	439.0
allot	1.0150463831189152	69.0
troublemaker	1.007425755138115	74.0
aftermath	1.0051549500294104	125.5
alum	1.065702379908771	18.5
insignificance	1.0352074756650382	16.5
extricat	1.0694165909925812	7.0
ethnographer	1.1199232570020607	6.0
depositor	1.0140863313127615	48.0
overseas	1.0369910917311018	53.0
maelstrom	1.025042709213055	24.0
occupancy	1.0117896641245627	49.0
political	1.001062889197006	7758.5
sociological	1.0050340077513669	176.5
reverse	1.0021121894990794	806.5
assimilat	1.050805040877442	14.0
lippy	0.0	2.0
antecedent	1.0246895089201504	36.0
ohh	1.0539220415932085	8.5
ymca	1.0394616510534476	20.5
dietz	1.1507840583424365	7.5
giggl	1.0036831629633565	125.0
dudgeon	1.1796144817126648	4.5
wear	1.0002837122544872	5842.5
reformatory	1.0345119699517955	18.0
givenchy	1.1422766976377843	5.5
earthwork	1.0946791769001825	10.0
alongside	1.0032368420784996	400.5
lass	1.017426923713276	60.0
artless	1.0468873654595607	18.5
eridani	1.0965904751949378	4.0
sloven	1.2024920765977174	6.5
learn	1.0002502437904066	5912.0
hysterical	1.0044844028325288	194.5
outflow	1.0204912843510419	30.0
serene	1.0146632505841275	154.5
shipyard	1.0115753151143647	64.0
jeannine	1.0851947440332665	11.0
twiddle	1.0368612125988508	17.5
unzip	1.0130849837466827	41.5
fiery	1.0053963052610797	174.0
doubt	1.0002879954975763	3117.5
aglitter	1.168581199059824	3.5
cunning	1.0133624528189937	148.5
sliver	1.0076422534683918	77.5
shadow	1.0005236046332857	1664.0
mobility	1.0116105764859737	184.5
conspicuous	1.005134062921097	183.5
foss	1.1722905642401902	23.0
outside	1.0004815621342544	4986.0
unto	1.0032765174898857	258.5
lip	1.0003047349638032	2294.0
josh	1.0402403085265852	142.5
joel	1.0411711321960497	559.0
artagnan	0.0	3.0
squadron	1.006979260655861	158.0
coaxing	1.067021974199683	8.5
prepubescent	0.0	4.0
fermentation	1.019160298805978	35.5
underclass	1.0334230207474122	23.5
ticker	1.033151412089718	28.5
glace	1.1851451479911608	4.5
sulphate	1.0537350842541318	10.5
organization	1.0005515297471104	2708.5
adroitly	1.0413080984578063	27.0
appetite	1.0022191861795318	334.0
moray	1.1010038506707123	13.0
khakis	1.0458597173875297	12.0
dirksen	1.0365623636141974	20.0
hoary	1.0603976025047128	17.5
institution	1.001469356716521	1780.5
nanking	1.273919131127073	6.5
norm	1.008132431054329	197.5
unconscious	1.0045185377349508	417.0
grata	1.025953817761243	9.5
inadequacy	1.0039681661337907	91.0
cannibalistic	1.2010679250671115	6.0
detail	1.0049023496181828	2978.0
combine	1.009670520273038	349.0
abdel	1.013597872901341	39.0
cuban	1.0091112891969396	576.5
martial	1.0261357590560467	249.5
eultimat	1.0584225259734288	12.0
sticker	1.006692273674627	130.5
analyzer	0.0	5.0
dictum	1.01176655992644	32.5
prowl	1.0071976462407883	116.0
legality	1.0207000367910064	54.0
jet	1.002216782519109	806.0
marla	1.1000804571650413	7.0
extremist	1.0065571257155779	150.5
slander	1.0083677559347934	58.0
vibrato	1.1796816024960426	5.0
inhaled	1.1515975942336554	3.5
rewrote	1.0543039256802753	14.5
spartanburg	1.0986731378332286	7.0
selflessness	1.0393978740422367	9.0
arkansa	1.0083735548392498	198.0
hayfield	1.1223316869470732	6.5
gorgon	1.0699097066360086	17.5
haymarket	1.0582553566252997	14.5
caldwell	1.033641219001578	177.5
bit	1.000677279946297	3653.0
tactics	1.0019873513040871	367.0
uhm	1.0573920523631155	20.0
misidentify	0.0	3.0
buse	1.009376899718664	610.0
emerson	1.0220890540674428	115.0
downstair	1.0039632917297636	161.5
jitter	1.0325963366774233	37.0
limply	1.0231144122942486	44.0
catskill	1.0268186647852673	26.0
bap	0.0	3.5
pay	1.0006138082603897	8197.0
dowd	1.0234997077574608	41.0
majesty	1.0027972922309114	338.5
already	1.000605897215056	7521.5
joviality	1.0569981562188966	6.5
pup	1.017952290016584	98.5
hide	1.0006932790599046	2459.0
archetypical	1.1100001704546816	5.0
leningrad	1.0165293107470028	93.5
siam	1.1099848257692522	8.0
diffraction	1.0587694309091542	16.5
camille	1.110176818347836	251.0
induction	1.0159388822801287	54.0
vaccine	1.0042610071791966	177.0
premium	1.0035445718812521	236.5
acclamation	1.0334899170781788	12.5
gonad	1.0328398267172805	14.0
unbridled	1.0315341151141988	20.5
yoruba	1.133732112817574	8.0
admitt	1.001716879010131	411.5
avatar	1.0723304791215218	20.0
bandolier	1.0688721535495265	7.0
outright	1.008724049410802	217.5
berserker	0.0	90.0
crankshaft	1.0792586065406233	8.5
vaudevillian	1.1284770538147997	7.5
patrimony	1.0658755946873757	9.0
brazil	1.0150753690112952	401.0
pluto	1.0231738697946373	26.0
dirigible	1.056326729519027	15.0
evangelical	1.0134081349594222	137.0
campuse	1.0046558121130449	121.5
juvenile	1.007111051790095	220.5
grosvenor	1.1415908047362169	21.0
astarte	1.1011785685246707	8.5
hydrogen	1.0079687663769465	194.5
baba	1.0362597364318133	25.0
narrow	1.0013762113037528	1947.0
petersen	1.084112844358577	33.5
goldman	1.0663391200761072	326.5
fou	1.5061852534877944	4.0
thew	1.189395952246054	8.0
cauliflower	1.0462379435944409	26.0
rue	1.0131860654741915	178.5
stupid	1.0009185577755078	997.0
airless	1.0484667771071638	22.5
premed	1.2299000076722408	3.0
kean	1.09401104564604	24.5
earle	1.0081282635582645	186.5
juncture	1.0095831181868236	65.0
rar	1.0485104587356135	15.5
gaiter	1.1537292734479185	5.0
normalize	1.0326619843649354	21.5
sim	1.054938238257631	74.0
reckon	1.0047637502193478	390.0
shtick	0.0	5.0
filth	1.0079511049720766	91.0
atom	1.0087800206341662	166.5
purgatory	1.016692549042345	51.5
whiskey	1.0031442823734777	431.0
accompanist	1.0519761741419948	10.5
auburn	1.0256273009600823	75.0
remuneration	1.0356122492077002	14.5
blindfold	1.0174425801579359	54.0
rudi	1.0247127043447402	35.0
pretoria	1.0339158583544978	70.0
marsupial	1.0936811857686681	5.5
sandstorm	1.0763985394115136	8.5
lame	1.0189024494147643	98.5
misery	1.0024749383912028	357.5
psychical	0.0	9.5
link	1.0016856501175022	1374.0
memo	1.0029180760113119	247.0
effervescent	1.123660031339798	14.5
mfg	1.1951078656523737	5.5
rhone	1.101001485308404	8.0
thcentury	1.0989628832270173	8.0
unesco	1.0237701468605747	64.0
compartmentalize	1.080009756064572	14.0
honour	1.0116020097025877	82.5
finesse	1.0225635684918917	49.5
knell	1.0240957160481556	14.0
scarcity	1.009675501278934	88.0
peevish	1.0440245709899842	22.0
discard	1.003129691186039	303.0
reliable	1.003686521639327	368.5
haggle	1.0197260759602678	28.5
owlish	1.0836451042710613	12.0
spun	1.0193254383247685	56.0
chemist	1.0323977416245076	175.0
philanderer	1.1277568268205422	7.5
affluent	1.0059559960895732	163.5
ay	1.0388197953930716	148.5
ventriloquism	1.1760580209488185	3.5
embolden	1.0252685358647946	32.0
music	1.0009919196401127	3674.5
staunchest	1.0319992817701813	14.5
mutt	1.0188086527627203	35.5
shen	1.174268716994572	14.0
tak	1.0065617832269997	89.5
detroit	1.0035056301483278	711.5
brubeck	1.115121970392618	4.5
twisting	1.0193740707339405	42.5
bank	1.0019720601397981	5488.0
tapper	1.3962946532858242	8.5
expedient	1.0093029212166653	77.5
hybrid	1.0242230365781984	140.5
vick	1.1929012114043485	10.0
wroth	1.0657184604743417	13.0
beowulf	1.0864659713298679	38.5
counsele	1.084739817328987	11.5
donkey	1.0070197957390215	147.0
laudanum	1.0702481438024054	9.5
mishandle	1.0815104990593032	11.0
maxie	0.0	9.5
night	1.0002900003565844	13099.5
dogs	1.0194175092710276	57.0
pocketbook	1.0117586540252592	91.0
abortionist	1.0363168663387485	12.0
willy	1.0191596761437338	223.5
attentions	1.0539208057210967	7.5
exploite	0.0	4.5
rouen	1.0628731311469766	17.0
unusually	1.1529579761467912	6.5
politburo	1.0034522791086713	151.5
hemorrhage	1.0101670602840502	58.5
brad	1.0276992590471152	93.0
interpretation	1.002109236131578	542.5
jurisprudence	1.026757683864136	17.5
levis	1.0348681724812572	20.5
dutch	1.0147796612450073	659.5
sock	1.0021340702788875	466.5
concertgoer	1.1338298000330653	4.5
mortally	1.015175728467343	33.0
boat	1.0006087082381738	2310.0
undrinkable	0.0	2.0
gatekeeper	1.074732638444914	10.5
spillane	0.0	10.0
effort	1.0004165247496055	4586.0
shelby	1.1098405910386715	36.0
riverway	1.1214324412505423	4.5
schism	1.0144613332711454	45.5
battalion	1.0131402656087058	239.0
cubic	1.0041985392366886	90.0
visage	1.0147922278455634	38.0
conditions	1.0022808259446396	344.0
drilling	1.0349125640445063	22.5
father	1.0004107915054365	11723.0
shorter	1.003950049658405	343.0
promiscuity	1.0223069387633092	25.0
racism	1.0043884926118314	171.0
sousa	1.0860498554623539	8.0
enclose	1.0057224558152167	261.0
synchrotron	0.0	3.0
watering	1.0942283483194322	10.0
vulture	1.0070244499254348	89.0
trimmed	1.0217030904213449	23.0
emu	1.1383802760908996	6.5
graft	1.0129737374810104	92.0
norfolk	1.012479499205634	99.5
regime	1.0006512488607722	881.5
flush	1.0016211470853817	571.5
eliminate	1.0029006655330204	975.5
encampment	1.0132594295803943	65.0
sportsman	1.0220381189071122	55.5
detente	1.0069127551614792	143.0
bohemian	1.0250103984656804	60.5
back	1.0002560969923013	34087.0
backwash	1.071691891548297	7.0
error	1.0012343973855369	784.0
found	1.006646647421599	208.5
explaining	1.0658907836114933	7.5
singapore	1.0199062145257718	126.5
conscience	1.0024558618065296	478.5
conyer	1.1245643959800484	5.5
redundant	1.0393685076361292	37.0
stewardship	1.0221863859994176	29.0
cotta	1.029419651260989	17.5
downpour	1.0082385556221787	39.5
guffaw	1.0056212523370445	55.0
marciano	1.1245609565962338	5.5
asteroid	1.0094163579068398	57.5
risk	1.004277658458417	2129.0
jagger	1.0166416089715256	24.5
theologian	1.0039184187406807	76.5
unbounded	1.0610543243806496	13.5
pin	1.0028930172450257	842.0
slough	1.030306461035411	39.0
relationship	1.00106583658964	2367.0
watchfully	0.0	3.0
standpoind	1.0601520794986254	7.5
var	1.1021886250181292	11.5
seem	1.0002293455718052	17907.0
resort	1.0015922901447525	587.5
rhome	0.0	2.5
defiance	1.0071580850643997	178.0
apse	1.1196243475105472	9.0
chewed	1.0642944109631138	12.0
didi	1.1730680624307743	18.0
flashlight	1.0025397894468226	283.0
sooth	1.0048142938196116	199.0
drug	1.0014914397554877	2886.5
ohm	1.1558620679925145	5.5
momma	1.0156780240371306	101.0
motor	1.0062155371808685	961.0
exhumation	1.0992391098482477	4.5
packet	1.0093133720231668	211.5
economist	1.0036142009732765	946.5
montparnasse	1.051081630957093	9.5
nouvelle	1.050864208944335	21.5
circl	1.0029557447354258	200.5
tip	1.001641497153699	1265.0
mere	1.0007503579676877	2857.5
carotene	1.0407595177976119	14.5
william	1.003537787543685	3269.0
ribboned	0.0	2.0
largesse	1.0269205731632656	27.5
wheels	1.141001073998438	6.0
ordain	1.0077448532672428	83.5
plantation	1.006941640361216	249.0
mechanics	1.0359623879431685	225.0
triumph	1.0019724100387615	685.0
highle	1.006874516149833	129.0
electrolyte	1.0859917849992424	17.0
belie	1.0630682185843348	16.5
granite	1.0054682381397537	157.0
numbed	1.105011655191192	14.0
reconstruct	1.0089001717129715	131.5
recourse	1.0055901950841322	72.0
ammon	1.1176237346679374	14.5
tardiness	1.0666635207062722	7.5
mackenzie	1.0792347490649463	43.0
rustic	1.0197467674136858	71.0
tautly	1.0695313169562224	10.5
lodestar	0.0	2.0
reenact	1.0690939133248356	12.5
bradley	1.026209264113949	188.0
gene	1.004610644904865	482.0
depet	1.0924870258261579	6.5
stove	1.0008207288532416	522.0
purposefully	1.019453657630407	43.0
debase	1.0315805053707063	38.5
tournament	1.0024325629802306	453.5
gnawing	1.1868879205379508	4.0
breakwater	1.0289766934620044	18.5
leavin	1.0303807793552744	27.5
buildings	1.0833859549407179	17.5
cleft	1.0172872278040277	53.0
suitor	1.0139970021318718	81.0
ten	1.0009430231049707	4995.5
bicep	1.0273643485125026	9.5
theatergoer	1.068085941467954	8.0
cabs	1.0342919719239452	13.0
contrast	1.0009706382996464	1169.0
mayfair	1.0667399626339638	14.5
treasure	1.0016803193635873	515.5
sampler	1.1148924872438828	21.5
ungovernable	1.2010674198006095	11.5
stagey	0.0	2.0
row	1.001329800423245	1492.5
nunez	1.0783247013077073	9.5
warran	1.0082286248580747	70.5
immemorial	1.0468272305112498	18.0
pinup	1.1366048300253158	8.0
genuineness	1.0331358042280239	10.5
conscript	1.0209592303710198	40.5
prentiss	1.3967409395429262	16.0
lefthand	1.0814976661620292	13.5
dyck	0.0	7.0
communally	1.120141060289351	7.0
renegotiat	1.1071526905680789	5.0
gleam	1.001290715896527	569.0
easily	1.0037594481677208	219.5
specke	1.2009856732221724	3.0
thu	1.073466992142373	9.0
surprise	1.0003948100772075	4196.5
lane	1.0040884983507028	597.5
temperature	1.0012812524894263	904.5
conclude	1.0012968555625619	621.0
princesses	0.0	4.5
deter	1.0068011142200655	164.0
begin	1.00036610455343	17645.0
overwhelmed	1.1664962660860687	7.5
thou	1.0034206298374477	498.5
unfilter	1.2116397672713868	9.5
condone	1.048115565619598	12.0
cabaret	1.0129508409102699	61.5
pre	1.0020979234601137	827.0
boycot	1.0217711413749284	29.0
lavender	1.0158782944348725	88.5
harmonics	1.1563312689338494	3.5
manichean	0.0	2.5
powdery	1.034049281067699	25.5
flotation	0.0	6.0
rocky	1.0037000149189712	422.0
stake	1.0033599765014265	709.5
scythian	1.0838254686001683	8.0
sane	1.0091415211937333	167.0
penrose	1.1300260176595773	8.5
scene	1.00099973074895	3092.0
hotelier	0.0	3.5
misdirection	1.1278954636738099	11.0
unmet	1.06430597509599	14.0
insulate	1.0062705941021606	112.0
cigarettes	1.0291290413706875	9.0
why	1.0002367555348142	15068.0
suburbia	0.0	3.0
ingredient	1.0020186397206565	321.0
wealthier	1.1496784162215135	7.0
equity	1.0127214081926792	235.0
cunard	1.1620539007897714	15.5
tot	1.0195169092508163	80.0
fran	1.0755505704854007	161.0
convict	1.0046120847502775	620.0
grandstand	1.0270693031929137	53.0
infan	1.1597868908636866	7.5
pd	1.1683075665716673	6.5
monday	1.0024946895145563	1119.5
chairman	1.0023978635844266	2557.0
tuchman	1.0990813622663622	15.0
hazel	1.020647392267593	79.5
equip	1.0013384672711145	419.0
fiction	1.0010995035645185	602.0
solicitation	1.0205345550407257	27.0
unprepossesse	1.0908054446235502	21.0
thundercloud	1.0466123866458075	8.5
dateline	1.2840309153863876	13.5
stagehand	1.0275968285856323	26.5
hackett	1.0567712754458032	91.5
gum	1.0088706765988897	314.0
raffle	1.0719040133104538	14.0
stab	1.004419069410511	392.0
oils	1.0612006209255012	15.0
quasar	1.060191778814959	36.0
dwindling	1.1401281158558076	4.5
angle	1.0157171308341892	1330.5
fixin	1.0450920415343874	10.5
inch	1.0012197355243675	1947.0
lower	1.0057297026609917	386.0
noncompliance	1.0514072767343687	11.5
ooooh	0.0	4.0
mendel	1.0471744343022211	29.0
regalium	1.0225375557945287	23.5
reliquary	1.209691666904686	5.0
eames	1.1781367201097594	5.5
resident	1.0020151144792222	1166.0
unerringly	1.093826560947991	13.5
unask	1.070160085387549	6.0
solution	1.0006452053056702	1295.0
movable	1.0213709832433695	51.0
conceptually	1.0532603579140154	21.5
appellate	1.0140227212827855	68.0
aerie	1.057942287552303	10.5
capricorn	1.0627470907372292	12.0
regionally	1.1110981335238386	9.5
rag	1.0039463416076362	432.0
defilement	1.1211984238402162	18.0
minus	1.0063519384342532	143.5
reification	1.1470457846842324	4.5
poste	1.2588993771216808	7.0
chou	1.0163601681523748	145.5
probley	1.0026515862303953	160.0
stricture	1.01701295691935	37.5
ganglium	1.1531072322733835	6.0
levinson	1.072280317038311	20.5
lounge	1.0034598594842765	400.0
india	1.0029258064313633	1004.5
dishevell	1.2478181192554965	4.0
manufacture	1.0111014263371756	419.5
humanitarianism	1.0567574318894764	8.0
sandwich	1.0009902167199867	598.5
wine	1.0007470140363315	1687.5
caree	1.1892473933064795	5.0
contemplation	1.0089211964979632	78.0
littnorthe	1.0130336442010333	47.0
imposter	1.0271322093323036	13.0
appropriate	1.0015449271272736	1064.5
bean	1.0023775000128399	500.5
overrul	1.1356545193129193	7.0
tiffany	1.021513251948902	65.0
westmoreland	1.0352022773488083	48.5
blocker	1.0490413725934298	18.0
contested	1.038878722736044	21.0
precedence	1.0056888882186499	65.0
fredric	1.136000865655515	6.0
hatchet	1.008012105036599	69.5
pullet	1.0838414517667345	9.0
relatively	1.0014388708910862	549.5
johan	1.075127400544063	7.0
doings	1.0091131086432117	48.0
dueling	1.2077522206482842	4.0
lieder	1.0432040358428627	11.0
lenny	1.0559790795876243	163.0
reactivate	1.0447166640415417	18.0
syrian	1.005389076498166	322.5
torque	1.035387663919649	23.0
intensification	1.0373575646701236	23.5
temps	1.100773813492304	7.0
multilevel	1.1153060867511595	7.0
agreement	1.0013921907765242	2281.0
calif	1.0014051359397638	498.0
excuse	1.0017020481734538	1060.5
newton	1.007064325054052	172.0
tangle	1.0033317005025457	333.5
whitish	1.0555824357378711	27.0
ramrod	1.051634352277091	22.5
pitchman	1.044637561046412	17.0
concubine	1.0397991693795745	44.0
tablecloth	1.004498862725493	72.0
juneau	1.0768090104797354	11.5
maddening	1.2038742515174148	4.5
tithes	1.1191544342845963	15.0
chronicle	1.0074265863905656	188.5
oblige	1.001777351673869	392.5
conqueror	1.0075021060370917	76.5
hennessey	1.0949835220170578	34.0
sargasso	1.1908188399455597	3.0
headway	1.02857300898593	36.5
badge	1.0036336966687869	195.0
lend	1.0082413125697784	579.0
reinvigorate	1.1044116946238673	8.5
carry	1.0005875472213266	6828.0
eightee	1.0395651493713105	11.0
guatemalan	1.0597003857196736	44.5
bergerac	1.0390420168588497	22.5
confin	1.0020402839233409	358.0
hilda	1.0450585643916082	33.0
placing	1.0549809131007635	25.5
mushroom	1.0210023633790275	217.5
distemper	1.101294349783951	13.0
cayenne	0.0	12.5
shoestr	1.0924427944257866	11.0
cynicism	1.0042128349571726	106.0
neckpiece	0.0	2.5
glitter	1.0035295583307164	378.5
drawn	1.0062861399660168	130.0
interior	1.003734166990778	851.0
hieroglyphic	1.0895531531858573	6.5
slogan	1.0029583716849948	242.0
lodging	1.0181701406536234	27.5
agonize	1.0085654529494472	121.0
shudd	1.0585453317588085	11.5
modernize	1.0063337744475926	95.5
papua	1.0687514442678834	38.0
hostage	1.0102280093610532	774.0
cear	1.009449576022128	174.0
criminology	1.0747144404067206	9.0
gina	1.058145536457061	166.0
cynthia	1.0180569846666119	156.5
stillness	1.0050682423543373	159.0
garbage	1.0013132097648128	513.0
dar	1.0016204806555469	494.5
youthfulness	1.0559017324610236	7.5
snake	1.0022979175486615	759.5
concisely	1.0834855432992474	11.0
rack	1.0036195090051139	314.0
finagle	1.2790527058299734	3.5
confederacy	1.019801144747817	32.5
pops	1.0298555792551252	20.5
moist	1.0061549954793076	209.5
positivism	1.0499871378723054	13.5
likelihood	1.0032730976853155	175.0
maladjustment	0.0	6.5
resigned	1.023105994876191	48.5
elkhart	1.1845098127700722	6.5
jehoshaphat	0.0	3.0
unheate	1.0841550883211848	13.0
verna	1.149040285085233	6.0
jasmine	1.0261907398594043	29.0
boomerang	1.0767034145764056	12.5
stanch	1.1184530787505322	18.0
polite	1.0016716286185992	649.5
penetrate	1.0023510458761364	330.0
ssoldie	1.0150703311449467	41.0
recaptur	1.066687689842352	9.5
west	1.0012727573380038	5355.0
mi	1.0139657577559396	150.0
mingus	0.0	16.5
hopefully	1.0078599513073014	159.5
embezzle	1.0837312576560139	9.5
husbands	1.0551982000936595	10.5
serial	1.028476542177573	126.5
tallie	1.5739447038612329	3.0
daisy	1.0253711786771882	1009.0
agin	1.0489711003635378	21.0
glimmering	1.1358352897835993	6.0
corre	1.135078259609917	6.0
whisky	1.0059399585538988	135.0
buckboard	1.0655639331772127	22.5
redhaired	0.0	3.0
carol	1.0019318828529435	614.0
tyrosine	1.1071991613720435	4.0
harre	1.0113344845302084	60.5
vis	1.0111286502676	92.5
coco	1.172866000936507	18.0
ducat	1.1747441597305643	7.5
reproachful	1.0241083556714854	29.0
paparazzi	1.0737316565361477	6.0
underbrush	1.0067184686328252	58.5
circumspection	1.0659286460513215	10.0
thorazine	1.0910836910518495	16.5
advocate	1.0015491780671013	638.5
bamboo	1.0209660516608356	230.0
whimsically	1.0719212821677921	14.5
award	1.0012824332219308	728.0
spandex	1.1430228488500875	6.0
invalidate	1.0237526832563149	35.0
boston	1.004671359576856	1979.5
metabolic	1.0114842882730792	54.5
machete	1.0127701657095611	58.5
underground	1.0034193486776077	528.5
unassailable	1.0445691234115437	17.0
appropriation	1.0075051768329095	216.5
draining	1.0939904411353392	8.0
geraldine	1.1326506745216687	98.5
harmonic	1.0598389222562268	26.5
pen	1.0019452863107376	800.5
give	1.0002533774662592	25900.0
piecrust	1.142730428982891	7.0
orestes	0.0	21.5
abound	1.0061779816878904	103.5
chose	1.0045436037612046	224.0
deliberation	1.0040806634224682	123.0
pension	1.0031815130319546	495.0
israeli	1.000899473215332	2135.0
earnestness	1.0228264995017946	23.0
sauterne	0.0	2.5
visitation	1.0278562969464604	40.0
pillow	1.0013099834574641	565.5
confi	1.075912620437209	6.0
glint	1.0028523747540798	174.5
rangeland	1.0493033107287713	27.0
tailor	1.0063325343714704	183.5
tilt	1.0042381416624766	393.5
riotous	1.0325896894219553	28.5
angell	1.0631011851659338	15.0
oh	1.0001497430934376	7252.5
bondholder	1.0736291460787315	12.0
sabotage	1.0057581289205493	145.0
rubble	1.0027096618932854	140.5
shelf	1.0007163195149045	674.0
mcclellan	1.0332980862905812	91.0
brueghel	1.1641625555360786	6.0
memphe	1.1542027876134688	7.5
landscape	1.0015605368086256	592.5
rhetorician	1.1806297815010975	4.5
sw	1.0037320482580716	360.0
dismay	1.0018314607692533	331.0
sussex	1.0312573887678735	30.0
tread	1.0106694255780229	133.0
mcgeorge	1.0269865563952307	13.0
imbibe	1.109764101859284	8.0
delirious	1.0336844116671529	40.0
disinter	1.0743609545786579	8.5
lh	1.289560610363056	15.0
quicker	1.0068279669673221	141.0
cardamom	0.0	4.0
damned	1.0020413262122077	618.5
maggiore	1.1361589905670637	6.0
therefore	1.0015791302517039	2048.5
hypothese	1.0095012032318467	73.0
malaya	1.0371694617224223	10.5
shovele	1.1260755254301624	4.5
acknowledged	1.017423162698236	47.0
hock	1.0387117644477506	32.0
part	1.000427332871184	12661.0
more	1.0179549464627413	76.5
brodie	1.1453995097694398	97.0
orchard	1.0029093698559177	147.0
brook	1.0191923547039454	483.5
clutch	1.0022087608347525	642.5
gracefulness	0.0	2.5
britain	1.0009173713878334	1499.5
schaffer	1.1482551035406305	3.5
otherness	1.046620933259175	16.5
questions	1.000563175734691	766.0
desir	1.0045768343341952	412.0
hooch	1.1960516134682129	75.5
striptease	1.0561107664418576	12.5
bushnell	1.0922110988251237	16.0
layou	1.0533001718581947	13.0
moxie	1.0869026324499034	18.0
nullification	1.106685686954572	5.5
paddling	0.0	3.5
complexion	1.004265887763709	129.0
ironwood	1.124311027306006	15.5
cushiony	1.1587084500848954	5.0
licit	1.3094311208949623	4.0
monahan	1.1340802796828982	9.5
profound	1.0028444885239765	453.0
endorse	1.0024252247396166	424.5
photography	1.01066009773315	173.0
erodes	1.1790536994163514	4.5
forceps	1.0595237959579673	16.5
idler	1.0700853588819723	11.0
industrywide	1.068784675241032	12.0
bedd	1.017559919786183	51.5
goodyear	1.037369274477454	32.5
town	1.0005171091678542	5421.5
barrow	1.0280911423100698	50.5
fawcett	1.1252714529117063	15.0
pilferage	1.1085657498608559	6.5
pact	1.0043835044961456	329.0
head	1.000360534482066	15475.5
thigh	1.0014701356251143	534.0
bagel	1.0261878063192926	36.0
attribute	1.0046539902348606	564.0
postcards	1.0673748005485308	8.5
appreciation	1.0029813970940533	249.5
catastroph	1.0355805401466287	20.0
despise	1.0036695459213705	257.5
monte	1.013181808188409	103.0
alexei	1.0621971217156823	40.5
koran	1.007911368827527	47.5
parte	1.0082297487763283	113.0
hound	1.0041587082282026	239.5
revamped	1.1884606691720645	11.0
ul	1.253519837073276	62.0
deerfield	1.082650221980709	12.5
galahad	1.308090776852806	4.5
typesetter	0.0	3.5
tania	1.186812157254264	40.5
mastery	1.00358296695318	112.5
jilted	0.0	2.5
advertise	1.0022764104712574	952.5
intermingle	1.033869655912991	16.0
mode	1.0047440449022205	832.0
foreshorten	1.1230874191994957	11.0
reichstag	1.0856085980428938	5.0
upward	1.0015896434150897	618.0
broke	1.0278162172799323	40.5
branford	0.0	10.0
prive	1.0005853432279173	1170.0
belvedere	1.0614007470396678	22.0
vatican	1.0045052886071144	208.5
anesthetize	1.0312449306133507	23.5
select	1.001726437120073	1218.5
battlefield	1.0067557338307314	199.0
virulence	1.0434730659876594	12.5
extoll	1.0125744704228254	41.0
income	1.0015687174880785	2411.0
tack	1.0079268757568718	253.0
cherry	1.0287183612109876	495.0
herman	1.0115189488558427	207.5
saratoga	1.0136733947542784	47.0
soldier	1.0005654823825032	2141.0
indulgently	1.015197127518596	16.5
inaccurately	1.062527689768542	14.5
colfax	1.072832588772881	58.0
demote	1.0319770637186492	25.5
barbecue	1.0094373561644854	96.0
nearly	1.000860390313156	3532.5
foremost	1.0076900256295445	101.0
outgrow	1.0199944818789448	39.0
healthiest	1.05302422302939	7.5
coin	1.0014462322241229	651.5
slipper	1.002137016470604	193.5
preparation	1.0024736223394775	636.5
vagrant	1.0255707845943813	35.5
gretel	1.0313055764542254	24.5
inward	1.0098627112654293	265.0
positive	1.0038208253209788	1117.0
encourag	1.0021003885775945	346.0
brace	1.0032048985516004	433.0
spiegel	1.0507430754023377	23.0
atlantan	1.2459302318329863	7.5
cecilia	1.0971249722599599	15.5
battling	0.0	2.5
register	1.0016039906551495	791.0
hyena	1.0272840788513034	34.0
smith	1.0066335796445753	1885.0
stillborn	1.0942788667773322	9.0
program	1.0008758133575866	6250.0
ornithologist	1.0254996707158268	13.5
govern	1.0056760831779672	679.0
curious	1.001019609990249	1005.5
tailpipe	1.1084626980945622	5.0
duffy	1.2203767766156073	69.5
demand	1.0010680962375624	3096.5
bauhaus	1.0382021548430307	17.5
belly	1.0027105919703683	504.0
barbera	1.1768769841217257	8.0
designate	1.006877034533973	361.5
unthinkingly	1.1633308094437205	8.0
mafiosi	1.0357564803388795	15.5
tyndall	0.0	2.5
strips	0.0	3.5
booz	1.1504330072877615	3.5
deke	1.0462730183875726	112.0
bromide	1.058257634165797	11.5
interests	1.0684015138108873	13.0
mayan	1.0527031556757966	14.5
reforms	1.0047050549122074	191.0
stanislaus	0.0	5.5
convoy	1.006037892978478	138.0
brennan	1.024399724804417	84.0
unconfirm	1.102155674306847	6.0
saltiness	0.0	2.5
remak	1.147261787217856	9.0
sharps	0.0	2.5
relapse	1.0498715045070168	31.5
cantina	1.0399380447768916	24.0
pointblank	0.0	4.0
pomme	1.0785607582941557	5.0
rel	1.1289612661063404	8.0
composite	1.1345290482782338	120.0
cult	1.0047009160708675	238.0
kramer	1.0298395235331057	218.5
dazzle	1.0063022363571916	350.5
host	1.0031195262608776	780.5
estimate	1.003214320120157	2191.0
motionless	1.003048412795644	229.5
palace	1.0009297064007012	948.0
reactor	1.0030092270509705	299.5
hormone	1.0059355218796475	213.5
humanistic	1.012420620566158	44.0
sexually	1.0222529509007108	204.5
heli	1.363142856819657	5.5
deploying	1.0178687622045197	28.0
grossness	1.0633959724888113	11.0
nitrogen	1.0071541546793847	164.5
lovely	1.0014613422706913	955.5
gershwin	1.0165695191050652	67.0
undeter	1.0457130158216201	12.5
agreeable	1.005629370708344	163.0
husky	1.0087101148979005	132.5
necessary	1.0004116508760892	2771.5
onion	1.0150535918732382	293.5
shop	1.0007067449844027	2449.0
exhibitionism	1.0771136026457542	8.0
noonday	1.0322861745838448	23.0
blown	1.0079130070458189	184.5
bradford	1.0489065960832185	97.5
procrastinat	1.1104368412670722	7.0
sea	1.000329668874376	3339.0
anchors	0.0	2.0
aprons	1.0167031330369447	27.0
oo	1.015805083340587	80.5
saucy	1.025889795963322	27.0
suffer	1.0005746255943198	2295.5
reaction	1.0010980949106805	1483.5
month	1.0005823052687173	9566.5
mell	1.0786357685596333	11.0
thurman	1.0685668282856942	80.0
assurance	1.0012432519560144	420.5
passions	1.018555820546041	31.0
whitehall	1.024136515707185	34.5
sympathetic	1.0021492358359911	342.5
indoor	1.0124518537527152	197.5
drank	1.010111176289024	41.0
rips	1.1769646076009677	4.5
obstetrics	1.0258527118803695	15.0
intend	1.0008779789222122	669.5
potentate	1.0379536962728055	19.0
playact	1.0795594277494804	7.0
reveals	1.0903303478330304	8.0
borderland	1.0878455574979282	7.0
ahab	1.0619738631673097	16.0
jun	1.223086485950568	7.0
delaware	1.0095044373656232	192.5
rigged	1.2220412410598094	5.5
suh	1.06034834697307	25.0
hemm	1.1634643317085656	7.0
fifi	0.0	4.0
housewife	1.0070070882948643	215.0
protagonist	1.006677111453636	81.0
viet	1.0075757420682705	630.5
sl	1.0120435288998595	140.5
sec	1.0221555280703316	296.0
rankin	1.0817057940877244	17.0
revere	1.0288190606680256	55.0
shrugs	1.0082200018746075	39.5
trustworthy	1.0120827054585921	56.5
dealer	1.0021559489678287	822.5
mystic	1.0242952848837905	115.5
rumi	1.3369672681971296	3.5
birch	1.04196206657322	168.5
mahal	1.0191388225533942	20.0
waave	1.140092906623158	7.5
bleeding	1.0170882177806906	55.0
buoyantly	1.469863153232879	6.0
jerald	0.0	3.0
defuse	1.0123823080737253	58.5
exbe	1.0762591782808628	8.0
quiete	1.0149284828207459	83.5
glamorize	1.0766026728821008	8.5
card	1.0017692595545344	1861.0
protrusion	1.0404148110558393	12.0
spac	1.0866978307694286	24.5
warbl	1.120999373317262	8.0
dewar	1.1392083668702655	9.0
hesitation	1.0020100719796872	221.0
container	1.0030020874105103	336.0
slotted	1.1050607235048113	6.0
loops	1.1912157765441762	3.0
permian	0.0	2.0
doubtfully	1.0037319184677125	61.0
reformation	1.0055575398232195	120.5
murky	1.0112424983898958	109.0
garde	1.0085163980026197	96.0
acquiescence	1.0106506773399448	44.5
instructor	1.0031821989641865	253.0
hoh	0.0	2.0
participate	1.0016489888926559	564.0
leavenworth	1.042196372177398	21.5
strove	1.0249262621325825	19.0
sunbeam	1.0574990430267148	22.5
intervention	1.0025883507288456	435.5
anaheim	1.0521219735009275	20.0
family	1.000639469707104	9786.0
invasive	1.1350482955255448	7.5
without	1.0001749344680855	12130.5
detention	1.0061994577370832	147.0
insecticide	1.013777482682409	44.5
postal	1.0101131842144027	231.5
hydroxyl	1.075917262529397	4.5
toy	1.0057742558909835	715.5
external	1.0071345346921532	395.0
overlarge	1.2243942787537259	5.0
laborious	1.026992862462148	43.0
child	1.0005035858219489	13930.5
adjournment	1.0156439744486783	22.0
responde	1.0245475062133653	42.5
going	1.0145618396593343	54.0
swirling	1.0712390016399154	8.5
twinkle	1.0078030768999984	76.0
dressing	1.015759374900311	57.0
lyric	1.012303900722445	65.5
talon	1.0185089502017823	44.5
quilt	1.0119511662610348	179.0
fleshy	1.011402874478926	67.0
bluff	1.0087812314834408	274.0
thump	1.0022016902468034	282.5
abou	1.244865512181954	9.5
congruent	1.0886880838164155	8.0
domain	1.0041470842812092	260.0
ripp	1.0065389256348019	119.0
fanciful	1.0148972829004064	61.5
helens	0.0	16.0
lumbar	1.0438321230645942	13.0
lovin	1.0583915415937646	14.5
falconry	0.0	3.5
promot	1.0053124756738818	169.5
madison	1.0052428657567622	379.0
munching	1.150250831831492	4.0
soloe	1.2111820542670257	4.0
chile	1.0053901258175473	278.0
general	1.0011444196179	8684.5
balmoral	1.0613517656595821	12.0
peaceable	1.0413174020249134	40.5
cat	1.0019134924848543	1616.5
universality	1.016014588008739	28.0
decree	1.0030386148297004	298.0
garrote	1.147950594041656	5.0
belleville	1.1299346551567324	27.5
compan	1.2311986737414586	6.0
democratically	1.029203863265127	20.0
bodega	1.1453804747594913	3.5
ian	1.0601237826623882	302.5
desperation	1.0023258731394316	209.5
camouflaged	1.125575413308567	7.0
cecil	1.042858146300206	196.5
boorish	1.0502733241833044	16.0
flate	1.049106616360173	25.0
straining	1.1181364068863717	6.5
scatter	1.0021207101579857	712.5
vernal	1.1567268668317705	9.0
terrorism	1.0033105396855537	294.0
weapon	1.001786791295846	2562.5
board	1.003357996824764	4482.0
grist	1.0907128844449734	16.5
turbaned	1.124422158971142	6.0
deficiency	1.0052901385453	238.0
connote	1.0305145703283232	25.5
barra	1.216912298296584	3.5
sketch	1.0030206115255045	456.0
dexterously	0.0	3.0
sprinkling	1.013056759607267	32.5
regulations	1.0027851931554796	174.0
fruight	1.0250013655798682	24.0
modesto	1.1367860080848549	4.5
quarterback	1.005676263205211	286.5
winchester	1.0151445905698429	66.0
tes	1.002641111293973	450.5
shithead	1.084941473928239	10.5
pickpocket	1.035528801162289	23.5
garland	1.1596317280554376	248.0
codpiece	0.0	2.0
secrete	1.0547097535509538	24.5
anonymous	1.005130326029181	264.5
hypocrite	1.0061396681173884	57.0
recording	1.006879909016432	207.5
focusse	0.0	3.0
fever	1.0015112031559108	632.5
falle	1.0167586927544392	148.5
sarge	1.0177003262038875	42.0
snap	1.0012213540256842	1135.0
orientation	1.0076071275504492	194.5
toed	0.0	3.5
snail	1.009021066491288	88.5
mac	1.0216490233312367	468.0
conqu	1.1515147744314551	4.5
hellenism	0.0	3.0
intellectualize	1.0765960497313678	8.5
begrim	1.236831081775825	7.5
monotony	1.0076926241270407	44.5
noncom	1.0403461573870794	26.0
woodcutter	1.1430641652003193	6.5
irreplaceable	1.031896791238722	30.5
relational	1.0446698681026345	16.5
reportedly	1.2116952770443086	5.0
backstage	1.025502270912725	127.5
nettlesome	0.0	5.0
lloyd	1.0071439894478886	365.5
certification	1.017135742172619	68.5
needle	1.0022317247328847	538.5
omnivorous	1.1759399962721653	8.5
journeyman	1.0318545259028025	26.0
campaign	1.0008456987460244	3497.5
wavery	1.2082873313043663	9.0
mascara	1.042212681888227	21.5
confucius	1.0557423205174932	14.5
glasswork	0.0	2.5
storm	1.0015082030529725	1249.5
jab	1.006193086824302	169.0
bode	1.0499450450600016	12.5
diego	1.0028632306632923	360.0
reptilian	1.0339836075320046	22.0
neighborhood	1.001820440854274	1143.0
advisors	0.0	5.0
sparkly	1.341061642400822	4.0
wagge	1.0159857155551264	31.5
assist	1.0075607858153077	541.5
metaphysical	1.0084783126835855	97.5
tanner	1.0466435627956154	68.0
cemeteries	1.0764626393530372	6.5
trumpeter	1.037595760088817	23.5
submariner	1.0597665743857205	9.0
abraham	1.027380892929502	583.5
montpelier	0.0	3.5
sooty	1.0445328955822752	32.0
sideswipe	1.1513877331250342	6.5
centerpiece	1.0188225400708237	67.5
uninspired	1.1830369020226539	9.0
deepest	1.0948807954434467	15.5
dizzyingly	0.0	3.5
proudest	0.0	3.0
coitus	1.0999208694319864	7.5
billingsley	1.1637543007265883	4.0
abat	1.0126579962910331	43.0
vieux	1.052705608354492	15.5
wounde	1.0015601283120965	383.5
performer	1.005510205687879	306.5
gallop	1.0083116995751358	258.0
scamp	1.1333720929555402	8.0
waive	1.0423915593087194	71.0
kelvin	1.1002578319206746	12.0
outline	1.0014618397550006	393.0
aflutter	1.2734553899026233	4.0
legionnaire	1.0705766821761877	29.0
blessedness	1.0773985742229264	6.5
podge	1.117625985960365	5.5
riven	1.498370763421238	4.5
syringe	1.0141543524361223	65.0
yowl	1.0354680452514167	27.5
saxophone	1.0153813301535657	35.0
bouvy	1.181174918398054	5.0
complainer	1.0819264324897984	6.5
macalester	1.3139969964090452	6.0
lear	1.0200712782698695	150.5
maybe	1.00035958898681	6842.0
constan	1.060372682440891	27.0
opposition	1.0022068388038587	1479.0
fay	1.020713617172204	136.0
stre	1.0081911196113331	241.5
angelenos	1.071300566039071	10.0
aerodynamics	1.043395797098583	11.5
hadda	1.0700367057844529	10.5
slipstream	1.117757076229802	5.5
insect	1.0053883456831354	390.5
placido	1.065005759392362	7.0
astuteness	1.1726388076353687	3.5
drape	1.002439551520432	336.0
littunle	1.0017341204833647	410.0
eunfortunat	1.137770725513581	7.0
irreverence	1.030515907681494	18.0
straggl	1.0610585821822907	15.5
boreali	1.140746903784543	4.5
nymphet	1.0998095326929487	5.0
review	1.0019088422368478	1544.5
unimpress	1.0124946056873354	44.0
bedspread	1.0069071972866743	67.0
evilly	1.1469744573313552	6.0
spellman	1.0894720859951668	19.0
lunche	1.0100891490952522	39.5
coptic	1.0551108871224206	12.0
virtually	1.0017656593369357	1060.5
september	1.0014174709426653	1129.5
rollback	1.0292965659071456	26.0
arid	1.0210477942910976	108.5
pleasant	1.0013156125445437	816.0
gertrude	1.0197392959308897	191.5
consult	1.0077099371743596	622.0
uncertainty	1.001326380347934	398.0
ploughshare	1.1459404314111525	3.5
gittin	1.0539294260390544	16.0
treason	1.0039619145520906	131.5
laid	1.0062186296317115	178.0
elegant	1.0025013441786528	479.0
castor	1.0601585946381373	28.5
procure	1.0133112444135415	65.0
viaduct	1.065438126597489	8.5
brooklyn	1.0059117785821106	666.5
flatly	1.033039872457081	31.5
kinney	1.2465079921015996	4.5
huntley	1.185964122052472	13.0
adapt	1.004927074425901	240.0
playpen	1.0308881569951014	19.0
judiciously	1.0313590286749874	25.0
dispute	1.000839984284288	840.0
hollowness	1.0507858291417975	14.5
clothespin	1.0376400695575518	10.5
elude	1.0048601129326353	143.5
preferable	1.0068990473350172	195.5
bar	1.0008892380929852	3068.0
paraphernalia	1.169447053695045	5.0
larva	1.0116465325870714	30.5
wendy	1.0682666413701396	266.0
progress	1.0009632154563857	1573.0
pil	1.0098036690710572	113.0
heep	1.3099137087822053	5.0
splendid	1.0039662047437516	284.5
patio	1.0040856976155526	100.5
malefactor	1.0581518764207871	15.5
deprived	1.0507200660346094	7.0
undy	1.0693329033329837	16.5
chaotic	1.0087516073601617	123.5
bubba	1.1000264029019065	16.5
contour	1.0111243157988983	111.5
egraduat	1.019934329181959	28.0
face	1.0002517064158103	17024.5
fictitious	1.0233359885557252	57.5
seine	1.022454027570945	66.0
defeat	1.0019239091087497	903.5
creature	1.0018651517779655	1226.5
courtney	1.1089650474779633	19.5
excavate	1.0205539485574893	33.0
rouge	1.0092782945404888	173.5
title	1.0032583141518843	1466.5
boater	1.0384353599756608	22.0
clothing	1.0019667180493648	713.5
kin	1.0112251135323373	274.0
ergo	1.0792635267299484	13.5
exchanger	1.044666119282348	10.0
replacement	1.0045924721369406	320.0
cocker	1.0913652974020958	10.0
littendle	1.0060485972289575	116.5
bullfighter	1.032913536963473	30.0
nugget	1.023482098419068	57.0
profile	1.0085834010648151	380.5
beat	1.002361093110917	3146.0
triplet	1.082543155787714	9.0
pence	1.1277102833464718	53.5
least	1.0010674695304305	507.0
guess	1.000620501665074	3250.0
akron	1.042835827070718	45.5
staircase	1.0026257137544348	255.0
susan	1.0127759419104962	1208.0
radioman	1.1015775858847423	8.5
favoure	1.0658503938832224	24.0
derisive	1.0104720987879274	63.5
highlander	1.051887017811954	54.0
compact	1.0068836967863657	298.5
serialization	1.0875768602739722	6.0
bachelor	1.0084475851725807	191.0
arise	1.0013512122162156	872.5
parity	1.0142195772851237	71.0
curd	1.0422531878986734	32.0
immense	1.0029205559929688	388.0
vide	1.029715585423033	19.5
brick	1.0018540898256143	582.0
nly	0.0	2.5
holmes	1.01419184549646	152.0
teleological	1.0975328643761557	13.0
village	1.0007437075426568	2118.5
quote	1.0020650076826816	875.5
cosa	1.0466024758234926	18.0
answer	1.0003893676965256	6516.0
derailed	0.0	2.5
coltrane	1.09641963822112	4.5
gantlet	0.0	7.0
dialectics	1.1093977282111562	30.5
pointed	1.0059799205807318	272.0
scrawled	1.0533463076800929	7.0
shirtsleeve	1.0638332497776637	7.0
stirrup	1.026734284589412	62.5
gallery	1.003669223456814	658.0
chanting	1.1830958786379462	5.0
paradoxically	1.012494985106774	65.0
stabilizing	1.0848531763869302	13.0
lon	1.0394943774113656	298.0
employou	1.040482304101162	15.5
beatifically	1.0849970832894291	6.0
buzzer	1.007010308298086	90.5
org	0.0	2.0
organize	1.0015174266647702	1705.0
making	1.1337702860534988	7.0
oversize	1.0102270496649923	112.0
footloose	1.0973981165825457	15.0
premix	0.0	2.5
secret	1.0007098071822025	2982.0
sheathed	0.0	4.0
weathere	1.0295547346053837	24.0
anyhow	1.0018185816783298	319.5
mandarin	1.0239876903565965	55.0
bouillabaisse	1.077557590094361	6.5
lace	1.0031451497064932	413.5
possession	1.0029708151771592	517.5
pressing	1.0131202051070187	76.0
literary	1.0019348524457237	609.5
herding	0.0	2.0
revelatory	1.1098106303778668	7.0
schnauzer	1.1517035136136513	11.5
ceiling	1.0017588060442624	767.0
sworke	1.0059159497736594	109.0
vandyke	1.0603796636731067	10.0
waterside	1.090687914613638	9.0
fuch	1.1296709114927195	10.0
outbreak	1.0026350294569553	184.0
quivering	1.2659646508424658	4.0
roomful	1.0188808547935817	30.0
bloodsucker	1.0633357361295679	9.0
taunt	1.0069848459963702	147.0
survivors	0.0	4.0
rockefeller	1.0238360016744301	550.5
worm	1.0062744976554532	285.0
warp	1.0124047092142543	97.5
prose	1.0028104563976104	228.5
alienate	1.004929208783761	150.0
harland	1.1483312751871384	4.0
kea	1.2106989575008191	5.5
fullerton	1.061311166386063	10.0
liberals	1.01211012213911	164.0
unparalleled	1.0297737464813066	25.0
mononucleosis	1.1375772723972932	5.0
blacks	1.0017922212343684	420.5
silky	1.0125150244096146	68.0
unfairly	1.0207382434312664	62.5
culligan	1.6942376052790447	16.5
marc	1.0179776828833071	141.5
shaheen	0.0	3.5
warehouse	1.0022102044214238	282.5
wriggl	1.0198467609772364	28.5
alcorn	1.2670092297135565	3.0
stroke	1.002246034921238	571.0
periodically	1.0065908430280004	160.0
fanciest	0.0	2.5
steely	1.0205481704519523	47.5
thoroughgo	1.1623737600633903	8.5
ka	1.0221908305285015	60.5
quick	1.0012853510227055	1972.0
disregard	1.0036730993913727	177.5
soape	1.059156705959163	10.0
athlete	1.0025724855309606	449.0
bag	1.0003430020314947	2155.5
dogged	1.0233926267098579	45.5
surreal	1.022765853456277	44.5
forehand	1.1030524784595122	38.0
overheat	1.0171125650258228	77.5
reenter	1.0159716861802957	44.5
northeast	1.002402033825784	279.0
unrelat	1.043330059143125	18.0
sponsors	0.0	2.5
spright	1.0788740535661365	16.5
seat	1.0007050836398108	3540.0
meyer	1.040744447578825	168.0
exhibitionist	1.0766968401442563	11.0
shellac	1.100597229033204	21.5
conflagration	1.0126349758833553	31.0
manley	1.0548100310836273	44.0
sunbather	1.123608775879947	5.5
transference	1.0519899026289423	19.0
participation	1.0025964504143845	503.0
peck	1.0081434435111987	205.0
neutron	1.0139392601790087	105.0
priesthood	1.0050467590031567	70.5
starts	1.0051161854496091	223.5
moonstruck	1.161961351894688	8.0
roller	1.005670503950217	131.0
banish	1.0060438935208353	137.0
inflexible	1.013307245941932	59.5
hearst	1.0486714469237552	212.5
panorama	1.0155741644741398	56.5
frankly	1.003868642140821	355.5
unfeele	1.0536950648018448	13.0
adoringly	1.0991666748302253	10.0
rep	1.0017863079374225	402.5
agamemnon	1.116525643162799	11.0
travelle	1.1439419207152175	17.0
grumpily	1.106428977217763	10.0
adaptable	1.019510302858654	35.5
fig	1.0029087477785117	628.0
flipper	1.0262800531128955	34.5
immune	1.0685588750231023	208.0
pained	1.0323121918215907	35.0
edmonds	1.2605916512326971	9.0
hoi	1.0974760418582117	5.5
joyless	1.0832954867059303	17.5
competent	1.0040329851159866	225.5
sinatra	1.0092210413498968	67.5
hierarchy	1.0041766920375836	174.0
firebomb	1.0830100467153942	11.5
unspar	1.1114503529245185	11.5
anecdote	1.003983741305063	115.5
meeting	1.0009276898509587	893.5
cost	1.0007416072704955	4828.5
resistant	1.0090897893167359	92.5
disease	1.0011594037555644	2191.0
negligence	1.0062851471346994	57.0
cervical	1.016323974423859	26.0
byproduct	1.0231374207852593	32.5
plow	1.0033309294675667	272.5
scrape	1.0047690292201015	247.0
technique	1.002419779050894	1139.0
trustworthiness	1.1468121679287617	9.0
touchdown	1.002363941436987	174.5
sycophant	1.0533566343874992	14.0
sluggish	1.0237706238009998	124.5
fateful	1.011813651524133	60.0
collective	1.0043942108272184	582.5
disputation	1.049345711255577	12.5
antarctic	1.0108989144976903	83.0
entreate	1.1220049037221953	8.0
flicks	1.0714288351519894	9.0
vanishing	1.180839284464684	5.5
invocation	1.0124094825936842	39.5
stille	1.243808395930243	5.5
extraterrestrial	1.0174886295005214	32.0
angl	1.021888784504498	48.5
profe	1.0352452247894293	17.5
corridors	0.0	2.5
genre	1.0053520579726125	117.0
hypochondriac	1.0492327369089527	12.0
net	1.00753824406134	898.5
janie	1.0511946679204853	13.0
overcharge	1.0311607740365891	30.5
word	1.0001366416541302	10732.0
gullible	1.0252498578068192	36.5
territories	1.014071857624207	36.0
stimulus	1.024016600088391	200.0
must	1.0002339998900458	15859.5
roose	1.0433150762227983	20.0
grumman	1.0409682261979876	23.0
distinctiveness	1.091491386102722	10.5
patricia	1.0422413843055465	428.0
grayness	1.0214305494061475	21.5
farley	1.0548682218251213	47.0
kimonos	1.0809119927351916	6.0
ridicul	1.0502014928906587	12.0
anglo	1.0068192455374334	223.5
abrogate	1.040671976759268	22.5
sapphire	1.0161390459054416	46.5
sequitur	1.0129132809518504	18.0
congregation	1.0017601993832126	271.0
dictat	1.0283818438574721	36.0
fauve	0.0	3.5
anymuch	1.0227270497959606	20.5
monumentally	1.098123639179678	10.5
char	1.0045773822427824	577.5
safeguarde	1.01678042144744	23.0
garner	1.0201164108365968	93.5
thorny	1.0358367222247675	54.0
trap	1.001527029025926	965.5
ins	1.0071966038903741	117.0
dejected	1.0900985250840334	11.0
tann	1.1476849747269626	14.5
weis	0.0	9.5
futility	1.005385864819176	75.0
glens	1.05838250334106	15.0
closest	1.005765295146062	118.5
scuffl	1.0526737393676817	9.0
portia	0.0	17.0
week	1.0009104265895261	13438.5
mundane	1.014368158435113	82.5
menacingly	1.0271513590735843	32.5
means	1.0008059558840956	2383.5
spine	1.0023828710748677	277.5
norwalk	1.1351422435230918	9.5
lair	1.015565706095007	64.0
rebutton	1.1401586511965656	3.0
ardently	1.0400194465011874	24.5
astronauts	1.0300987709689176	22.0
increasing	0.0	2.5
intake	1.0067032835074345	189.0
campy	1.081872358844363	15.0
noot	1.2891113142914234	5.5
override	1.0272186128451268	182.5
movie	1.0011302507556863	2876.0
sampson	1.0812528667226557	52.0
headband	1.0139714624656013	33.0
hiker	1.0178755595608622	37.5
filibuster	1.0087765381702185	36.0
piratical	1.152668859949594	6.5
patriarchal	1.0249172716027735	38.0
edge	1.0011893663311202	3136.0
ruiz	1.1151477028788033	27.0
squinch	1.1230308285067567	13.0
explanation	1.0019435698372792	1107.0
hatless	1.0393718291844887	16.5
playin	1.0096385195437765	39.5
sour	1.0035895986501746	215.0
unpremeditate	0.0	3.5
urbanity	1.060442149951336	14.5
sector	1.0032566704725983	613.0
bite	1.0013864771304692	753.5
muslim	1.0046785654328034	246.0
smoking	1.007358673224676	99.0
oxygen	1.0052334969115186	328.0
elementary	1.0062719379953502	294.0
poems	1.0052386123766046	103.0
shrunk	1.0073238328457101	73.5
temporary	1.002493732680154	601.5
wilfred	1.049927891919972	17.0
revo	0.0	3.5
fallback	1.10773659534219	7.5
contraption	1.0139137208622917	45.5
elephant	1.0053507827328696	452.5
af	1.0720749513260266	35.5
familiar	1.0007727663757213	1661.5
prize	1.0012245103516957	773.0
kinetic	1.0704576078073234	57.5
evader	1.0602817547064514	11.0
unobservable	1.1111975372550338	10.5
virus	1.0058693811727237	384.5
capability	1.0045928632620587	391.5
des	1.0902872229131717	90.0
mayou	1.0453535465236248	25.5
hop	1.0070995647723027	165.0
billowy	1.1093979155631504	7.5
pianoforte	1.0747133737371979	6.5
handwoven	1.1628357858861158	7.5
giggly	1.1104041775716176	8.0
evidently	1.005391902301089	314.0
aaa	1.0905764687356374	19.5
chris	1.0187739503806124	537.5
swapp	1.033922149252598	24.5
unight	1.041299153924006	31.0
jealousy	1.003114112479258	200.0
cater	1.0187518211076085	161.5
lifespan	0.0	7.0
antioch	1.0491150478311506	21.0
macauley	1.1739831334929085	3.5
sensitivity	1.0045984051828964	213.5
disconnection	1.0728145872549677	7.5
arena	1.0044456767229624	295.5
helping	1.0401791930692257	17.0
demarcate	1.1975510746881202	8.0
cathode	1.023582789154784	62.5
poseidon	1.0408256624503704	29.5
abyssinian	0.0	2.5
jeremiah	1.0331253190559755	37.0
dunn	1.0338515735650882	105.0
chemistry	1.007043054518428	218.0
dykes	1.15826040133139	7.0
southerly	1.0529941945093118	14.5
nazis	1.0039645119520415	163.5
rickie	0.0	2.5
iamb	1.1891022248817003	9.5
injunctive	1.1082653359717287	12.0
angstrom	1.107539753757213	9.5
guarantee	1.0011317596743572	1050.0
nadir	1.0971930294455348	13.5
prudery	1.1126196153190908	4.0
sharpening	1.0973087369814427	13.5
bureau	1.004917060897438	1121.5
squalle	1.140118573381504	6.5
inhibition	1.0290330087815378	74.5
virtual	1.015502515092263	121.0
enfranchise	1.0833963281048098	9.0
lawlor	0.0	3.5
prohibition	1.0041339667153704	184.5
tongue	1.0010078047630344	1232.5
interloper	1.0270207940278429	24.5
anarchic	1.0401020957013618	25.5
neurosurgeon	1.025616054586492	20.5
verbalize	1.083005310768721	8.5
mood	1.000675229915308	1160.0
humore	1.009661245629866	34.5
comme	1.0362665203356818	10.0
kale	1.149796176189152	34.5
letterhead	1.0262765266488352	22.5
buyer	1.0018030028407532	553.5
fido	1.083672236884923	14.0
colour	1.0045455109809918	264.0
deployment	1.0073395272469723	181.0
dissolf	1.0175535839163774	38.0
convent	1.0088335540204947	99.0
tine	1.0433508461318184	41.5
thinkable	1.0698113418671955	9.0
subjugate	1.0360892047100099	24.5
profusely	1.0137473068569127	42.0
bole	1.042341354501192	21.0
ladd	1.041594287649632	37.0
morning	1.0002957268388972	6528.5
spin	1.0022523713999456	804.0
confront	1.001449939816132	658.5
someday	1.0059250290237558	414.5
mischievous	1.0093850603403802	73.0
enid	1.085697996769636	222.5
christ	1.0008582046337111	1306.0
varsity	1.0182688253149659	45.5
waiting	1.0577071986026505	12.0
shopgirl	1.0506931606229697	11.5
participle	1.1401499378613502	5.5
tuition	1.0061112964646477	144.0
friendliest	1.3383508299782783	4.0
seventy	1.0016346151512325	777.0
consiste	1.020122313624852	32.5
overexpose	1.1191457422416584	8.0
mime	1.0214382031627764	70.0
indiana	1.0050295946508803	415.5
develops	1.0366675940101027	21.0
fluttere	1.0090748975122692	53.0
ranger	1.0042714861729682	253.0
license	1.0010235121438151	920.5
periscope	1.0164874356194549	37.5
contact	1.0011085026635496	1690.0
arcturus	1.1561706246483876	4.5
judgment	1.0007849011354153	1205.0
fyodor	1.1951206413462876	22.5
swirl	1.0028726268791244	269.0
universal	1.0040672844893717	643.5
bulk	1.0032368561528928	402.5
folly	1.003771958965066	218.5
become	1.000387271489097	14626.5
misinform	1.0437802216609096	15.5
rated	0.0	7.5
blade	1.002475817470882	725.0
catharine	0.0	3.0
curtly	1.0117612503036302	61.5
toma	1.1791487423808373	19.0
genocide	1.0081106512128173	54.0
decoration	1.003526219934316	232.0
cattle	1.0020345383077258	790.5
inoperative	1.0534060634261329	13.5
adequately	1.0095891236649073	158.0
redevelopment	1.029269679634512	36.5
kia	1.5023899579245756	8.0
brighten	1.0047730362320157	176.5
gallbladder	1.0719200631551673	20.5
consid	1.0066402916658634	125.0
breadline	1.2443563327177292	4.5
millennia	1.26013483140513	5.0
linguine	1.1454484553200022	5.0
quotient	1.0500970326299772	13.5
hick	1.0251593869105105	72.5
puddle	1.0046460861969932	141.5
appeals	1.0132328740237773	46.5
hazily	1.2114679859362865	5.0
calme	1.0502893135988676	20.0
weighty	1.0153288374452414	51.5
lubrication	1.065029692746605	10.0
untemper	0.0	3.0
purdy	1.109905832608431	12.5
engle	0.0	5.0
penal	1.02335589550568	92.0
slouch	1.0061253707513071	109.0
crop	1.0017231668007638	1122.5
deflation	1.0575378644149953	15.0
testament	1.0048786210160368	151.0
ensue	1.0047951503745058	126.0
confirmation	1.0025022131385917	249.5
harebrained	1.1689460134677976	6.5
eurasia	1.0696453389374299	8.0
perceptive	1.0265448278244678	84.0
caution	1.0018395521910446	498.0
estrus	1.1267092576876747	15.5
luncheon	1.0028687226522601	195.5
notify	1.005755801878453	219.5
pump	1.0028862965626753	800.5
mandalay	1.1967042954354568	4.5
dooryard	1.0671287488907053	7.5
fledgl	1.0895471390970715	17.0
quantitative	1.0157326995537255	70.5
subsequently	1.005468412198134	284.5
cereal	1.0036408665506376	192.0
dunlap	1.1436509627621974	15.0
marcy	1.0995823449934838	15.5
adoption	1.00632041279759	205.5
auction	1.0044151832957853	299.5
fleet	1.00268361369339	683.0
buren	1.046372524745001	46.0
graciousness	1.0248905254365388	17.0
thai	1.019478265766324	105.5
internally	1.023395420172243	70.0
courtliness	1.102760588854147	4.5
hogan	1.0295491871384037	144.0
banner	1.001586167752832	333.0
locat	1.1622448962768233	6.0
assignment	1.0018891736123792	519.0
tait	1.3627470733430076	13.5
pillowcase	1.0249502923206932	18.5
precocity	1.1885151667356417	8.5
laxity	1.0385461622948566	12.5
fellowship	1.0103781358891666	106.0
monsieur	1.002720389897108	212.0
formalism	1.0551348220321473	17.0
madness	1.0016929923413713	305.0
yoing	1.005281335374482	198.0
knowledge	1.0006569301216097	2331.5
division	1.0028527230276985	1716.5
disk	1.0099178423676225	263.5
hopalong	1.2237239271139597	5.5
jeanne	1.0352233072665606	70.5
candy	1.0072767336943051	557.0
craving	1.0130147498319273	34.5
penury	1.0476542824066009	12.5
sall	1.2355442768603175	4.5
surrey	1.086839162330007	22.5
universally	1.3119911700239697	3.0
uncommon	1.0076795392171167	148.0
adjudication	1.0440011190695346	10.5
colleen	1.0460762021554058	17.5
coat	1.0012207450748107	1751.5
hazzard	1.3162250371434405	4.0
immortal	1.0072127002686166	130.0
sublet	1.1074704215980553	11.5
abundantly	1.022346405981668	36.0
test	1.0008876970275802	3314.0
hugh	1.0143663260814817	635.5
diagnose	1.0042010374473778	186.0
repudiat	1.0667962094887398	7.0
corrosive	1.0197930555168733	41.0
evansville	1.0762840941905651	10.5
cotillion	1.1743869290837021	44.0
battering	1.1330260222519273	8.0
greatgrandfather	1.165200539238503	3.0
imbib	1.091847420709822	9.0
nurse	1.001782014139467	1862.0
dreamboat	1.0786674309140492	5.0
boll	1.0207158962960603	36.0
sticks	1.0124096937830203	54.0
glo	1.0360889939638809	15.5
einstein	1.0085958557201966	240.5
nader	1.0081172313278364	114.5
upwards	1.0075700536684087	84.5
ephraim	1.0640944872225062	33.5
naivete	1.0157742452273804	36.5
hallucinogen	1.0818146452958788	6.5
bache	1.1770410515665015	33.0
establishe	1.123649901586755	7.0
obelisk	1.0298385394438316	24.0
vow	1.0016108480616608	413.0
emphasize	1.0036309729942472	807.0
gleason	1.0260087025789852	48.0
smorgasbord	1.1018097999287055	8.0
drucker	1.1483976451321265	5.5
fatty	1.0087140514749142	97.5
susceptible	1.002802416080047	155.0
groundwork	1.0125583663920912	46.0
harsher	1.0188207841361776	45.5
ruminant	0.0	34.5
oppress	1.0055253070805301	120.5
hyde	1.0240960600922226	130.0
barbarian	1.0061112165982644	135.5
lead	1.0019048496860996	8969.5
demonstrable	1.0283413725011996	42.0
frankfort	1.1312540738858408	21.5
node	1.0167728715284674	63.0
reproach	1.0083627097593872	108.0
sacramento	1.0087149312831063	93.0
odoriferous	0.0	2.5
form	1.0008967812968914	7842.0
campus	1.0026644580549906	576.5
coworker	1.064924104452382	21.0
bangkok	1.0136743410569395	49.5
deposit	1.0039187302520796	676.5
elias	1.1059795223523767	20.5
grunts	1.086557120233414	5.5
gown	1.0029759113953507	412.5
greyhound	1.010957450614155	66.0
cent	1.0156897670171143	3100.0
cation	1.0215969260603681	28.5
logbook	1.195834722012748	5.0
mizzen	0.0	5.0
shale	1.0287306426612497	48.5
fronte	1.1269251885687244	7.0
lain	1.005717396718545	129.0
prenatal	1.0249299150941562	26.5
westminster	1.0130430740696383	85.0
optical	1.0087289690739576	104.5
decadence	1.0134859315041769	43.0
chatham	1.0675602842366096	15.0
educators	1.0678001527726113	7.0
sled	1.0131579399544333	127.5
chance	1.0002676260764627	3891.0
tenure	1.0041619564825661	193.0
cas	1.0014344640328392	947.5
segregate	1.0196332978222389	96.5
lech	1.3867272993710869	44.5
miraculous	1.0113290092388716	115.0
sturm	1.1385620271587462	6.0
roar	1.0022237017227997	924.5
plebiscite	1.02011627642974	29.0
francisco	1.0013024447397998	1136.0
radiation	1.003023497506594	631.5
unemployed	1.0030949188715594	149.5
cute	1.0052548269398216	262.5
ibm	1.0078985254747637	297.0
incision	1.0239429467159555	39.0
modesty	1.0065919433170192	103.0
ethnic	1.003201816323127	441.5
theft	1.0029318655243438	239.0
stomachs	1.0122187229436073	28.5
blay	1.0562395450311115	18.0
academium	1.0609892029394496	11.5
bethesda	1.0172533143318	53.5
crampon	0.0	4.5
esoteric	1.019508952994203	50.5
atla	1.0232340930004706	60.0
molecular	1.0089058009554561	82.0
follette	0.0	5.0
changed	1.0112542396972435	51.0
conjur	1.051838303352529	15.5
handsom	1.0961115949271905	6.5
manufactur	1.00600424124372	454.5
cowles	0.0	4.0
riser	1.0340503862289416	16.0
addiction	1.0056739821273295	200.5
steadiness	1.051031269687924	21.0
rorschach	1.0664806644568556	6.5
beaded	1.0234669252101618	22.5
palisade	1.018325691015933	51.5
hyper	1.0900707400152683	40.0
nib	1.0999218475233243	12.0
podium	1.002481510232941	135.5
plane	1.000531499105482	2699.0
sleep	1.0003877584547622	5023.5
context	1.0031402050523262	523.0
chao	1.001698435096692	400.0
gym	1.0073661562967082	206.5
loft	1.0099893481561244	179.0
sandpiper	1.1406478470462997	4.5
seminary	1.0060192284896103	127.5
swordsman	1.066469764707219	26.5
lot	1.0003937964636156	7079.5
stereotyp	1.0463628433580092	12.5
hurdler	1.0856108337607941	7.0
shutt	1.0082408594980863	90.0
fiefdom	1.0466876232844933	14.0
wall	1.003002226750361	6556.0
environmental	1.002327987903368	805.0
organism	1.0044654617929394	320.5
differential	1.0144059589564505	93.5
pocket	1.0004507592565386	1984.5
disbelievingly	1.2407800360564587	3.0
masquerade	1.0211098552879705	40.5
semantic	1.0057959252705726	241.5
sense	1.0002371421015692	6252.0
transit	1.007846120838199	533.5
tab	1.0068976414441388	139.0
charming	1.0035818379865717	227.0
peekaboo	1.459414963679068	4.0
wilkerson	1.0873973189865334	13.5
assay	1.0826564239211218	15.5
abelard	1.3658120465099228	10.0
aways	1.1216535608894906	4.5
energy	1.0063879881879876	3346.5
fleming	1.0397473640788997	18.0
heard	1.0121043031379398	71.0
mony	1.0230762905988142	69.5
solidify	1.0170150502193447	48.5
rapture	1.023201582628782	93.5
londonderry	1.0281721812410554	27.0
disgracefully	1.125009452739328	6.5
cutaway	1.0797289555249878	15.0
clayton	1.0361269538059243	236.0
headlamp	1.0345111718238158	10.5
snider	1.1347423570612727	8.5
uniform	1.0013896490877168	902.0
inna	0.0	5.5
resupply	1.0577016956053702	34.5
weaver	1.0248083410112634	129.0
subconsciously	1.066350559706288	15.0
confession	1.002156074379712	364.5
roulette	1.020949217649563	39.5
moneyman	1.0355280739555326	17.0
nipper	1.1774606411372717	6.0
grudgingly	1.0614814084075925	7.0
indirect	1.00429154411396	320.0
inv	1.2824820004472628	4.5
rosetta	1.1486862697409925	6.0
chick	1.0123895706103068	217.5
rectum	1.0312592455244687	26.0
resourceful	1.0155182227746151	57.0
atrocity	1.0063637822528755	105.0
street	1.0027773485736187	8430.5
staffordshire	1.0882579603433389	18.0
dramatic	1.0031561572830634	793.5
agglomeration	1.1776220857221338	6.5
utterly	1.0029526402502111	199.0
folk	1.002843509383659	1365.5
orate	1.1509926885512973	9.0
chilean	1.0121544409396301	94.0
lagos	1.211061589939934	5.0
maxine	1.097045051100443	21.5
nasty	1.00600886531815	307.5
discreditable	0.0	3.5
january	1.0019478505728066	1183.5
lipscomb	1.2616842107064323	4.0
confucianism	1.045012838355453	13.0
esophagus	1.0352498407289248	13.5
bedeck	1.0451169089738963	20.0
exchange	1.002739393871731	2343.5
etre	1.0174556901132712	16.5
extremely	1.0011955790210965	886.5
participatory	1.0270327198683231	34.5
drew	1.01491856910004	306.0
purify	1.0115080834572097	96.5
sequence	1.0206545876846598	601.0
opene	1.0673733464839978	9.5
godforsaken	1.0482367829937032	17.5
delimit	1.2138354155682785	6.5
lantern	1.0033599570056104	217.0
inhabitant	1.0014083913969036	263.0
dough	1.0306844148116456	165.0
morphology	1.0531024878811848	13.5
starte	1.0034418866789734	205.0
woodwork	1.0210573186807497	81.5
jessica	1.0288272328515855	252.5
capriciousness	1.0627607034622004	9.0
halyard	1.1892912785367473	25.0
aldrin	1.3112240651725255	11.5
visitor	1.0008745838581492	1053.0
procreative	1.202991421372212	4.5
preoccupy	1.0031301309722191	224.0
decimate	1.0243259028845555	32.5
porte	1.0531860891992797	28.5
mummer	1.0817168134973905	8.5
beneficence	1.085528224498743	10.0
outfit	1.0024191129731956	439.5
triplex	1.2660848312200075	4.0
halliday	1.212999315731206	68.5
cornelia	1.0787610538471826	28.5
muttering	1.0173609553694656	20.5
middlesex	1.0855441241822885	20.5
industriousness	0.0	7.0
lingo	1.0250563124136156	28.0
cesium	1.0714186564814787	14.0
user	1.0064887171151415	443.5
busload	1.028965730570224	18.0
nashua	1.1112173784979633	13.5
oxford	1.0141913973222925	323.0
ambitious	1.0032100070680647	396.5
ics	1.145666103939999	9.5
mange	1.1032280015379659	9.5
draped	1.0749377314204571	8.0
pusan	1.0676480973924063	14.5
doncha	0.0	3.5
designer	1.0068613819720027	476.5
germ	1.0067477194729617	160.5
strainer	1.042961508806705	7.5
irregular	1.0135906183742984	180.0
griswold	1.0552002584369382	90.0
enemy	1.0004952867087096	2155.0
windfall	1.0077611322032787	98.0
backache	1.0405888077149175	13.0
refrain	1.0058139597487155	189.0
streng	1.0102687767289997	114.0
movement	1.0016539325803884	3020.0
admit	1.0006894379052775	2116.0
sauce	1.00377628029247	436.0
univer	1.0621292387464258	14.5
harder	1.0018973640389617	403.5
altruism	1.0218829686116264	22.0
flar	1.0671920257016976	13.5
prestige	1.0034443733303522	306.0
tedium	1.0204850676153085	28.5
crepuscular	1.1391270499383992	7.0
tailore	1.0040375104050876	128.5
conjure	1.005155977475858	125.5
vance	1.0304200828038097	262.0
servile	1.0909060077717112	23.0
klieg	1.083218229576619	6.0
giggle	1.0014510501125038	373.0
constituent	1.0050294828741122	256.0
reunit	1.0115289614140381	48.5
flashy	1.0175311755294612	76.0
exemption	1.003088629832878	169.0
boast	1.002235762368671	402.0
platoon	1.0073696914595565	145.0
tree	1.0003648110595016	4357.5
wishy	1.1422812962500573	3.5
meteor	1.0115382108056366	41.0
dedicate	1.0031459331716466	460.5
officious	1.0326626170782605	19.5
mirror	1.0011835596589835	1446.5
gaseous	1.0371933554166286	48.0
plug	1.0036795548732764	315.0
ashame	1.0011016263366053	223.5
pulling	1.152272924865757	11.5
reunification	1.012316337592011	46.0
candi	1.10665076079582	11.5
featherb	1.156316187628641	4.5
patience	1.018836557715354	706.5
yearning	1.0085765593198044	91.0
punctuality	1.0336932865991366	12.0
avocation	1.0449043768980297	13.0
economically	1.0031097228088561	232.0
woman	1.000417181185925	18348.0
greengrocer	1.1273725939008183	18.0
vassal	1.0293370031287719	36.0
brian	1.0097330458019858	1043.5
bucket	1.0028064594847508	386.0
queasiness	1.0494036584161677	8.5
polio	1.0136292189864287	101.5
trend	1.0019182856933013	805.5
dissolve	1.0028162571195753	492.0
land	1.0007022358849809	6383.0
directive	1.0066970297482765	130.0
complacently	1.0389024606534925	17.5
freiburg	1.177194244956994	8.5
bopper	1.0721475528498547	11.0
aegis	1.0301832606492234	26.0
peaceful	1.0027995518767652	480.0
gain	1.0023505994417723	2376.0
romulus	1.056461104498158	8.5
urdu	1.119903346380751	4.5
grumble	1.0029702270400103	158.5
wexford	0.0	2.5
pleistocene	1.0558345914416978	7.5
sidesaddle	1.1415745406837752	7.0
screame	1.0007803393962107	545.5
wringe	1.014173600102576	50.5
tamarisk	0.0	6.5
loon	1.1106774080667143	71.0
hulk	1.0148885056893358	74.5
knowledgeable	1.005752645007734	146.0
gentlemanly	1.033529239461387	34.5
nicaragua	1.0098801688794115	400.0
airstream	1.1595402576921374	23.5
sadistically	0.0	3.0
kodachrome	1.2737317872076248	4.0
orange	1.0018639498681157	1046.0
anheuser	1.1016190252016045	11.5
vector	1.0509619350768136	50.5
feng	1.0816926739290762	31.0
vellum	1.100573124934605	7.5
bef	0.0	3.5
brush	1.0013652549692078	1297.0
microgram	0.0	8.0
fulminat	1.3555317621370369	4.0
supercharged	1.1234499293120108	5.5
ortiz	1.1004756586483557	15.0
capitalization	1.0406538647331278	16.5
recuperative	1.1030934223891318	6.5
ahhhh	1.0269776491346048	8.5
blotto	1.0806769892078352	6.5
traffic	1.0009524770044007	1362.0
plopp	1.0991667295368077	6.0
lewisburg	1.0561671443912934	8.0
weightless	1.0206434959356447	41.5
springe	1.1731623269224059	4.5
johnstown	1.111604768319582	10.5
daytona	1.0332431313705732	19.0
freeport	1.0792044136883985	9.5
inmates	1.0707028001610088	6.0
names	1.0323563045526623	24.5
envelop	1.0122162361482736	247.0
gunfire	1.0041289558263107	133.5
carson	1.015290038048922	173.5
mocks	1.1667425962862552	4.0
marshall	1.004480449482983	495.0
undoing	1.0420584957271328	11.0
sobserve	1.005936856540845	98.5
gest	1.0276928059045185	19.5
monastery	1.0067964582113929	219.5
homey	1.0355961618194343	33.5
spit	1.005100212150722	206.5
ounce	1.0024483286902155	348.5
multimillionaire	1.0229297791336558	29.0
heck	1.0178857856028838	76.5
screen	1.0016665993889349	1728.0
mt	1.0053349739955681	108.5
snafu	0.0	5.5
snarls	1.1137937462521517	5.5
fighter	1.0045397819490727	648.5
gender	1.0251862971503616	99.0
odysseus	1.0503897293370574	21.5
chiang	1.0129842412056553	106.0
acquisition	1.0139942219301616	359.0
cert	0.0	3.0
existential	1.0135710510356877	61.5
credit	1.013354721236806	2024.0
midw	1.0689031555774466	12.5
transaction	1.0038196203816425	395.0
circle	1.0007899987426416	1827.5
widen	1.0057774910262895	282.5
gettin	1.0025543557048076	158.0
precedent	1.0021049132626947	240.0
courageous	1.0082876901131075	142.0
readings	1.1031223609264296	6.5
approval	1.0011015106032313	845.0
egoistic	1.142420309935275	6.0
sleazy	1.0273280532712192	55.5
kerr	1.0266413946481077	46.5
sleeved	0.0	4.5
gasoline	1.0038386878722683	655.5
chirico	1.0534474356968733	8.0
monitore	1.0055867791186834	104.0
fictional	1.0119576750067691	102.0
cide	1.1055802674425927	7.0
quantifiable	1.1127116285680736	9.5
dicks	1.0748845326031664	14.0
woodlot	1.0465220301438858	11.0
fortuitously	1.1786592544162113	5.5
seventeen	1.0014336095883691	505.0
workbench	1.0506579605231723	25.5
ford	1.0312345795251436	2418.0
determinism	1.0239344032894375	47.0
stylistic	1.0208300669211308	35.0
rates	1.0238175782148358	23.5
preoccupation	1.0027211156386455	151.5
merrier	1.0580744270961215	5.5
slimness	1.1428059490398008	4.0
indignation	1.0028178238979208	145.5
laissez	1.0082172963478875	53.5
malacca	1.1789798513247831	4.0
municipal	1.0072592810362444	394.5
astral	1.0928048984655303	11.0
stee	1.0293477106606583	25.0
er	1.0095304366288926	778.0
underprivileged	1.0512111342173516	14.0
tudor	1.0657001294839152	147.0
authorizing	1.079312538141284	8.0
sacred	1.0038890222759964	295.0
pubescent	1.1717172034379455	5.5
lindstrom	1.1493448383530107	9.5
mathematic	1.0874581853343053	7.5
taxpay	1.1576309989274527	4.5
arlington	1.0095235321371607	108.0
schenk	0.0	4.0
dodi	0.0	5.5
spape	1.0962104066338723	3.0
recover	1.001371605180488	847.5
expeditious	1.0897955773304149	6.5
voluptuary	0.0	2.5
obligation	1.00083638029323	563.0
mistah	1.0806796224245454	4.5
flooding	1.0106289294280582	29.5
helmsley	1.3637108179738335	8.5
impractical	1.0164842121677542	56.0
laughingly	1.0514343710865663	26.0
negro	1.0042647057221226	498.0
kaddish	1.0200792271764898	25.0
frieze	1.016696294367765	27.5
outre	1.311978703040287	4.5
px	1.0812547554820326	17.0
interpretative	1.1087740549806497	12.0
lift	1.0008735252116399	2375.0
nast	1.070116544222416	16.0
supports	1.0506259712258965	6.5
si	1.0069089458154827	249.5
gestation	1.0199883107915766	32.0
oust	1.0055327315479559	126.0
unmoved	1.1536081509354317	6.5
fishing	1.0134353461254046	32.0
neutral	1.0054013874400223	329.0
smalley	1.2239620416108679	6.5
sirens	1.027007664678034	13.0
scripture	1.0061705892442836	195.5
dastardly	1.2093006934834105	5.0
unilaterally	1.0214212858777523	42.5
ardmore	0.0	3.5
indict	1.0030218345381887	262.0
estimates	1.02654620088695	17.0
unpleasant	1.0041205347098705	320.0
boulevard	1.0027376647765542	284.0
commerce	1.001996428968717	591.0
entrance	1.0007961576539395	1065.5
pussy	1.0094503565672497	134.0
tho	1.0107126896996605	605.0
trailer	1.0034579440507285	328.0
player	1.0015714824192445	2106.0
drawback	1.0025656740586486	92.0
begat	1.1626228583250067	11.0
haganah	1.0252274931265404	20.5
winnow	1.0595949742108082	18.0
premiere	1.005893731682866	96.5
isay	0.0	2.5
watchword	1.0307903214275471	19.0
officially	1.0061335577495014	388.5
torture	1.0018669262280566	447.0
lottery	1.007314265255718	152.5
tf	1.1519593517311857	9.5
meddling	1.0481327926678932	10.0
selle	1.0087401639907823	87.0
radiant	1.0093827975148113	147.5
sluggishness	1.079354608758509	11.5
eckhardt	1.1291428892469004	9.0
birdcage	1.0727181486243438	11.0
hesburgh	1.0561472064635653	17.0
traditionally	1.0050665492253388	331.5
burnoose	0.0	6.0
inappropriate	1.0049859125842402	139.0
hotb	1.0264769236527456	12.0
sodomite	0.0	2.0
albee	1.047035339309846	20.5
briefcase	1.0027005354038152	252.0
hungrily	1.0272826006654294	38.5
moyer	1.0771213350966589	9.5
superficially	1.0411627604511275	39.0
allus	1.1996658094156953	6.0
peachtree	1.2039174456557122	7.5
congratulat	1.0107562459343518	32.0
quint	1.1703847575234667	11.0
closes	1.2209688982010576	9.0
leaf	1.0007073487536213	1665.0
paterno	1.0378464375067864	41.5
beatrice	1.1001830028935262	136.0
veto	1.0025777563708802	377.5
astern	1.0391655238332569	25.5
selfsame	1.207185914105339	5.5
palermo	1.07241496279275	41.0
val	1.0221518986472569	199.5
solicitously	1.0310729339153863	17.0
innovator	1.0177700587389025	38.5
sacristy	1.20991569482117	8.0
appear	1.0005569306850377	5795.0
produce	1.0010259395643404	4644.0
chapman	1.0293864150089596	57.0
naturalistic	1.029556380965262	34.5
commandment	1.0049268744962243	80.0
admonitory	1.1096682384136196	5.0
encumber	1.056581453612883	29.0
antediluvian	1.178900116761542	4.5
uncles	1.1395100189931762	3.5
levant	1.1231758821054065	17.5
non	1.001426544658106	1239.0
chatsworth	0.0	4.0
expo	1.0248610496297763	58.0
prevalence	1.0158548807717191	34.0
gray	1.0017944785682267	2393.5
luanda	1.0322005561662881	20.5
discounter	0.0	8.0
porky	1.103961641285054	11.0
mediaeval	0.0	7.0
rosebush	1.0800269357349732	9.0
causative	1.160469863236503	6.5
cora	1.0316645736940928	145.5
satan	1.0140806370353133	315.0
fatherly	1.030792950809479	26.5
wayward	1.027622483718923	47.5
tonight	1.0021652516907027	1901.0
fairly	1.0055836020808606	164.5
shawnee	1.1378546442858128	63.0
orbiter	1.0692330999879232	18.0
gutter	1.0070640548725254	126.0
tranquility	1.012868551869822	31.5
quayle	1.0457656023036828	50.0
twist	1.0018989937442626	1038.5
accumulation	1.0272721770516096	192.0
ao	1.2079494077850923	46.0
communicative	1.0614440945073575	19.5
behaviorist	1.0609276965593193	17.0
lawmaker	1.0092623640716247	144.5
schaumburg	1.086725611560725	12.0
dogfight	1.0379976075527961	20.5
boggl	1.0591898657222674	19.0
expansion	1.0026348487432406	577.5
incompletely	1.160523823323086	8.0
mg	1.0173830721235175	97.5
wak	1.0403239539734874	21.5
couch	1.0008230108079357	686.0
dutchmen	1.4097822917051406	4.0
federally	1.0055051966870008	109.5
romance	1.0030277591288632	332.0
appurtenance	1.0579752869735886	9.5
chan	1.0624656731817974	351.0
sam	1.0085059957584281	1639.0
interwove	1.1589078006591518	4.0
amicus	1.1338669699536763	5.0
infinitude	0.0	1.5
quickly	1.0011697555968988	3678.5
dirt	1.0032615689166724	732.0
cosby	1.04072492309303	64.5
wraithlike	1.3120370089493916	4.0
kith	1.1976528400793547	6.5
forecastle	1.146022688035463	25.0
longwood	1.0995005738154418	7.5
miller	1.0111377575814706	659.5
reticence	1.0094589172199544	43.5
rooster	1.0165491856848576	223.0
headrest	1.1143373097701577	7.0
archive	1.0090794140515753	117.5
tarrytown	1.130367685242416	7.5
potable	1.1080296693227467	9.5
heathen	1.0225812756174104	80.0
medicare	1.006922562551728	137.5
dwindle	1.0045248021660917	162.0
cheesy	1.168065060824784	8.0
abbie	1.0348528342869887	31.0
novel	1.000777818231804	1329.5
mackay	1.1577896990239822	10.5
ventriloquist	1.0473037725114667	11.0
querulously	1.1212623360117697	4.5
admissible	1.050439558484361	14.5
easiness	1.1391688546737384	3.0
consultant	1.0044353431910522	389.0
infernal	1.0358187267258925	28.0
uppermuch	1.0271602595631923	24.0
infinitely	1.0032931134481338	172.5
tuberculosis	1.0053671420721473	81.0
matriarch	1.0553580012683776	39.0
crunch	1.039322205193157	393.0
costello	1.0240341066991199	42.0
crisis	1.0011266576239715	1468.5
passionately	1.0090302349985976	113.5
architecture	1.0052587600649407	508.0
casually	1.2546893440570897	5.5
belfry	1.0373464569151312	13.0
inconclusive	1.0154611650359129	60.5
plasticize	0.0	3.0
sponge	1.0053883458477597	125.0
burlingame	1.208842422821718	8.5
parolee	1.1156543516047455	7.5
spastically	0.0	4.5
suspected	1.0120747497273401	62.5
tease	1.0021165775840335	367.0
joyride	1.07999980806734	8.5
idolatry	1.0258511166133089	24.5
dare	1.0019143451445258	611.5
superimpose	1.0244550754191641	47.0
late	1.0010758873947052	15535.5
oversight	1.0093079079998557	103.0
revelation	1.0015631052948513	356.0
truly	1.0027271849048274	1174.5
beame	1.1061191235128631	251.5
charge	1.0009058553379133	4417.0
ministries	1.0975745378348385	7.0
meto	1.453290904578976	3.0
outdistance	1.04132073432873	21.0
hugely	1.0282433972619336	45.5
jennings	1.0227461950369903	138.5
twelfth	1.0308551051959092	139.5
jangling	0.0	5.0
disobedience	1.012505359078798	105.5
goodbye	1.0011920624709658	426.5
reynolds	1.0166775517904496	156.0
aspire	1.0034515319553015	109.5
loosen	1.0040126302283923	180.0
brahmin	1.0341460717015039	43.0
clear	1.0003957536300363	5211.0
bush	1.0469620041725813	1576.0
snazzy	1.0990429750223931	12.5
dislodge	1.0074009251199583	75.5
gastroenteritis	1.0801783606391795	5.5
solely	1.004800465101535	264.5
tempo	1.0052219494525736	110.0
austral	1.2790899367111928	5.0
bonner	1.0782757787683044	53.0
newhouse	1.1032322903493195	29.0
sotch	1.0031181800586018	1254.0
restrain	1.005704786870774	382.5
riparian	1.414455112632497	3.0
symmetrically	1.0549045354334265	11.0
cran	1.0175740708046839	62.5
adventur	1.094506737394979	5.0
structure	1.0012025897310202	2313.0
gato	1.1390234698273878	4.5
single	1.0011386169045866	3697.0
treasonous	1.074486030554338	10.0
progressive	1.0069647528032293	451.0
weigh	1.00189370480165	676.5
softness	1.0097885794383232	75.5
crumbling	1.1263552522465374	6.0
famished	1.0826456137385554	8.5
cell	1.0013464493329185	1504.0
phone	1.0006388199678211	3256.5
faith	1.000635142959991	1463.0
apple	1.0067288925738767	786.0
window	1.000290416774015	5221.5
