Word	60_70	70_80	80_90	90_00	Frequency
abraham	0.6106506884098053	0.5897738039493561	0.5857019424438477	0.5306703448295593	2020
acquisition	0.4887123107910156	0.5198221206665039	0.49449098110198975	0.4250553250312805	1476
acre	0.23353981971740723	0.21213537454605103	0.2265169620513916	0.20162945985794067	4561
adapt	0.40437692403793335	0.48590779304504395	0.47124671936035156	0.38396525382995605	1160
address	0.37523096799850464	0.3910045623779297	0.37895238399505615	0.28644251823425293	8811
admit	0.372334361076355	0.3110552430152893	0.32818603515625	0.27290618419647217	8823
admitt	0.4475783705711365	0.4651239514350891	0.4979844093322754	0.4561384916305542	1444
adoption	0.5161609947681427	0.5664038062095642	0.5033041536808014	0.49945634603500366	1091
advertise	0.3755330443382263	0.398232102394104	0.3990579843521118	0.34956908226013184	4010
advocate	0.46822893619537354	0.437125563621521	0.44403308629989624	0.3277176022529602	2757
agreement	0.2973809838294983	0.25561487674713135	0.28068310022354126	0.29330533742904663	7755
agriculture	0.3910984396934509	0.4115700125694275	0.4073171019554138	0.3553978204727173	2221
alive	0.3832927942276001	0.37958431243896484	0.38768303394317627	0.3259996771812439	7541
along	0.20698761940002441	0.21290302276611328	0.21799308061599731	0.15271681547164917	34511
alongside	0.49130767583847046	0.5457488894462585	0.480257511138916	0.4155679941177368	1833
already	0.24200809001922607	0.21481245756149292	0.25519269704818726	0.18662357330322266	32162
amateur	0.49014532566070557	0.4723484516143799	0.5319201946258545	0.4253091812133789	1579
ambitious	0.44814735651016235	0.4489733576774597	0.4706905484199524	0.4234790802001953	1597
ancient	0.3474295139312744	0.29446542263031006	0.27654415369033813	0.22859370708465576	5880
angle	0.42812448740005493	0.4421084523200989	0.40634477138519287	0.36359548568725586	5487
anonymous	0.5020936727523804	0.5473847091197968	0.5403628647327423	0.4404626488685608	1186
answer	0.284210741519928	0.26706254482269287	0.2579127550125122	0.1984013319015503	26877
anticipate	0.41690921783447266	0.48334813117980957	0.5258206725120544	0.4272657632827759	2621
anyhow	0.5694917738437653	0.5685297846794128	0.5590679049491882	0.5627337694168091	1177
anymore	0.390250563621521	0.31668293476104736	0.31220972537994385	0.2402060627937317	4997
appear	0.2208530306816101	0.2325701117515564	0.23803728818893433	0.19119107723236084	23516
appetite	0.4245762825012207	0.4167799949645996	0.3857899308204651	0.43739551305770874	1326
apple	0.4134696125984192	0.48729896545410156	0.3997175097465515	0.3630726933479309	4234
appreciation	0.4288848638534546	0.3888157606124878	0.409651517868042	0.43305546045303345	1139
appropriate	0.3956969380378723	0.38932013511657715	0.3500850200653076	0.30131930112838745	4671
approval	0.29979461431503296	0.34622591733932495	0.39100903272628784	0.29186779260635376	3409
architecture	0.46541792154312134	0.435848593711853	0.4314339756965637	0.43391770124435425	2212
arena	0.49404454231262207	0.5149278342723846	0.5189343392848969	0.4188982844352722	1444
arise	0.3442031741142273	0.36181575059890747	0.3771435022354126	0.35568755865097046	3273
arkansa	0.5724801421165466	0.5466654002666473	0.5607298612594604	0.5250890552997589	1092
assignment	0.44383323192596436	0.4299570322036743	0.44336289167404175	0.3493926525115967	2119
assist	0.39513134956359863	0.4927304983139038	0.4708666205406189	0.38249456882476807	2474
assurance	0.43382328748703003	0.40540266036987305	0.4458569288253784	0.41100311279296875	1427
athlete	0.49511075019836426	0.49126136302948	0.3856655955314636	0.3613280653953552	2273
attack	0.28555840253829956	0.2566426396369934	0.281277060508728	0.24748289585113525	14550
attribute	0.37987250089645386	0.44237303733825684	0.42159903049468994	0.3959932327270508	2240
auction	0.5085193812847137	0.3933747410774231	0.4826856851577759	0.3909658193588257	1192
award	0.40404266119003296	0.4370943307876587	0.38354891538619995	0.26752138137817383	3952
awkward	0.3936721086502075	0.4225018620491028	0.3590965270996094	0.3690774440765381	2396
back	0.2523539662361145	0.2538643479347229	0.2545676827430725	0.19053113460540771	152670
bag	0.29196667671203613	0.2747223973274231	0.25463420152664185	0.2537010908126831	11128
ball	0.38096892833709717	0.3487434387207031	0.3073757290840149	0.25630998611450195	10835
banish	0.5079128742218018	0.5357589423656464	0.83616903424263	0.7854539304971695	1187
bank	0.3539102077484131	0.27884262800216675	0.3012261986732483	0.238436758518219	19632
banner	0.3947365880012512	0.40468817949295044	0.45823758840560913	0.44700443744659424	1237
bar	0.3448079824447632	0.3995975852012634	0.3607860803604126	0.2997835874557495	13901
baseball	0.39150720834732056	0.3430555462837219	0.3104779124259949	0.29474765062332153	4688
basket	0.4085657596588135	0.4319193363189697	0.3935078978538513	0.35326510667800903	2805
bean	0.49425798654556274	0.49699145555496216	0.40039461851119995	0.3434482216835022	2877
beat	0.33232879638671875	0.3599058985710144	0.36783885955810547	0.24806296825408936	15456
become	0.2266165018081665	0.18225187063217163	0.19117045402526855	0.15732944011688232	60295
begin	0.1769949197769165	0.16608119010925293	0.20838439464569092	0.14667439460754395	70448
bell	0.47418099641799927	0.401086688041687	0.4131568670272827	0.3660743236541748	6886
belly	0.4657490849494934	0.4499462842941284	0.46807748079299927	0.39563870429992676	2202
bishop	0.4713677167892456	0.5532568991184235	0.48805558681488037	0.37837880849838257	3625
bit	0.32500016689300537	0.3495779037475586	0.2783184051513672	0.23148494958877563	16736
bite	0.4188573360443115	0.3435314893722534	0.38132864236831665	0.3214884400367737	3836
bitterly	0.48827511072158813	0.5787932574748993	0.5296315252780914	0.5470621585845947	1073
blacks	0.5414009392261505	0.3796365261077881	0.38041460514068604	0.4077686071395874	1291
blade	0.39920514822006226	0.3571130633354187	0.4219500422477722	0.3867746591567993	3398
blossom	0.4898242950439453	0.4623796343803406	0.43205004930496216	0.4123063087463379	1341
bluff	0.608128160238266	0.5939246416091919	0.5594683885574341	0.4716360569000244	1144
board	0.30061787366867065	0.33836066722869873	0.3195154070854187	0.24130851030349731	17606
boast	0.5696679055690765	0.5673667192459106	0.4999926686286926	0.3541267514228821	1794
boat	0.3013516664505005	0.30018913745880127	0.2636154890060425	0.19037693738937378	9810
boston	0.42529869079589844	0.3570523262023926	0.4018777012825012	0.3266163468360901	7143
boulevard	0.48744678497314453	0.5136015713214874	0.4592483639717102	0.37509965896606445	1089
brace	0.5223343074321747	0.5555208921432495	0.4883498549461365	0.3544332981109619	1828
brazil	0.5019921064376831	0.5059584677219391	0.40189313888549805	0.41425663232803345	1598
brian	0.732135683298111	0.6963700950145721	0.7390735149383545	0.5632827281951904	3862
brick	0.3017023205757141	0.3409380316734314	0.31731659173965454	0.28819990158081055	2797
briefcase	0.40918779373168945	0.39984405040740967	0.37811535596847534	0.3888915181159973	1094
britain	0.3471043109893799	0.32543516159057617	0.3638222813606262	0.35170745849609375	5480
brook	0.5952163636684418	0.6746321618556976	0.7226002514362335	0.632481575012207	1808
brooklyn	0.48728907108306885	0.514936089515686	0.4876173734664917	0.40054821968078613	2541
brush	0.3339496850967407	0.3730544447898865	0.3700047731399536	0.2923049330711365	6254
bucket	0.4637819528579712	0.40977394580841064	0.4309057593345642	0.39766550064086914	1842
bulk	0.4689069390296936	0.45173323154449463	0.4501432180404663	0.45877379179000854	1676
bureau	0.4322770833969116	0.40271878242492676	0.38647592067718506	0.42571383714675903	4080
buse	0.4694752097129822	0.4030921459197998	0.3830529451370239	0.3938560485839844	2069
bush	0.5674179494380951	0.5539085865020752	0.37614595890045166	0.24591124057769775	9007
businessman	0.35729116201400757	0.3674529194831848	0.39336687326431274	0.4072265028953552	2787
button	0.3929814100265503	0.38493239879608154	0.33879536390304565	0.28188860416412354	4972
buyer	0.4267578125	0.3736124038696289	0.4012557864189148	0.3969436287879944	2300
calif	0.42770540714263916	0.3704473376274109	0.42754167318344116	0.3357000946998596	2266
campaign	0.2665044069290161	0.2560011148452759	0.28170907497406006	0.22464632987976074	12854
campus	0.3733198046684265	0.433221697807312	0.4249756336212158	0.35152649879455566	2928
candle	0.3889731764793396	0.3604603409767151	0.3401604890823364	0.2744576930999756	2525
candy	0.46191537380218506	0.4965871572494507	0.47590309381484985	0.36366134881973267	2580
capability	0.381205677986145	0.39244210720062256	0.3884366750717163	0.38772469758987427	1562
capable	0.3265697956085205	0.31811386346817017	0.34072864055633545	0.30887115001678467	3510
card	0.37574899196624756	0.4098532199859619	0.36954063177108765	0.26277196407318115	9574
carol	0.6275559067726135	0.5753640830516815	0.6533415913581848	0.6179423630237579	2518
carry	0.23146647214889526	0.22821998596191406	0.2417321801185608	0.18626505136489868	27397
cas	0.3302425742149353	0.31129932403564453	0.29528242349624634	0.33737391233444214	3586
cat	0.4258992671966553	0.4599754214286804	0.4378138780593872	0.336448073387146	7645
cattle	0.3217213749885559	0.4013684391975403	0.41103851795196533	0.3752177357673645	3102
cause	0.23862093687057495	0.20859533548355103	0.17827045917510986	0.17373013496398926	19920
caution	0.527163028717041	0.4691634178161621	0.5216538608074188	0.47053730487823486	1889
ceiling	0.3629603981971741	0.30686771869659424	0.35106122493743896	0.21754556894302368	3343
cell	0.3219127058982849	0.3852485418319702	0.31345629692077637	0.2809752821922302	8133
cent	0.32820236682891846	0.3675733208656311	0.42535024881362915	0.34469032287597656	9988
chairman	0.31302183866500854	0.29512131214141846	0.290891170501709	0.23668056726455688	8656
chance	0.26559025049209595	0.23725080490112305	0.3233197331428528	0.23015719652175903	16409
chao	0.5072093904018402	0.5196151435375214	0.508271336555481	0.4333201050758362	1759
char	0.364035427570343	0.4040689468383789	0.47970473766326904	0.38933390378952026	2106
charge	0.27997756004333496	0.2500465512275696	0.29412591457366943	0.25415539741516113	16730
chemistry	0.4933258295059204	0.45340418815612793	0.45320481061935425	0.4797460436820984	1086
cherry	0.5130137205123901	0.6614353358745575	0.7260997891426086	0.4632580876350403	2120
chick	0.6256179511547089	0.580601304769516	0.7088060081005096	0.5958877205848694	1156
child	0.20719444751739502	0.22858202457427979	0.2066071629524231	0.15559542179107666	65607
chile	0.5969414412975311	0.5073993504047394	0.5286422669887543	0.4113941788673401	1197
chok	0.45542752742767334	0.41741740703582764	0.4146348834037781	0.3297807574272156	1579
chop	0.5231125056743622	0.382007896900177	0.3359060287475586	0.2727712392807007	2782
chris	0.7897956073284149	0.6487051844596863	0.7139557600021362	0.4596349596977234	2523
christ	0.3387378454208374	0.3454246520996094	0.33944177627563477	0.3408900499343872	5112
chronicle	0.5496340394020081	0.5609225928783417	0.5868608057498932	0.4223552346229553	1468
circle	0.33860480785369873	0.4003502130508423	0.4035983681678772	0.3230136036872864	8084
cit	0.4620717763900757	0.3912583589553833	0.39446818828582764	0.4520490765571594	2409
classroom	0.4276692271232605	0.43752723932266235	0.35191822052001953	0.29140400886535645	2364
clayton	0.739536851644516	0.8006211221218109	0.701251894235611	0.700701117515564	1492
clear	0.33032000064849854	0.293998658657074	0.3035246729850769	0.27241235971450806	21673
clothing	0.3605334758758545	0.3260151743888855	0.314602255821228	0.2799811363220215	3192
clutch	0.37134528160095215	0.403380811214447	0.37879055738449097	0.29062098264694214	2929
coach	0.3837583661079407	0.371374249458313	0.3220481276512146	0.27408134937286377	7797
coat	0.3242865800857544	0.2928495407104492	0.32890087366104126	0.2632368206977844	8021
coin	0.44474828243255615	0.44542157649993896	0.5007279813289642	0.382294237613678	2600
collective	0.46797311305999756	0.47975629568099976	0.4754560589790344	0.4344218373298645	2259
combine	0.5292240679264069	0.5209635496139526	0.45419949293136597	0.36357468366622925	1908
commerce	0.5252289175987244	0.4258520007133484	0.4817640781402588	0.40685874223709106	2463
compact	0.6151160597801208	0.549307107925415	0.544422060251236	0.47715842723846436	1306
comparison	0.48972898721694946	0.5378161370754242	0.4553627371788025	0.3847419023513794	2419
conclude	0.46853888034820557	0.4424322247505188	0.4005085229873657	0.36850714683532715	2368
conditions	0.41367989778518677	0.5161798596382141	0.502073734998703	0.4186555743217468	1292
confession	0.4880208373069763	0.40392470359802246	0.4650735855102539	0.4355485439300537	1492
confin	0.42621326446533203	0.41145503520965576	0.4951011538505554	0.4372599124908447	1328
confront	0.36078059673309326	0.3670150637626648	0.38143205642700195	0.37293440103530884	2724
congregation	0.4833316206932068	0.4112358093261719	0.3872540593147278	0.3767801523208618	1267
conscience	0.3770350217819214	0.45968878269195557	0.43405014276504517	0.4178246259689331	1805
consistently	0.44384151697158813	0.5207089483737946	0.5505884885787964	0.46087223291397095	1162
consult	0.4126392602920532	0.41221481561660767	0.4553847312927246	0.37333613634109497	2721
consultant	0.3840982913970947	0.39255261421203613	0.48423337936401367	0.4752258062362671	2093
contact	0.3519784212112427	0.32048797607421875	0.38410240411758423	0.28736793994903564	7379
container	0.39853906631469727	0.39576560258865356	0.3198801875114441	0.32378625869750977	1631
context	0.3447229266166687	0.4262758493423462	0.3756324052810669	0.3365306854248047	2702
contrast	0.3251463770866394	0.29380476474761963	0.3211970925331116	0.28106606006622314	4756
convict	0.32699793577194214	0.33076322078704834	0.32158541679382324	0.2765224575996399	2189
cost	0.2335718274116516	0.22963356971740723	0.19620025157928467	0.1382806897163391	20580
couch	0.3869379162788391	0.3539326786994934	0.2881184220314026	0.27863723039627075	3463
count	0.36639684438705444	0.39236724376678467	0.3569209575653076	0.25525426864624023	11185
couple	0.25612568855285645	0.28764182329177856	0.23875176906585693	0.1856812834739685	15898
creature	0.3174399137496948	0.3451751470565796	0.32309216260910034	0.30912262201309204	5554
credit	0.3756551742553711	0.4827544689178467	0.49432796239852905	0.3027385473251343	8471
crisis	0.3507198691368103	0.35202687978744507	0.33554279804229736	0.31630098819732666	5516
crop	0.27275508642196655	0.31209635734558105	0.3556898832321167	0.28765028715133667	4295
crunch	0.7267681956291199	0.6342021524906158	0.4616774320602417	0.4100067615509033	1415
cuban	0.4535794258117676	0.4976811408996582	0.4757729172706604	0.425773561000824	2404
curious	0.4401426911354065	0.388657808303833	0.3784206509590149	0.35295528173446655	3817
curtain	0.43262916803359985	0.39283841848373413	0.4055624008178711	0.3514857292175293	3594
curve	0.3707424998283386	0.32398420572280884	0.371923565864563	0.28892725706100464	4641
cute	0.4679655432701111	0.5200314521789551	0.4067494869232178	0.38425445556640625	1422
daisy	0.7299020886421204	0.6775636970996857	0.619915783405304	0.6447020173072815	2677
damned	0.5033268928527832	0.564534991979599	0.6095804274082184	0.5429264307022095	2140
dar	0.514882504940033	0.5492177605628967	0.5464495718479156	0.4427310824394226	1879
dare	0.4255163073539734	0.429688036441803	0.46033036708831787	0.33635658025741577	2414
dazzle	0.516146332025528	0.5024016201496124	0.5213539302349091	0.44792240858078003	1481
dealer	0.39789408445358276	0.35278135538101196	0.4034593105316162	0.3311547040939331	3188
decree	0.46153903007507324	0.4913800358772278	0.48259276151657104	0.46175694465637207	1065
dedicate	0.42665350437164307	0.4632694721221924	0.4312986731529236	0.33101069927215576	2015
deep	0.32056063413619995	0.3128308057785034	0.24976468086242676	0.17471039295196533	23156
defeat	0.3415479063987732	0.36436015367507935	0.3755826950073242	0.3404616713523865	3302
deliver	0.3157780170440674	0.31453627347946167	0.32428616285324097	0.3074086308479309	6512
delivery	0.43239086866378784	0.48940199613571167	0.5042977929115295	0.4170101284980774	2616
demand	0.33689165115356445	0.28416651487350464	0.27854543924331665	0.2764517068862915	11900
dependent	0.33328503370285034	0.33296340703964233	0.3890876770019531	0.3613378405570984	2026
deposit	0.4058768153190613	0.3849412202835083	0.44282442331314087	0.3323199152946472	2511
designate	0.4607998728752136	0.4564235210418701	0.4303862452507019	0.4373856782913208	1467
designer	0.47812217473983765	0.48500436544418335	0.38822317123413086	0.3585571050643921	2314
desir	0.47683608531951904	0.4707210063934326	0.4305065870285034	0.40548819303512573	1671
detail	0.3300396203994751	0.36492592096328735	0.3406779170036316	0.3266311287879944	12461
detroit	0.48189878463745117	0.4887261390686035	0.4419664740562439	0.44181758165359497	2710
diego	0.4246736168861389	0.5083644390106201	0.411109983921051	0.3696587085723877	1726
dining	0.3592309355735779	0.28697890043258667	0.2947816252708435	0.2709804177284241	2692
dirt	0.3798754811286926	0.34392309188842773	0.3331707715988159	0.2471548318862915	4000
discard	0.5441917181015015	0.5291529297828674	0.5056127607822418	0.39893412590026855	1410
disease	0.2993625998497009	0.2271215319633484	0.22445863485336304	0.1700000762939453	9218
disk	0.6147006452083588	0.61101895570755	0.42050307989120483	0.39041489362716675	1488
dismay	0.45366448163986206	0.47112786769866943	0.45109426975250244	0.46430790424346924	1253
disorder	0.4998953342437744	0.46284157037734985	0.41685569286346436	0.36604660749435425	1961
dispatch	0.5318825840950012	0.5210756957530975	0.44934582710266113	0.43571871519088745	1537
dispute	0.4064170718193054	0.35110801458358765	0.3328505754470825	0.303741455078125	3224
dissolve	0.4382740259170532	0.4574735164642334	0.4531296491622925	0.40627580881118774	2178
disturb	0.37433701753616333	0.46887677907943726	0.4526423215866089	0.3544731140136719	3867
division	0.324073851108551	0.33801406621932983	0.39914023876190186	0.3361625075340271	6737
document	0.3368260860443115	0.33305686712265015	0.30625444650650024	0.3595331907272339	4923
domain	0.5636778175830841	0.5780042111873627	0.6026841402053833	0.49028605222702026	1136
don	0.5597783923149109	0.6808757185935974	0.6561845242977142	0.5791874527931213	7490
doubt	0.2842867970466614	0.2823631763458252	0.30637621879577637	0.23344749212265015	11771
dramatic	0.40003013610839844	0.41676729917526245	0.3619426488876343	0.3506395220756531	3193
drape	0.40623223781585693	0.28762710094451904	0.3266780376434326	0.2964366674423218	1664
drew	0.8924367874860764	0.8212253302335739	0.7949617505073547	0.6693076193332672	1288
drink	0.2076084017753601	0.19306623935699463	0.19732654094696045	0.17602431774139404	21172
drug	0.3264957666397095	0.2964608073234558	0.27054905891418457	0.22442907094955444	12730
drum	0.4893173575401306	0.41177916526794434	0.45514363050460815	0.3513309359550476	2673
dutch	0.6137974560260773	0.6415729522705078	0.5815525650978088	0.4478300213813782	2293
eagle	0.5632631480693817	0.6087683141231537	0.5729443430900574	0.4942914843559265	1958
east	0.3720019459724426	0.297759473323822	0.2873713970184326	0.2524186372756958	14827
economist	0.3165827989578247	0.3192620277404785	0.31688445806503296	0.313154935836792	2983
edge	0.2752268314361572	0.2982749342918396	0.3043721318244934	0.19460409879684448	14672
effort	0.19940060377120972	0.2027759552001953	0.19501912593841553	0.14973384141921997	17592
elegant	0.41634202003479004	0.3620370626449585	0.33916205167770386	0.2784879207611084	2073
elementary	0.41210830211639404	0.4340904951095581	0.492448627948761	0.38486242294311523	1607
elephant	0.5597158670425415	0.5133914947509766	0.5334340035915375	0.5082351863384247	1710
eliminate	0.3577689528465271	0.382391095161438	0.35927748680114746	0.3392883539199829	3838
emphasize	0.4075596332550049	0.388927161693573	0.3719150424003601	0.3931933045387268	3156
encourag	0.516819417476654	0.521542489528656	0.4669078588485718	0.41987019777297974	1492
endorse	0.49057137966156006	0.3924562335014343	0.45563191175460815	0.46382230520248413	1490
enemy	0.2889772057533264	0.3509112000465393	0.32092511653900146	0.27123916149139404	8092
energy	0.371196985244751	0.3498176336288452	0.3149959444999695	0.18888086080551147	13056
entrance	0.3058652877807617	0.32379066944122314	0.30484533309936523	0.28842049837112427	4341
environmental	0.5397597551345825	0.3731399178504944	0.37204837799072266	0.28585976362228394	4562
equip	0.34565770626068115	0.3662266135215759	0.37592875957489014	0.3406134247779846	1785
equity	0.4867231249809265	0.4440755844116211	0.40268486738204956	0.3793957829475403	1210
er	0.7257516980171204	0.687587708234787	0.6697687208652496	0.5884384512901306	2703
error	0.3599494695663452	0.41750961542129517	0.4254545569419861	0.3637351989746094	3163
estimate	0.2710229158401489	0.21643126010894775	0.22603529691696167	0.1915910243988037	8535
ethnic	0.4274842143058777	0.4285539984703064	0.4209737777709961	0.3079463839530945	1954
evidently	0.6171744465827942	0.7169618010520935	0.6934399902820587	0.6785426437854767	1123
exchange	0.3283386826515198	0.3506656885147095	0.3816586136817932	0.33010339736938477	8703
excuse	0.32921284437179565	0.33109748363494873	0.33346253633499146	0.26449257135391235	4548
expansion	0.387948215007782	0.4145258665084839	0.3631686568260193	0.33674371242523193	2538
experience	0.23925161361694336	0.2537493109703064	0.20659476518630981	0.1811029314994812	19714
explanation	0.4111959934234619	0.3079144358634949	0.35689014196395874	0.29968392848968506	4281
external	0.4648381471633911	0.518406093120575	0.5386324822902679	0.46247196197509766	1687
extremely	0.3686383366584778	0.32564449310302734	0.3404804468154907	0.2969703674316406	3789
face	0.2348695993423462	0.2194899320602417	0.2474346160888672	0.21883147954940796	73899
fairy	0.5535127222537994	0.6188089847564697	0.5752497911453247	0.4735337495803833	1201
faith	0.35114115476608276	0.3175783157348633	0.41219615936279297	0.32289284467697144	6886
familiar	0.3577418327331543	0.36361056566238403	0.3522767424583435	0.2520434856414795	7178
family	0.2314974069595337	0.2417851686477661	0.2552725076675415	0.17084532976150513	45644
fanny	0.810606375336647	0.7092434167861938	0.7314969003200531	0.7087494134902954	1370
father	0.23301786184310913	0.26242291927337646	0.2106364369392395	0.14961612224578857	52925
federal	0.27449893951416016	0.3106493353843689	0.300801157951355	0.24168306589126587	18942
fever	0.4657778739929199	0.3870766758918762	0.3873283267021179	0.3572942018508911	2420
fiction	0.4756890535354614	0.41931653022766113	0.4105325937271118	0.3666180968284607	2938
fig	0.48336613178253174	0.48501670360565186	0.5528770983219147	0.5111553966999054	2415
fighter	0.444195032119751	0.43756556510925293	0.4216923117637634	0.4320638179779053	2558
flashlight	0.3617823123931885	0.438615620136261	0.4924164414405823	0.37606877088546753	1363
fleet	0.42147064208984375	0.4432525634765625	0.4901909828186035	0.4231067895889282	2598
flush	0.502172440290451	0.5223977863788605	0.47866398096084595	0.4168074131011963	2411
folk	0.38380175828933716	0.3905336856842041	0.3839836120605469	0.30153799057006836	6306
ford	0.5885831117630005	0.5500552654266357	0.5132597386837006	0.38532304763793945	7008
form	0.23099762201309204	0.22485029697418213	0.21299684047698975	0.20606470108032227	31883
forty	0.28298383951187134	0.2483794093132019	0.32077085971832275	0.22455370426177979	7798
fragment	0.48666417598724365	0.47297900915145874	0.5202725529670715	0.4456864595413208	1732
francisco	0.43494701385498047	0.4093940854072571	0.37037527561187744	0.28700047731399536	5924
frankly	0.5518157780170441	0.5724081099033356	0.5265262424945831	0.5376850962638855	1350
fresh	0.3393247723579407	0.3005143404006958	0.31784588098526	0.20236170291900635	9017
freshman	0.39595627784729004	0.4042830467224121	0.3966115117073059	0.344277560710907	1197
fur	0.5096919238567352	0.46512651443481445	0.415863037109375	0.32296955585479736	2862
gain	0.28774911165237427	0.31015074253082275	0.3441504240036011	0.284055233001709	9806
gallery	0.42130279541015625	0.47385138273239136	0.3601236939430237	0.3102525472640991	3563
garbage	0.3939734101295471	0.4606432318687439	0.4281391501426697	0.388421893119812	2316
gasoline	0.49667108058929443	0.415425181388855	0.3779834508895874	0.3656408190727234	2042
gender	0.5984847247600555	0.5362245440483093	0.48622846603393555	0.36529743671417236	1331
gene	0.5454385280609131	0.4868066906929016	0.5251957178115845	0.42237144708633423	3849
general	0.37263619899749756	0.33453381061553955	0.34926408529281616	0.30923140048980713	32084
giggle	0.4836145043373108	0.424808144569397	0.41650670766830444	0.37701183557510376	1594
give	0.23323380947113037	0.1975318193435669	0.220095694065094	0.15480244159698486	106112
gleam	0.39227330684661865	0.35519278049468994	0.3164975643157959	0.2919563055038452	2395
glitter	0.4380108118057251	0.3889908194541931	0.4223096966743469	0.3927116394042969	1611
goodbye	0.5102874338626862	0.49681413173675537	0.42525148391723633	0.43577009439468384	1701
govern	0.4472159147262573	0.4204787611961365	0.36168694496154785	0.35612380504608154	2297
gown	0.42976707220077515	0.3893800377845764	0.3329874277114868	0.32848042249679565	1647
gray	0.3182604908943176	0.29857057332992554	0.30505698919296265	0.3145069479942322	11170
guarantee	0.35578083992004395	0.31489384174346924	0.36293864250183105	0.33253544569015503	3885
guess	0.29970937967300415	0.3021429777145386	0.3555867075920105	0.2605564594268799	14014
gum	0.5475842356681824	0.591453343629837	0.5274503827095032	0.44024109840393066	1481
gym	0.4577191472053528	0.5209217965602875	0.42945557832717896	0.38288116455078125	1314
habitat	0.5428700149059296	0.3900119662284851	0.3522949814796448	0.32804417610168457	1156
harder	0.4683634638786316	0.4474993348121643	0.40828967094421387	0.31640225648880005	2002
head	0.33572185039520264	0.3052067756652832	0.3107290267944336	0.2855048179626465	68366
heate	0.5032897293567657	0.41487425565719604	0.4106181263923645	0.3933302164077759	1534
heel	0.47731202840805054	0.443966269493103	0.4105655550956726	0.3208814859390259	3689
herald	0.5938875079154968	0.5666340589523315	0.5142966508865356	0.45627492666244507	1133
herd	0.484391450881958	0.40682101249694824	0.36680251359939575	0.34764569997787476	2303
hide	0.3054731488227844	0.28728926181793213	0.28790414333343506	0.20553892850875854	10912
holder	0.5180374979972839	0.6454901397228241	0.6050549149513245	0.5128040611743927	1214
honest	0.38059401512145996	0.3842342495918274	0.376756489276886	0.3175738453865051	4432
hop	0.6144301295280457	0.6062606573104858	0.6600616276264191	0.4467715620994568	1113
hormone	0.3745272755622864	0.33245402574539185	0.336015522480011	0.29545384645462036	1122
host	0.577316164970398	0.4392111897468567	0.43316054344177246	0.29530763626098633	4001
hostage	0.6483113169670105	0.4837137460708618	0.462210476398468	0.542792558670044	2215
hugh	0.6222494840621948	0.6823442876338959	0.6278437674045563	0.6021476089954376	3124
ian	0.6587345004081726	0.6976102292537689	0.7421807944774628	0.6760903894901276	1143
ibm	0.5336366593837738	0.44758087396621704	0.37142056226730347	0.3929572105407715	1357
idaho	0.523390918970108	0.6255913078784943	0.6636260747909546	0.5079810321331024	1116
immense	0.4550948143005371	0.45269376039505005	0.4389856457710266	0.47147244215011597	1486
immune	0.5723227560520172	0.5277990698814392	0.41378408670425415	0.34314030408859253	1188
inch	0.32626873254776	0.2502667307853699	0.26592642068862915	0.194951593875885	10700
income	0.32150495052337646	0.2939566969871521	0.2819649577140808	0.22530794143676758	9342
india	0.389104425907135	0.4460563063621521	0.4694012403488159	0.36332738399505615	4155
indiana	0.42404234409332275	0.46099853515625	0.5050056874752045	0.4687093496322632	1675
indirect	0.47291988134384155	0.549609363079071	0.632487416267395	0.5365346074104309	1241
infection	0.37122786045074463	0.324010968208313	0.3468230962753296	0.25396060943603516	1949
ingredient	0.5094084739685059	0.4499664902687073	0.3955667018890381	0.29803043603897095	1912
inhabitant	0.45165371894836426	0.4615643620491028	0.4362660050392151	0.443667471408844	1129
innovation	0.5476656258106232	0.5334874391555786	0.5490579903125763	0.39679253101348877	1331
insect	0.3170962929725647	0.3616600036621094	0.34822797775268555	0.3157721757888794	2111
inspector	0.5149846374988556	0.5912550091743469	0.5778343081474304	0.4655104875564575	1694
institution	0.3177926540374756	0.2930951714515686	0.3158445954322815	0.28366589546203613	7244
instructor	0.5425696969032288	0.4868049621582031	0.4925106167793274	0.41830652952194214	1356
intend	0.3067058324813843	0.35887598991394043	0.42977041006088257	0.4225713610649109	2387
interior	0.439472496509552	0.39556312561035156	0.4139370918273926	0.34220850467681885	3756
interpretation	0.3956987261772156	0.41955864429473877	0.48540598154067993	0.3848852515220642	2516
intervention	0.35998618602752686	0.426242470741272	0.4032502770423889	0.4311324954032898	1855
inward	0.519955039024353	0.49993646144866943	0.47038865089416504	0.5137587785720825	1074
israeli	0.364707350730896	0.2711423635482788	0.28546595573425293	0.3030826449394226	5781
january	0.34451085329055786	0.29661989212036133	0.2651883363723755	0.2124919295310974	5039
jessica	0.8225770592689514	0.7434213757514954	0.7732149362564087	0.6822308003902435	1257
jet	0.3575716018676758	0.37760281562805176	0.4467965364456177	0.3626461625099182	3675
joel	0.6687158644199371	0.7466980516910553	0.7576299607753754	0.6562627851963043	1719
joseph	0.5220724046230316	0.5634104311466217	0.369026243686676	0.43178462982177734	4622
josh	0.6551844477653503	0.7293683886528015	0.7429327070713043	0.6193098425865173	1374
judgment	0.35566359758377075	0.29600071907043457	0.3487545847892761	0.35899120569229126	4357
justice	0.41139429807662964	0.39063870906829834	0.36743396520614624	0.3056238889694214	8806
killing	0.4090375304222107	0.41042959690093994	0.4583534598350525	0.41005682945251465	1412
kin	0.5565101802349091	0.5862940847873688	0.5732421875	0.5492819845676422	1217
knowledge	0.2713739275932312	0.24243205785751343	0.2843354344367981	0.2706037163734436	9534
lace	0.4862605929374695	0.46442079544067383	0.4217490553855896	0.4093332290649414	2011
land	0.25163865089416504	0.2745221257209778	0.3135356903076172	0.2172161340713501	25616
landscape	0.41611891984939575	0.3439466953277588	0.2524968385696411	0.2494400143623352	3279
lane	0.4951196312904358	0.46822017431259155	0.3859018087387085	0.33697444200515747	2996
late	0.2458210587501526	0.218830406665802	0.21224766969680786	0.17009872198104858	66509
laughter	0.34876006841659546	0.3358966112136841	0.32161837816238403	0.25448304414749146	3941
law	0.2543513774871826	0.28308868408203125	0.3025738000869751	0.21377676725387573	27962
lead	0.17594975233078003	0.233140766620636	0.22317934036254883	0.17588353157043457	36852
leaf	0.35347050428390503	0.3182433247566223	0.29912394285202026	0.2581549286842346	7987
learn	0.23881125450134277	0.2300679087638855	0.23164111375808716	0.18117845058441162	26618
least	0.4262034296989441	0.48489969968795776	0.5057855248451233	0.43559134006500244	2034
legislator	0.4517364501953125	0.4420090913772583	0.4223940372467041	0.3672764301300049	1319
lend	0.49435508251190186	0.4583497643470764	0.4688018560409546	0.45146501064300537	2236
lens	0.4164985418319702	0.4566185474395752	0.4248034954071045	0.3348585367202759	1610
liberal	0.34337007999420166	0.3216592073440552	0.3926389217376709	0.36036431789398193	5859
license	0.39228343963623047	0.3458027243614197	0.4337044954299927	0.32385486364364624	3964
lift	0.2851705551147461	0.31537872552871704	0.3108466863632202	0.2624458074569702	10881
link	0.3445615768432617	0.34151506423950195	0.3573927879333496	0.22871631383895874	6365
lip	0.27391332387924194	0.2660931944847107	0.2980172038078308	0.2119198441505432	10664
literary	0.43339693546295166	0.4685121774673462	0.4906492829322815	0.38962143659591675	2537
littunle	0.5742481052875519	0.5278359651565552	0.5555216073989868	0.5733979344367981	1538
lloyd	0.6903182566165924	0.644415557384491	0.7137628197669983	0.6189614236354828	1431
lon	0.7190130054950714	0.5931244790554047	0.44498324394226074	0.4608141779899597	1172
lot	0.28185540437698364	0.2704343795776367	0.21812963485717773	0.17073792219161987	32890
lounge	0.44225043058395386	0.42084407806396484	0.46837806701660156	0.3877677321434021	1690
lovely	0.3838883638381958	0.3308614492416382	0.34440386295318604	0.31300675868988037	3785
lower	0.532231330871582	0.4695778489112854	0.4312203526496887	0.34167957305908203	1825
mac	0.7361262440681458	0.7156950533390045	0.6963309645652771	0.5185477137565613	1687
madison	0.6196165084838867	0.5699066519737244	0.6652631163597107	0.5342335402965546	1984
madness	0.5750508308410645	0.5796484649181366	0.5809353590011597	0.6022087931632996	1094
maid	0.463137149810791	0.4273432493209839	0.4575701355934143	0.3949384093284607	1976
majesty	0.5381742417812347	0.5290342271327972	0.5172547399997711	0.41335999965667725	1179
man	0.2036188244819641	0.2312142252922058	0.18459582328796387	0.14404237270355225	175403
manufactur	0.4114179015159607	0.43318265676498413	0.3803006410598755	0.42141830921173096	1963
manufacture	0.4016309976577759	0.4163793921470642	0.4218530058860779	0.3708077669143677	1641
marshall	0.6604290008544922	0.6474826037883759	0.5612029731273651	0.5364826321601868	1932
max	0.6829550266265869	0.6967075765132904	0.7601629495620728	0.6263587474822998	3884
maybe	0.3241448402404785	0.30163025856018066	0.24487686157226562	0.195176362991333	31543
means	0.272502064704895	0.3135693669319153	0.32629716396331787	0.29868775606155396	9358
meeting	0.3263298273086548	0.31701838970184326	0.3058645725250244	0.2765405774116516	3642
mere	0.32949399948120117	0.3403692841529846	0.3123815059661865	0.2757759094238281	11018
merger	0.4329657554626465	0.4487265348434448	0.44785863161087036	0.4169631004333496	1081
mg	0.6666021943092346	0.58696448802948	0.5042405426502228	0.30107802152633667	1425
miller	0.6199516952037811	0.5433816909790039	0.5296749174594879	0.636288970708847	3149
mirror	0.34015440940856934	0.38194799423217773	0.38207530975341797	0.33450329303741455	7180
misery	0.42084163427352905	0.43192756175994873	0.44691723585128784	0.43312716484069824	1384
mode	0.49865734577178955	0.5254026055335999	0.46578681468963623	0.4509318470954895	3283
monday	0.3094785809516907	0.3574901223182678	0.28848952054977417	0.280131995677948	4774
month	0.20200496912002563	0.20371639728546143	0.1942327618598938	0.1864933967590332	40062
mood	0.385336697101593	0.4092419147491455	0.4369038939476013	0.3375049829483032	4694
morning	0.2662900686264038	0.22948873043060303	0.2130313515663147	0.16744935512542725	28589
mortal	0.5062295794487	0.5585294961929321	0.45836639404296875	0.5058641135692596	1365
motor	0.3963313102722168	0.37170207500457764	0.454417884349823	0.3492817282676697	4042
movement	0.2628929615020752	0.2545294165611267	0.2823967933654785	0.2225048542022705	11843
movie	0.29352670907974243	0.2441486120223999	0.20518946647644043	0.14545035362243652	13105
municipal	0.4765990972518921	0.41131407022476196	0.5311315059661865	0.4965953826904297	1470
mushroom	0.5758199095726013	0.4640599489212036	0.4344446063041687	0.4168834686279297	1416
music	0.2635156512260437	0.2701603174209595	0.21734505891799927	0.18745189905166626	17400
muslim	0.6024353206157684	0.49585962295532227	0.46887362003326416	0.39502012729644775	1628
must	0.205267071723938	0.23038125038146973	0.20496541261672974	0.16213905811309814	60488
narrow	0.329312801361084	0.2983419895172119	0.3180105686187744	0.24681812524795532	8202
nasty	0.5364515483379364	0.5012112557888031	0.5023850202560425	0.47171998023986816	1564
nearly	0.3064536452293396	0.2769450545310974	0.31255149841308594	0.211167573928833	16050
necessary	0.24492013454437256	0.25621771812438965	0.2963387370109558	0.29864972829818726	10555
needle	0.5500790178775787	0.42971867322921753	0.5104528367519379	0.4290452003479004	2411
negro	0.4158339500427246	0.6103411614894867	0.5635774731636047	0.4805580973625183	4629
neighborhood	0.3459428548812866	0.2990645170211792	0.2837291955947876	0.23015695810317993	5894
neill	0.62124964594841	0.6136751174926758	0.6976872086524963	0.6483514606952667	1272
neither	0.4594457149505615	0.4437140226364136	0.4629441499710083	0.40172797441482544	10641
net	0.5240789353847504	0.4794154167175293	0.4311423897743225	0.3344646692276001	4293
neutral	0.5567975640296936	0.5427232980728149	0.5560223162174225	0.5427730083465576	1433
night	0.2505418658256531	0.29284024238586426	0.22754830121994019	0.1913800835609436	58202
non	0.4856048822402954	0.5106187462806702	0.4968337416648865	0.3949373960494995	5706
norm	0.6258258521556854	0.48943859338760376	0.46550095081329346	0.5097693502902985	1161
northeast	0.4834056496620178	0.43781977891921997	0.515310138463974	0.4945228099822998	1270
note	0.3038991093635559	0.2801836133003235	0.3575800061225891	0.31811320781707764	18388
novel	0.31136560440063477	0.3101772665977478	0.30893421173095703	0.2800787091255188	5650
nurse	0.37612032890319824	0.3781558871269226	0.3371869921684265	0.2661592364311218	8122
nut	0.4744846820831299	0.5919241607189178	0.4960009455680847	0.41799867153167725	2635
obligation	0.4166771173477173	0.3502351641654968	0.35099369287490845	0.3466659188270569	2253
oblige	0.4756849408149719	0.632361650466919	0.5431762039661407	0.5213070511817932	1486
obstacle	0.48916465044021606	0.4056473970413208	0.44818413257598877	0.3684980273246765	1518
officially	0.4572305679321289	0.4617707133293152	0.5063039362430573	0.5067156553268433	1427
oh	0.27216529846191406	0.273701548576355	0.28638339042663574	0.22174537181854248	29806
one	0.18207955360412598	0.18099945783615112	0.19381111860275269	0.13691091537475586	326088
onion	0.40818387269973755	0.3497543931007385	0.2638932466506958	0.2858554720878601	2071
opposition	0.31287163496017456	0.3367645740509033	0.38549816608428955	0.38458240032196045	5006
orange	0.39726173877716064	0.37979739904403687	0.3527370095252991	0.293786883354187	5345
organism	0.4303167462348938	0.42934203147888184	0.38632458448410034	0.31877076625823975	1304
organization	0.31295526027679443	0.29861271381378174	0.2642199397087097	0.20170623064041138	10462
organize	0.3047255277633667	0.34103816747665405	0.30187541246414185	0.2993709444999695	6325
oscar	0.6176533102989197	0.6752524971961975	0.6599599719047546	0.5005414485931396	1682
ounce	0.3742114305496216	0.3619595766067505	0.332991361618042	0.2689889669418335	1862
outfit	0.5126855373382568	0.42318397760391235	0.4032585024833679	0.3634178638458252	1965
outline	0.45613211393356323	0.38656628131866455	0.41555655002593994	0.39386647939682007	1709
outside	0.2553864121437073	0.25296705961227417	0.2794841527938843	0.19507580995559692	22347
oxford	0.4325641393661499	0.46322202682495117	0.5032512247562408	0.46878111362457275	1362
oxygen	0.3954370617866516	0.44396328926086426	0.45354145765304565	0.37558311223983765	1641
pact	0.4904783368110657	0.4000365138053894	0.5060582756996155	0.40546172857284546	1065
palace	0.43480348587036133	0.4132730960845947	0.3846990466117859	0.34844714403152466	3510
parent	0.2774181365966797	0.2891051769256592	0.2705667018890381	0.16650539636611938	19111
part	0.26335710287094116	0.24058818817138672	0.23601627349853516	0.1747037172317505	52770
participate	0.3611757755279541	0.35117989778518677	0.2908114790916443	0.27230340242385864	2547
participation	0.4680267572402954	0.42458611726760864	0.40525490045547485	0.34655219316482544	2046
partly	0.5409308969974518	0.5256841480731964	0.5910297334194183	0.4452162981033325	2612
patent	0.5858176648616791	0.5493091642856598	0.4879712462425232	0.4652407169342041	1699
patience	0.44773441553115845	0.6345676183700562	0.553008496761322	0.5657645463943481	2655
patricia	0.5419804751873016	0.6426584422588348	0.6332776844501495	0.5210313200950623	1270
pay	0.21344798803329468	0.18970167636871338	0.18959754705429077	0.17475628852844238	33833
peaceful	0.45260608196258545	0.40497660636901855	0.3624558448791504	0.35722166299819946	1946
pen	0.5633821785449982	0.5755001604557037	0.4936671853065491	0.3594823479652405	3538
penetrate	0.4133196473121643	0.39808398485183716	0.3841603398323059	0.33707624673843384	1296
pension	0.4090920686721802	0.3411746025085449	0.3837360143661499	0.32841676473617554	1720
pepper	0.6070099472999573	0.5096014142036438	0.3776789903640747	0.2579996585845947	3020
performer	0.4844324588775635	0.441028892993927	0.522828221321106	0.47364282608032227	1247
phone	0.2902644872665405	0.2685595750808716	0.265602707862854	0.18037784099578857	16238
photographer	0.49136650562286377	0.47108131647109985	0.46196281909942627	0.3773919939994812	2129
pill	0.38120174407958984	0.3834283947944641	0.36942780017852783	0.2946966290473938	2649
pillow	0.3426710367202759	0.3702865242958069	0.3750408887863159	0.30142682790756226	2631
pin	0.5484389066696167	0.5171782672405243	0.4344218373298645	0.44612807035446167	3603
plane	0.3181682229042053	0.28300392627716064	0.2679618000984192	0.2501053214073181	10293
plantation	0.4421923756599426	0.4721248149871826	0.4658944010734558	0.42147761583328247	1137
platform	0.38394421339035034	0.38150733709335327	0.43184226751327515	0.40458178520202637	3401
player	0.2876824140548706	0.29845523834228516	0.26554030179977417	0.20585817098617554	11346
pleasant	0.3478316068649292	0.3326762318611145	0.3552297353744507	0.4020523428916931	3075
plow	0.4603595733642578	0.48252201080322266	0.47380900382995605	0.4687920808792114	1237
plug	0.49337369203567505	0.5293344557285309	0.48076558113098145	0.44659823179244995	1442
pocket	0.25349682569503784	0.2545362114906311	0.25435352325439453	0.2096354365348816	9303
pointed	0.48310768604278564	0.5177513957023621	0.4690122604370117	0.438281774520874	1097
polite	0.325339674949646	0.3578926920890808	0.40216487646102905	0.34576570987701416	2832
political	0.2556719183921814	0.2313501238822937	0.24499887228012085	0.18900030851364136	27284
positive	0.4405707120895386	0.4557896852493286	0.4360734224319458	0.3106498718261719	5040
possession	0.41070467233657837	0.4110977053642273	0.38243329524993896	0.35701823234558105	2055
pre	0.580976128578186	0.5526813566684723	0.5795163512229919	0.49193090200424194	3477
premium	0.4713618755340576	0.45814961194992065	0.4658626914024353	0.3557590842247009	1119
preparation	0.4425467252731323	0.46650105714797974	0.3786941170692444	0.3512280583381653	2592
prestige	0.39775991439819336	0.4795187711715698	0.5893564522266388	0.5182832181453705	1096
prive	0.3599315881729126	0.3735882043838501	0.32741278409957886	0.27640360593795776	4714
prize	0.3925734758377075	0.4047114849090576	0.4391685128211975	0.31756216287612915	3461
produce	0.22984063625335693	0.23681223392486572	0.19468742609024048	0.17760950326919556	18579
productive	0.4496809244155884	0.3811441659927368	0.41503214836120605	0.3624534010887146	1446
profile	0.4951813817024231	0.48606574535369873	0.49376440048217773	0.4009031057357788	2062
profound	0.4793362617492676	0.3887762427330017	0.38427668809890747	0.3722219467163086	1841
program	0.26214247941970825	0.2120543122291565	0.23941749334335327	0.1730547547340393	27290
progress	0.33632636070251465	0.3870198726654053	0.38449347019195557	0.302140474319458	6295
progressive	0.4624711871147156	0.5582030713558197	0.5706631541252136	0.43762481212615967	1747
promotion	0.5294537544250488	0.5142132341861725	0.5041094720363617	0.4784979224205017	1690
puff	0.44659024477005005	0.4467809796333313	0.4856172204017639	0.45974087715148926	1798
pump	0.37348002195358276	0.4232015013694763	0.40573036670684814	0.3052019476890564	3754
quarterback	0.4253934621810913	0.43632304668426514	0.33885329961776733	0.2844824194908142	1464
questions	0.36982202529907227	0.3876405954360962	0.3869935870170593	0.2694584131240845	3227
quick	0.35414808988571167	0.3528902530670166	0.35798585414886475	0.24591869115829468	8636
quickly	0.25647497177124023	0.29054921865463257	0.26096004247665405	0.20710474252700806	15469
quilt	0.5442878901958466	0.5149134993553162	0.39297938346862793	0.37506937980651855	1150
quote	0.3304075598716736	0.39144372940063477	0.3470866084098816	0.3666577935218811	3470
rabbit	0.5319193601608276	0.5787334442138672	0.48323488235473633	0.4476073980331421	2362
rack	0.49554765224456787	0.513464093208313	0.4764798879623413	0.33149850368499756	1597
radiation	0.3830178380012512	0.39724886417388916	0.3886972665786743	0.33584147691726685	2279
rag	0.5196478962898254	0.4868474006652832	0.5272183418273926	0.40542352199554443	1887
raise	0.2933831214904785	0.26759177446365356	0.29692935943603516	0.23473143577575684	23167
ranger	0.6890641748905182	0.631700873374939	0.6294113099575043	0.5435489416122437	1203
reaction	0.4066812992095947	0.3999333381652832	0.32880735397338867	0.274749219417572	5777
realize	0.23398083448410034	0.21918076276779175	0.2262750267982483	0.17535489797592163	16891
reckon	0.525092214345932	0.5121820867061615	0.48142683506011963	0.5403726994991302	1477
record	0.2844622731208801	0.22078239917755127	0.21517127752304077	0.17939960956573486	19597
recover	0.3617863059043884	0.3657519221305847	0.3581499457359314	0.34092921018600464	3547
refuse	0.2354212999343872	0.231417715549469	0.25755876302719116	0.25251346826553345	10241
regime	0.36407893896102905	0.32327383756637573	0.3977928161621094	0.33213114738464355	3391
register	0.43980175256729126	0.48378682136535645	0.44795769453048706	0.4334794282913208	3425
regulation	0.42803674936294556	0.3379638195037842	0.40172672271728516	0.37185388803482056	3516
relationship	0.23383992910385132	0.2392716407775879	0.24032914638519287	0.19996505975723267	10552
relative	0.3983517289161682	0.32430797815322876	0.3285284638404846	0.31605249643325806	8129
relatively	0.37450891733169556	0.40995264053344727	0.37662023305892944	0.3442299962043762	2253
reliable	0.3936106562614441	0.4346054792404175	0.3328607678413391	0.3645963668823242	1680
rep	0.44396454095840454	0.4449068307876587	0.5495513081550598	0.456659197807312	1886
replacement	0.553195595741272	0.5584152042865753	0.5145906805992126	0.46449536085128784	1508
residence	0.4397903084754944	0.44968849420547485	0.4471660852432251	0.415116548538208	1670
resident	0.39204877614974976	0.38476037979125977	0.30633288621902466	0.2652672529220581	5129
resort	0.4609394669532776	0.39325082302093506	0.4367837905883789	0.3066282868385315	2923
response	0.30774885416030884	0.3443973660469055	0.286001980304718	0.24331271648406982	9360
restrain	0.4312586188316345	0.5025177896022797	0.5571282207965851	0.4624010920524597	1349
revelation	0.4932563304901123	0.5134852528572083	0.42664122581481934	0.3969581723213196	1526
reverse	0.4562187194824219	0.4357263445854187	0.3822348713874817	0.45082753896713257	3154
review	0.38086074590682983	0.3653144836425781	0.3561335802078247	0.33742618560791016	6835
risk	0.3966611623764038	0.3163827657699585	0.2816680073738098	0.23955965042114258	10122
roar	0.4055396318435669	0.3626037836074829	0.3167318105697632	0.28447866439819336	3831
rockefeller	0.5090686082839966	0.5684755444526672	0.5247232019901276	0.5294649302959442	2189
rocky	0.45922714471817017	0.5471566617488861	0.4372701644897461	0.3448423147201538	2263
romance	0.5683783292770386	0.4556691646575928	0.4472113251686096	0.43108636140823364	1693
ron	0.6879165768623352	0.6618297398090363	0.6299054026603699	0.539680153131485	1252
row	0.3986186385154724	0.4143866300582886	0.407168447971344	0.325897753238678	6694
russian	0.3106728196144104	0.3706251382827759	0.37769508361816406	0.32208067178726196	9027
sacred	0.4677619934082031	0.4688582420349121	0.48934346437454224	0.41274601221084595	1349
sam	0.5741505920886993	0.6853435039520264	0.6543164551258087	0.5648294687271118	6742
sandwich	0.3414997458457947	0.369856059551239	0.35958266258239746	0.29837238788604736	2618
sauce	0.33163899183273315	0.29670119285583496	0.3288496136665344	0.26091593503952026	3197
savage	0.5767999589443207	0.6063970923423767	0.6223419308662415	0.5404609739780426	1725
scatter	0.37842029333114624	0.42080193758010864	0.3571145534515381	0.32009315490722656	3170
scene	0.3797861933708191	0.34917062520980835	0.36048877239227295	0.3276950716972351	14109
scheme	0.5654030740261078	0.4321408271789551	0.4659661650657654	0.40311264991760254	2820
scrape	0.4553874731063843	0.38826268911361694	0.4073113799095154	0.38475847244262695	1283
screame	0.39993560314178467	0.3821339011192322	0.32728129625320435	0.3285675644874573	2279
screen	0.3550494313240051	0.33933931589126587	0.355384886264801	0.2978608012199402	8460
sculpture	0.4265742897987366	0.4607059955596924	0.40155547857284546	0.3230254650115967	1865
se	0.3864569067955017	0.37546467781066895	0.42401498556137085	0.2606576085090637	4533
sea	0.25180619955062866	0.2451818585395813	0.23619478940963745	0.24395650625228882	13931
seat	0.2891072630882263	0.3048854470252991	0.35059207677841187	0.24058425426483154	15676
sec	0.6157867908477783	0.6194320917129517	0.6073559522628784	0.5197646915912628	1324
secret	0.35863685607910156	0.31912660598754883	0.31641966104507446	0.278866708278656	12067
sector	0.42884254455566406	0.4315061569213867	0.4361669421195984	0.34329402446746826	2547
seed	0.4767531752586365	0.49139368534088135	0.47538214921951294	0.34544122219085693	2538
seem	0.19503217935562134	0.2020135521888733	0.20748698711395264	0.16456860303878784	71448
select	0.38798433542251587	0.34304964542388916	0.38192635774612427	0.3614963889122009	5225
senator	0.27432942390441895	0.312006413936615	0.35113441944122314	0.2721545100212097	9908
sense	0.2796146869659424	0.2708163261413574	0.25550150871276855	0.17701447010040283	25762
september	0.3727233409881592	0.311148464679718	0.27921539545059204	0.3131653070449829	5205
sequence	0.4723842740058899	0.47350072860717773	0.4178544282913208	0.4440063238143921	2661
seventeen	0.47033464908599854	0.4302857518196106	0.3770366907119751	0.3722752332687378	2127
seventy	0.38953864574432373	0.4104210138320923	0.42517250776290894	0.3538299798965454	2985
shadow	0.37712371349334717	0.3424808979034424	0.33932173252105713	0.28421491384506226	8641
share	0.30066800117492676	0.2976379990577698	0.2810969352722168	0.23474377393722534	19750
shelf	0.38415032625198364	0.3266655206680298	0.3303740620613098	0.3459584712982178	3261
shop	0.3276856541633606	0.2943674921989441	0.2957819700241089	0.20697122812271118	11670
shorter	0.5008144676685333	0.49869513511657715	0.5265911817550659	0.42544859647750854	1677
shot	0.4080372452735901	0.3656727075576782	0.31858134269714355	0.2356550097465515	12362
si	0.5737417936325073	0.6360563039779663	0.6038106977939606	0.45284390449523926	1075
signal	0.3665814995765686	0.35129934549331665	0.34636974334716797	0.3445427417755127	5811
single	0.22795778512954712	0.27248114347457886	0.29007595777511597	0.2151036262512207	16486
sketch	0.47963863611221313	0.5813005864620209	0.45389485359191895	0.4189073443412781	1962
ski	0.4489338994026184	0.39971399307250977	0.4357200264930725	0.36825764179229736	3277
skull	0.4353867769241333	0.44734030961990356	0.3800433278083801	0.3884706497192383	2348
sleep	0.24643993377685547	0.2616935968399048	0.24696427583694458	0.20842444896697998	22150
smith	0.534428060054779	0.6307096779346466	0.6005906164646149	0.5177189111709595	8383
snake	0.49820375442504883	0.5798072218894958	0.4842820167541504	0.36203646659851074	3514
snap	0.43454909324645996	0.44289880990982056	0.3575817346572876	0.3076857328414917	5199
sock	0.4209231734275818	0.34851449728012085	0.37925440073013306	0.34634166955947876	2126
soldier	0.26039934158325195	0.29059898853302	0.2727726101875305	0.22142630815505981	8913
solely	0.47711503505706787	0.4497460722923279	0.47802937030792236	0.4673064351081848	1131
solution	0.35765397548675537	0.39847713708877563	0.350521445274353	0.29185760021209717	5466
someday	0.4837186336517334	0.4655289649963379	0.4440486431121826	0.327236533164978	1882
sore	0.4872475862503052	0.4407564401626587	0.37966471910476685	0.3432411551475525	1818
sotch	0.35878700017929077	0.40015989542007446	0.317224383354187	0.33061808347702026	4619
sphere	0.4608975052833557	0.46805471181869507	0.49480485916137695	0.43921947479248047	1370
spin	0.4143468737602234	0.40391403436660767	0.4214070439338684	0.31011253595352173	4349
spine	0.5161409378051758	0.4370576739311218	0.39507853984832764	0.34570062160491943	1507
stab	0.422995924949646	0.4006997346878052	0.4165843725204468	0.3587568998336792	1586
staircase	0.3593791127204895	0.412705659866333	0.3953703045845032	0.3418256640434265	1124
stake	0.4236450791358948	0.4501321315765381	0.4117227792739868	0.30871570110321045	2927
start	0.23510223627090454	0.20307588577270508	0.19606250524520874	0.15902304649353027	52987
starts	0.5451880693435669	0.5444093346595764	0.5510772466659546	0.48985767364501953	1152
stomach	0.40557312965393066	0.36491745710372925	0.3405008316040039	0.25998884439468384	4942
storm	0.42082130908966064	0.4075709581375122	0.3254826068878174	0.2699670195579529	5761
stove	0.34690719842910767	0.34083378314971924	0.3292886018753052	0.298775315284729	2250
strategy	0.3611481189727783	0.34555524587631226	0.26884496212005615	0.2313936948776245	5682
street	0.20866966247558594	0.21957182884216309	0.27395689487457275	0.1815817952156067	35517
stroke	0.458179235458374	0.38075780868530273	0.4642937183380127	0.3658023476600647	2665
strong	0.25743943452835083	0.24627786874771118	0.2643309235572815	0.2129804491996765	18476
structure	0.3215176463127136	0.29708629846572876	0.2414015531539917	0.2381138801574707	9341
stupid	0.3942455053329468	0.342166006565094	0.3641548156738281	0.2721000909805298	4755
subsequently	0.5411141812801361	0.5928643345832825	0.5972789525985718	0.5226689577102661	1061
substance	0.4267035722732544	0.4188750386238098	0.39316296577453613	0.44579005241394043	3141
succession	0.46304261684417725	0.5217916667461395	0.5813059210777283	0.4820389151573181	1251
suffer	0.2399904727935791	0.25194764137268066	0.26894646883010864	0.19947338104248047	9119
sugar	0.4644266366958618	0.4769347310066223	0.4449980854988098	0.31796956062316895	5872
surprise	0.28254520893096924	0.23906272649765015	0.275291383266449	0.2379082441329956	17950
susan	0.7093776762485504	0.7089318037033081	0.6167199015617371	0.4572545886039734	4185
sw	0.45344269275665283	0.41710883378982544	0.49970418214797974	0.4507984519004822	1761
swarm	0.4499077796936035	0.4962198734283447	0.4414292573928833	0.4316636919975281	1349
swim	0.3864668607711792	0.34836864471435547	0.36453568935394287	0.30651891231536865	2011
swirl	0.39397990703582764	0.44431811571121216	0.4251095652580261	0.323403000831604	1469
sword	0.43155819177627563	0.34719955921173096	0.3615431785583496	0.3629379868507385	3007
sympathetic	0.5154637396335602	0.5001610219478607	0.5019844770431519	0.49498677253723145	1366
tactics	0.45953166484832764	0.4746167063713074	0.47443002462387085	0.3678469657897949	1461
tangle	0.3932093381881714	0.44258010387420654	0.40016138553619385	0.34705281257629395	1493
tease	0.4769360423088074	0.46502357721328735	0.44667935371398926	0.4149230718612671	1786
technique	0.32167041301727295	0.3385143280029297	0.31330883502960205	0.26920008659362793	5158
temperature	0.30993276834487915	0.26616281270980835	0.2506391406059265	0.1652979850769043	4819
temporary	0.5299575626850128	0.426845908164978	0.4987162947654724	0.43049556016921997	2373
ten	0.23124587535858154	0.23017215728759766	0.23490720987319946	0.16864138841629028	20151
territory	0.3743358254432678	0.351900577545166	0.32589083909988403	0.33101093769073486	3610
terrorism	0.5387275815010071	0.4620389938354492	0.45463407039642334	0.3418840169906616	1137
tes	0.4758681654930115	0.44320857524871826	0.41206347942352295	0.37150949239730835	2175
test	0.37317705154418945	0.2972085475921631	0.3081778883934021	0.24553132057189941	15728
than	0.28946685791015625	0.26979196071624756	0.23524260520935059	0.13752388954162598	152709
therefore	0.2864561676979065	0.3011990785598755	0.34164631366729736	0.286180317401886	7866
thigh	0.36227142810821533	0.34809231758117676	0.3502371311187744	0.25253552198410034	2539
tho	0.7362974584102631	0.6322828531265259	0.5835558176040649	0.5282436609268188	2289
thou	0.4786791205406189	0.5396219789981842	0.5421538949012756	0.4318705201148987	1486
thump	0.5015495717525482	0.45819777250289917	0.4971884489059448	0.38893139362335205	1244
tilt	0.4754486083984375	0.48661255836486816	0.4526185989379883	0.35845082998275757	1933
tip	0.44190382957458496	0.3881145119667053	0.5292009115219116	0.3827992081642151	6239
title	0.40643030405044556	0.3536027669906616	0.31139737367630005	0.2995603084564209	6606
tongue	0.3527689576148987	0.3674182891845703	0.34787654876708984	0.23178869485855103	5457
tonight	0.2962733507156372	0.36401844024658203	0.3249013423919678	0.29961878061294556	7899
torture	0.5270815491676331	0.4448775053024292	0.48176151514053345	0.4014456272125244	1742
touch	0.29043376445770264	0.2824322581291199	0.27284353971481323	0.2399907112121582	19956
tournament	0.48798322677612305	0.45597726106643677	0.4550090432167053	0.32405585050582886	2147
town	0.31158727407455444	0.24682360887527466	0.23217999935150146	0.17384833097457886	23517
toy	0.557930588722229	0.5095944404602051	0.41096144914627075	0.3222588896751404	3599
traditionally	0.48723602294921875	0.39763975143432617	0.4538058638572693	0.4093135595321655	1302
traffic	0.3379649519920349	0.31209808588027954	0.3456597924232483	0.24130845069885254	6127
trailer	0.4598904252052307	0.473095178604126	0.44204771518707275	0.3859404921531677	1746
transaction	0.39611929655075073	0.41439467668533325	0.4102395176887512	0.34759557247161865	1438
transit	0.49609798192977905	0.5647363066673279	0.4836370348930359	0.47520768642425537	1807
trap	0.38041365146636963	0.4327545166015625	0.46395784616470337	0.38369256258010864	4274
treasure	0.46512794494628906	0.41876471042633057	0.41880738735198975	0.3895375728607178	2098
tree	0.2132565975189209	0.2423420548439026	0.22728729248046875	0.1740303635597229	21035
trend	0.43917912244796753	0.3477066159248352	0.29538047313690186	0.275255024433136	3533
triumph	0.480951726436615	0.374136745929718	0.4497694969177246	0.38338613510131836	2517
trout	0.5660013258457184	0.5050546824932098	0.5143030285835266	0.443695068359375	1369
truly	0.4458070993423462	0.4778597354888916	0.44540226459503174	0.3400331735610962	5008
tuck	0.4280681014060974	0.4973703622817993	0.43615448474884033	0.3627564311027527	2407
twist	0.42940980195999146	0.3913062810897827	0.36929404735565186	0.2704308032989502	4854
uncertainty	0.48833799362182617	0.4684518575668335	0.4615868926048279	0.44028323888778687	1622
unconscious	0.546349287033081	0.49217408895492554	0.5108910202980042	0.45635277032852173	1615
underground	0.46369123458862305	0.47288423776626587	0.44068336486816406	0.455517053604126	2232
uniform	0.37132728099823	0.35331106185913086	0.3547019362449646	0.32957273721694946	3714
universal	0.50461745262146	0.4123067855834961	0.478900671005249	0.416157603263855	2870
unpleasant	0.4538898468017578	0.5172900557518005	0.48338431119918823	0.4513791799545288	1317
upward	0.348000168800354	0.42318564653396606	0.4064713716506958	0.3509552478790283	2477
user	0.4882216453552246	0.49478471279144287	0.4297519326210022	0.30969488620758057	2470
val	0.7331337332725525	0.798414871096611	0.7383109033107758	0.7161818444728851	1112
veto	0.38225609064102173	0.44217246770858765	0.47829514741897583	0.4149428606033325	1101
viet	0.4008130431175232	0.5482970178127289	0.5094548463821411	0.5126077830791473	2288
village	0.39197206497192383	0.36652207374572754	0.36953604221343994	0.28162896633148193	9039
virtual	0.6150013506412506	0.5206483006477356	0.7075416147708893	0.457996129989624	1137
virtually	0.429348349571228	0.339063823223114	0.3813120126724243	0.34270089864730835	4117
virus	0.45378512144088745	0.47390425205230713	0.43553078174591064	0.3675459027290344	1672
visitor	0.38323265314102173	0.39536452293395996	0.4010518193244934	0.31491005420684814	4759
vow	0.44498515129089355	0.44721776247024536	0.3961614966392517	0.32010775804519653	1763
waist	0.37754637002944946	0.2929500341415405	0.31140416860580444	0.2731913924217224	2873
waitress	0.41291630268096924	0.43388932943344116	0.41005122661590576	0.33696794509887695	1364
wall	0.266889750957489	0.3000640273094177	0.29638564586639404	0.1971505880355835	28420
warehouse	0.4738538861274719	0.47177839279174805	0.4349430799484253	0.38844025135040283	1449
warn	0.33278465270996094	0.3009057641029358	0.28228121995925903	0.2790359854698181	6908
wayne	0.6601398289203644	0.526291012763977	0.6003843247890472	0.6968934834003448	2038
weapon	0.295332133769989	0.2672945261001587	0.27257776260375977	0.22576755285263062	9463
wear	0.1558467149734497	0.1741396188735962	0.16819703578948975	0.1500806212425232	26922
wedding	0.45776230096817017	0.45311635732650757	0.4559180736541748	0.3980725407600403	1784
week	0.2059970498085022	0.18434381484985352	0.18724077939987183	0.1697283387184143	53283
weigh	0.4200846552848816	0.4677080512046814	0.37830179929733276	0.32887494564056396	3198
west	0.3768919110298157	0.3312232494354248	0.3321307897567749	0.2562367916107178	20501
whiskey	0.43249237537384033	0.40781182050704956	0.41782569885253906	0.38166409730911255	1660
why	0.32306814193725586	0.3377932906150818	0.2564844489097595	0.2196178436279297	63347
widen	0.4367178678512573	0.5219629406929016	0.49439388513565063	0.4265938997268677	1152
william	0.42428189516067505	0.4262048602104187	0.389051616191864	0.32623034715652466	13379
window	0.22795671224594116	0.22016751766204834	0.35626447200775146	0.22065800428390503	25303
wine	0.4009554386138916	0.2938871383666992	0.3221122622489929	0.22258371114730835	7722
without	0.2857806086540222	0.27687525749206543	0.24246758222579956	0.1847074031829834	50409
woman	0.2257392406463623	0.206559956073761	0.1750984787940979	0.13558238744735718	80055
word	0.25488370656967163	0.26095151901245117	0.25309568643569946	0.2132476568222046	45152
worm	0.628833681344986	0.6021631360054016	0.6093402206897736	0.4879615306854248	1356
wounde	0.36354196071624756	0.3786483407020569	0.41061002016067505	0.38057827949523926	1401
wright	0.6434544920921326	0.6766824424266815	0.6346549093723297	0.6593573093414307	1417
wrong	0.3231646418571472	0.33641135692596436	0.29387956857681274	0.23803871870040894	17328
ye	0.556003987789154	0.5071412622928619	0.5539631545543671	0.5325588583946228	1960
